area_i,area_j,diff_i_minus_j,se,t,p_unc,ci_low,ci_high,p_adj_holm,sig
answer_A,answer_B,-120.022151661392,8.29352873067414,-14.471783430071508,1.826735149083452e-47,-136.2771692782615,-103.76713404452249,7.306940596333808e-47,★
answer_A,answer_C,38.19753209478955,8.29352873067414,4.605703233837434,4.110742847435265e-06,21.942514477920046,54.45254971165906,1.2332228542305796e-05,★
answer_A,answer_D,33.97589240286996,8.29352873067414,4.096675071156138,4.19126543697813e-05,17.720874786000454,50.23091001973947,8.38253087395626e-05,★
answer_B,answer_C,158.21968375618155,8.29352873067414,19.077486663908942,3.884967192853275e-81,141.96466613931204,174.47470137305106,2.330980315711965e-80,★
answer_B,answer_D,153.99804406426196,8.29352873067414,18.568458501227646,5.78397573349846e-77,137.74302644739245,170.25306168113147,2.89198786674923e-76,★
answer_C,answer_D,-4.2216396919195915,8.29352873067414,-0.5090281626812951,0.6107324838838992,-20.476657308789097,12.033377924949914,0.6107324838838992,
