area_i,area_j,diff_i_minus_j,se,t,p_unc,ci_low,ci_high,p_adj_holm,sig
answer_A,answer_B,0.4199802145430066,0.007667013999204802,54.777546328540105,0.0,0.4049531432356008,0.43500728585041243,0.0,★
answer_A,answer_C,0.5184106852764998,0.007667013999204803,67.6157217569014,0.0,0.503383613969094,0.5334377565839056,0.0,★
answer_A,answer_D,0.5068349135781413,0.007667013999204802,66.10590689291926,0.0,0.49180784227073543,0.521861984885547,0.0,★
answer_B,answer_C,0.0984304707334932,0.007667013999204799,12.838175428361307,1.0020840216394661e-37,0.08340339942608739,0.11345754204089901,3.0062520649183984e-37,★
answer_B,answer_D,0.08685469903513465,0.007667013999204802,11.328360564379162,9.496558762899166e-30,0.07182762772772884,0.10188177034254046,1.8993117525798333e-29,★
answer_C,answer_D,-0.01157577169835855,0.007667013999204802,-1.5098148639821385,0.1310906711801643,-0.02660284300576437,0.003451299609047267,0.1310906711801643,
