area,term,estimate,ci_low,ci_high
answer_A,C(area_label)[answer_A],1.1158932648747535,1.030052945657784,1.201733584091723
answer_B,C(area_label)[answer_B],1.6177695588229164,1.531929239605947,1.7036098780398858
answer_C,C(area_label)[answer_C],0.9284907201726357,0.8426504009556663,1.014331039389605
answer_D,C(area_label)[answer_D],0.9612034970208488,0.8753631778038795,1.0470438162378182
