area,term,estimate,ci_low,ci_high
answer_A,C(area_label)[answer_A],1.2504136824929033,1.1342366746238208,1.3665906903619858
answer_B,C(area_label)[answer_B],1.201914107027301,1.0857370991582185,1.3180911148963834
answer_C,C(area_label)[answer_C],1.6881473287355147,1.5719703208664322,1.8043243366045971
answer_D,C(area_label)[answer_D],1.055613940144797,0.9394369322757146,1.1717909480138795
