area,term,estimate,ci_low,ci_high
answer_A,C(area_label)[answer_A],1.3363240950183368,1.1536758661722795,1.5189723238643942
answer_B,C(area_label)[answer_B],1.231245103232689,1.0485968743866318,1.4138933320787461
answer_C,C(area_label)[answer_C],1.1621816890067358,0.9795334601606785,1.3448299178527932
answer_D,C(area_label)[answer_D],1.815464626829148,1.632816397983091,1.9981128556752052
