area_i,area_j,diff_i_minus_j,se,t,p_unc,ci_low,ci_high,p_adj_holm,sig
answer_A,answer_B,26.639567881814585,0.7192027241104311,37.040415711390125,2.5620336370393633e-300,25.229956444975045,28.049179318654126,1.0248134548157453e-299,★
answer_A,answer_C,34.216641553057045,0.7192027241104311,47.57579526047958,0.0,32.807030116217504,35.626252989896585,0.0,★
answer_A,answer_D,32.49098261400039,0.7192027241104311,45.17638980607019,0.0,31.081371177160847,33.90059405083993,0.0,★
answer_B,answer_C,7.577073671242459,0.7192027241104262,10.535379549089525,5.934340112976754e-26,6.167462234402928,8.986685108081991,1.7803020338930262e-25,★
answer_B,answer_D,5.851414732185802,0.7192027241104262,8.13597409468012,4.0863919504833293e-16,4.44180329534627,7.2610261690253335,8.172783900966659e-16,★
answer_C,answer_D,-1.7256589390566575,0.7192027241104262,-2.399405454409403,0.016421719993826255,-3.1352703758961895,-0.3160475022171254,0.016421719993826255,★
