area,term,estimate,ci_low,ci_high
answer_A,C(area_label)[answer_A],110.95883019601898,105.92212195552254,115.99553843651542
answer_B,C(area_label)[answer_B],139.9787203124385,134.94201207194206,145.01542855293494
answer_C,C(area_label)[answer_C],102.49850989344573,97.46180165294929,107.53521813394217
answer_D,C(area_label)[answer_D],102.15359656249562,97.11688832199918,107.19030480299206
