area_i,area_j,diff_i_minus_j,se,t,p_unc,ci_low,ci_high,p_adj_holm,sig
answer_A,answer_B,-0.021013628820921948,0.010687151917827802,-1.9662515310433648,0.04926956260617075,-0.0419600616771726,-6.719596467128983e-05,0.2956173756370245,
answer_A,answer_C,-0.009760492412508537,0.010687151917827802,-0.9132921930515973,0.36108888721036947,-0.030706925268759195,0.011185940443742121,1.0,
answer_A,answer_D,-0.010302932021166278,0.010708537087797832,-0.9621232047565365,0.3359877191076248,-0.03129127904036146,0.010685414998028907,1.0,
answer_B,answer_C,0.011253136408413411,0.010621310461733525,1.0594866282231585,0.2893782158546079,-0.009564249565202788,0.032070522382029606,1.0,
answer_B,answer_D,0.01071069679975567,0.010642639924163004,1.0063947362757384,0.3142257246807052,-0.010148494152031909,0.03156988775154325,1.0,
answer_C,answer_D,-0.000542439608657741,0.010642639924163004,-0.05096852026593406,0.9593506051199809,-0.02140163056044532,0.020316751343129838,1.0,
