area,term,estimate,ci_low,ci_high
answer_A,C(area_label)[answer_A],2.465172497600963,2.390448584900597,2.539896410301329
answer_B,C(area_label)[answer_B],2.486186126421885,2.411492104301567,2.560880148542203
answer_C,C(area_label)[answer_C],2.4749329900134716,2.4002389678931535,2.5496270121337896
answer_D,C(area_label)[answer_D],2.4754754296221293,2.400774104532594,2.5501767547116647
