area,term,estimate,ci_low,ci_high
answer_A,C(area_label)[answer_A],2.512872821920689,2.461752309039668,2.5639933348017103
answer_B,C(area_label)[answer_B],2.522545040015851,2.4714224550317985,2.5736676249999038
answer_C,C(area_label)[answer_C],2.5232084402948134,2.4720858833545205,2.5743309972351063
answer_D,C(area_label)[answer_D],2.526994923431538,2.475872442273332,2.578117404589744
