area,term,estimate,ci_low,ci_high
answer_A,C(area_label)[answer_A],2.5208030982955774,2.4686277980055866,2.572978398585568
answer_B,C(area_label)[answer_B],2.5123532382848404,2.460196448032146,2.564510028537535
answer_C,C(area_label)[answer_C],2.5249309737171663,2.472761026102554,2.5771009213317786
answer_D,C(area_label)[answer_D],2.5343223244941817,2.4821545207088773,2.586490128279486
