area_i,area_j,diff_i_minus_j,se,t,p_unc,ci_low,ci_high,p_adj_holm,sig
answer_A,answer_B,-0.009672218095162055,0.0013981005293444396,-6.9181134633410775,4.57697658044904e-12,-0.012412444779443543,-0.0069319914108805685,1.830790632179616e-11,★
answer_A,answer_C,-0.010335618374124333,0.0013979838457860612,-7.393231620865262,1.4330252920787974e-13,-0.01307561636283381,-0.007595620385414857,7.165126460393987e-13,★
answer_A,answer_D,-0.014122101510849028,0.0013972494217265735,-10.107072718196887,5.139703885876666e-24,-0.01686066005485253,-0.011383542966845527,3.083822331526e-23,★
answer_B,answer_C,-0.0006634002789622784,0.0014131388336513946,-0.4694515946802802,0.6387468765816153,-0.0034331014980739506,0.002106300940149394,0.6387468765816153,
answer_B,answer_D,-0.004449883415686973,0.0014126969426948117,-3.149920751720839,0.0016331475612816485,-0.007218718544438648,-0.0016810482869352972,0.0048994426838449455,★
answer_C,answer_D,-0.0037864831367246943,0.001412075859074494,-2.6815012185014195,0.00732926475158156,-0.006554100963949159,-0.0010188653095002291,0.01465852950316312,★
