area,term,estimate,ci_low,ci_high
answer_A,C(area_label)[answer_A],2.517742854851001,2.456815889762155,2.578669819939847
answer_B,C(area_label)[answer_B],2.520832708051157,2.459905772137054,2.5817596439652597
answer_C,C(area_label)[answer_C],2.5222166271953887,2.46129667540662,2.5831365789841576
answer_D,C(area_label)[answer_D],2.5259031789630675,2.464963064267998,2.586843293658137
