area_i,area_j,diff_i_minus_j,se,t,p_unc,ci_low,ci_high,p_adj_holm,sig
answer_A,answer_B,0.008449860010736998,0.004808796844901606,1.7571671840734402,0.07888931693392823,-0.0009752086142399939,0.01787492863571399,0.15777863386785645,
answer_A,answer_C,-0.004127875421588989,0.004836184265408685,-0.8535397319564623,0.3933600640167805,-0.013606622404389309,0.005350871561211331,0.3933600640167805,
answer_A,answer_D,-0.01351922619860435,0.004830845019109224,-2.798522027746029,0.0051337067682771225,-0.02298750845095314,-0.004050943946255563,0.025668533841385614,★
answer_B,answer_C,-0.012577735432325987,0.00479465332688166,-2.623283598379839,0.008708674864701463,-0.02197508327136919,-0.003180387593282782,0.03483469945880585,★
answer_B,answer_D,-0.02196908620934135,0.004790938856664387,-4.5855492767939365,4.5279446302493095e-06,-0.03135915382053705,-0.012579018598145647,2.7167667781495857e-05,★
answer_C,answer_D,-0.009391350777015361,0.004816391749007454,-1.9498726985716435,0.05119129390905596,-0.01883130514050585,4.860358647512837e-05,0.15357388172716788,
