area_i,area_j,diff_i_minus_j,se,t,p_unc,ci_low,ci_high,p_adj_holm,sig
answer_A,answer_B,-0.0030898532001559786,0.006347365298960111,-0.4867930321675656,0.6264050086850236,-0.01553046058283711,0.009350754182525152,1.0,
answer_A,answer_C,-0.00447377234438795,0.0063343014025937965,-0.7062771503983076,0.4800158002356505,-0.01688877496069334,0.00794123027191744,1.0,
answer_A,answer_D,-0.008160324112066686,0.006376142130268125,-1.2798215512368971,0.20060790258954853,-0.020657333047700708,0.004336684823567336,1.0,
answer_B,answer_C,-0.001383919144231971,0.0063066582781049945,-0.2194377883191424,0.8263090364435631,-0.013744742232119153,0.010976903943655211,1.0,
answer_B,answer_D,-0.005070470911910707,0.006351241168690265,-0.7983433123129735,0.4246712899385894,-0.017518674859671707,0.007377733035850294,1.0,
answer_C,answer_D,-0.0036865517676787363,0.006335316215737256,-0.5819049345194718,0.5606307165427944,-0.016103543381196343,0.008730439845838872,1.0,
