area_i,area_j,diff_i_minus_j,se,t,p_unc,ci_low,ci_high,p_adj_holm,sig
answer_A,answer_B,55.57429691431793,17.066875465709128,3.2562666216190626,0.0011288769126317434,22.123835672897776,89.02475815573808,0.00338663073789523,★
answer_A,answer_C,42.00439948423144,17.066875465709124,2.461165171599626,0.01384865940313149,8.553938242811299,75.45486072565159,0.02769731880626298,★
answer_A,answer_D,-92.48708754780205,17.066875465709135,-5.419098987018898,5.990014717569515e-08,-125.9375487892222,-59.03662630638188,2.396005887027806e-07,★
answer_B,answer_C,-13.569897430086485,17.066875465709124,-0.7951014500194373,0.4265544912572158,-47.02035867150663,19.88056381133366,0.4265544912572158,
answer_B,answer_D,-148.06138446211997,17.066875465709128,-8.675365608637962,4.1222395151940614e-18,-181.51184570354013,-114.61092322069982,2.473343709116437e-17,★
answer_C,answer_D,-134.4914870320335,17.066875465709124,-7.880264158618527,3.2668968563075485e-15,-167.94194827345365,-101.04102579061335,1.633448428153774e-14,★
