area,term,estimate,ci_low,ci_high
answer_A,C(area_label)[answer_A],291.73800733914754,256.3482441806171,327.127770497678
answer_B,C(area_label)[answer_B],236.16371042482962,200.77394726629916,271.5534735833601
answer_C,C(area_label)[answer_C],249.7336078549161,214.34384469638564,285.12337101344656
answer_D,C(area_label)[answer_D],384.2250948869496,348.83533172841913,419.61485804548005
