area,term,estimate,ci_low,ci_high
answer_A,C(area_label)[answer_A],239.3170846341938,215.44048498409848,263.19368428428913
answer_B,C(area_label)[answer_B],233.61149104937485,209.73489139927952,257.48809069947015
answer_C,C(area_label)[answer_C],358.2421336061243,334.36553395602897,382.1187332562196
answer_D,C(area_label)[answer_D],209.94048750226833,186.063887852173,233.81708715236365
