area_i,area_j,diff_i_minus_j,se,t,p_unc,ci_low,ci_high,p_adj_holm,sig
answer_A,answer_B,5.705593584818956,10.792529705384384,0.528661374169991,0.5970403765589896,-15.447375939813117,26.85856310945103,0.5970403765589896,
answer_A,answer_C,-118.9250489719305,10.792529705384386,-11.019200522802256,3.08789393716223e-28,-140.07801849656258,-97.77207944729841,1.235157574864892e-27,★
answer_A,answer_D,29.37659713192548,10.792529705384384,2.7219380380551117,0.006490030981903441,8.223627607293405,50.52956665655755,0.019470092945710324,★
answer_B,answer_C,-124.63064255674945,10.792529705384384,-11.547861896972249,7.567976964212933e-31,-145.78361208138153,-103.47767303211738,3.783988482106467e-30,★
answer_B,answer_D,23.671003547106523,10.792529705384386,2.19327666388512,0.02828745192104337,2.5180340224744455,44.8239730717386,0.05657490384208674,
answer_C,answer_D,148.30164610385597,10.792529705384384,13.741138560857369,5.7563367915437474e-43,127.1486765792239,169.45461562848806,3.453802074926248e-42,★
