{
  "contingency_table": [
    [
      40089,
      12306
    ],
    [
      603424,
      104809
    ]
  ],
  "odds_ratio": 0.5658278379209719,
  "p_value": 0.0,
  "counts": {
    "pattern_present": {
      "correct": 40089,
      "incorrect": 12306,
      "n": 52395
    },
    "pattern_absent": {
      "correct": 603424,
      "incorrect": 104809,
      "n": 708233
    }
  },
  "accuracies": {
    "pattern_present": 0.765130260521042,
    "pattern_absent": 0.8520133910732768
  },
  "delta_accuracy": -0.08688313055223473
}