group,n,k_correct,accuracy,ci_low,ci_high
XYXY absent,18394,15552,0.8454930955746439,0.8401976773934949,0.8506442309312294
XYXY present,1042,787,0.755278310940499,0.7282674457144839,0.7804137924385978
