{
  "contingency_table": [
    [
      31138,
      9704
    ],
    [
      612375,
      107411
    ]
  ],
  "odds_ratio": 0.5628222187107855,
  "p_value": 0.0,
  "counts": {
    "pattern_present": {
      "correct": 31138,
      "incorrect": 9704,
      "n": 40842
    },
    "pattern_absent": {
      "correct": 612375,
      "incorrect": 107411,
      "n": 719786
    }
  },
  "accuracies": {
    "pattern_present": 0.7624014494882719,
    "pattern_absent": 0.8507737021837046
  },
  "delta_accuracy": -0.0883722526954327
}