{
  "contingency_table": [
    [
      171360,
      40370
    ],
    [
      472153,
      76745
    ]
  ],
  "odds_ratio": 0.6899506704817931,
  "p_value": 0.0,
  "counts": {
    "pattern_present": {
      "correct": 171360,
      "incorrect": 40370,
      "n": 211730
    },
    "pattern_absent": {
      "correct": 472153,
      "incorrect": 76745,
      "n": 548898
    }
  },
  "accuracies": {
    "pattern_present": 0.8093326406272139,
    "pattern_absent": 0.8601834949298413
  },
  "delta_accuracy": -0.05085085430262737
}