group,n,k_correct,accuracy,ci_low,ci_high
XYXY absent,18391,15549,0.8454678919036486,0.8401716931941797,0.8506197947847111
XYXY present,1045,790,0.7559808612440191,0.7290326529159052,0.7810539035288429
