{
  "contingency_table": [
    [
      31046,
      9704
    ],
    [
      612467,
      107411
    ]
  ],
  "odds_ratio": 0.5610750172745818,
  "p_value": 0.0,
  "counts": {
    "pattern_present": {
      "correct": 31046,
      "incorrect": 9704,
      "n": 40750
    },
    "pattern_absent": {
      "correct": 612467,
      "incorrect": 107411,
      "n": 719878
    }
  },
  "accuracies": {
    "pattern_present": 0.7618650306748467,
    "pattern_absent": 0.8507927732199068
  },
  "delta_accuracy": -0.08892774254506008
}