group,n,k_correct,accuracy,ci_low,ci_high
XYX absent,13965,11936,0.8547081990691013,0.8487659011073062,0.860455398960983
XYX present,5471,4403,0.8047888868579784,0.7940734665532776,0.8150765771667088
