group,n,k_correct,accuracy,ci_low,ci_high
XYXY absent,9205,7514,0.8162954915806627,0.808253159746929,0.8240739290369633
XYXY present,512,376,0.734375,0.694475011463465,0.7707840913308812
