{
  "contingency_table": [
    [
      14930,
      5094
    ],
    [
      297276,
      62978
    ]
  ],
  "odds_ratio": 0.6209117565138361,
  "p_value": 1.0950582010503539e-164,
  "counts": {
    "pattern_present": {
      "correct": 14930,
      "incorrect": 5094,
      "n": 20024
    },
    "pattern_absent": {
      "correct": 297276,
      "incorrect": 62978,
      "n": 360254
    }
  },
  "accuracies": {
    "pattern_present": 0.7456052736715941,
    "pattern_absent": 0.8251844531913595
  },
  "delta_accuracy": -0.07957917951976534
}