{
  "contingency_table": [
    [
      20151,
      6794
    ],
    [
      292055,
      61278
    ]
  ],
  "odds_ratio": 0.6223160429449397,
  "p_value": 5.826737909061018e-213,
  "counts": {
    "pattern_present": {
      "correct": 20151,
      "incorrect": 6794,
      "n": 26945
    },
    "pattern_absent": {
      "correct": 292055,
      "incorrect": 61278,
      "n": 353333
    }
  },
  "accuracies": {
    "pattern_present": 0.747856745221748,
    "pattern_absent": 0.8265715345014476
  },
  "delta_accuracy": -0.07871478927969955
}