{
  "contingency_table": [
    [
      84277,
      24021
    ],
    [
      227929,
      44051
    ]
  ],
  "odds_ratio": 0.6780694393002069,
  "p_value": 0.0,
  "counts": {
    "pattern_present": {
      "correct": 84277,
      "incorrect": 24021,
      "n": 108298
    },
    "pattern_absent": {
      "correct": 227929,
      "incorrect": 44051,
      "n": 271980
    }
  },
  "accuracies": {
    "pattern_present": 0.7781953498679569,
    "pattern_absent": 0.8380358849915435
  },
  "delta_accuracy": -0.05984053512358656
}