group,n,k_correct,accuracy,ci_low,ci_high
XYXY absent,9027,7386,0.8182120305749419,0.8101211151347208,0.8260322196773967
XYXY present,690,504,0.7304347826086957,0.6961164589021595,0.7622014050022244
