group,n,k_correct,accuracy,ci_low,ci_high
XYX absent,6919,5740,0.8295996531290649,0.8205579308364362,0.8382755747575673
XYX present,2798,2150,0.7684060042887777,0.7524132173137051,0.783662769280255
