group,n,k_correct,accuracy,ci_low,ci_high
XYXY absent,9202,7511,0.8162356009563139,0.8081909633653469,0.8240163081566833
XYXY present,515,379,0.7359223300970874,0.6962020288409737,0.7721490054631376
