{
  "contingency_table": [
    [
      87083,
      16349
    ],
    [
      244224,
      32694
    ]
  ],
  "odds_ratio": 0.7130531560673801,
  "p_value": 4.350861981582517e-227,
  "counts": {
    "pattern_present": {
      "correct": 87083,
      "incorrect": 16349,
      "n": 103432
    },
    "pattern_absent": {
      "correct": 244224,
      "incorrect": 32694,
      "n": 276918
    }
  },
  "accuracies": {
    "pattern_present": 0.8419347977415114,
    "pattern_absent": 0.8819361688297619
  },
  "delta_accuracy": -0.040001371088250526
}