{
  "contingency_table": [
    [
      19938,
      5512
    ],
    [
      311369,
      43531
    ]
  ],
  "odds_ratio": 0.5057031453228267,
  "p_value": 0.0,
  "counts": {
    "pattern_present": {
      "correct": 19938,
      "incorrect": 5512,
      "n": 25450
    },
    "pattern_absent": {
      "correct": 311369,
      "incorrect": 43531,
      "n": 354900
    }
  },
  "accuracies": {
    "pattern_present": 0.7834184675834971,
    "pattern_absent": 0.8773429134967596
  },
  "delta_accuracy": -0.09392444591326254
}