{
  "contingency_table": [
    [
      74169,
      14825
    ],
    [
      257138,
      34218
    ]
  ],
  "odds_ratio": 0.6657575217942238,
  "p_value": 5.739244799753205e-305,
  "counts": {
    "pattern_present": {
      "correct": 74169,
      "incorrect": 14825,
      "n": 88994
    },
    "pattern_absent": {
      "correct": 257138,
      "incorrect": 34218,
      "n": 291356
    }
  },
  "accuracies": {
    "pattern_present": 0.8334157358923073,
    "pattern_absent": 0.8825560482708439
  },
  "delta_accuracy": -0.049140312378536555
}