area_label,question,answer_0(top),answer_1(left),answer_2(right),answer_3(bottom),group,metric,selected,questions
question,21.500197568405813,,,,,hunters,mean_dwell_time,A,included
answer_A,,251.37509253987653,248.25101995461003,239.46106976700872,224.47688679250766,hunters,mean_dwell_time,A,included
answer_B,,161.08408613295103,146.8412564265376,139.06783393912292,135.11029792472044,hunters,mean_dwell_time,A,included
answer_C,,131.91875759295442,126.90353786851216,121.93225541654708,122.45972254992411,hunters,mean_dwell_time,A,included
answer_D,,127.28758018579953,126.1122899737478,132.10565434539464,123.86969771162023,hunters,mean_dwell_time,A,included
question,34.572742331613924,,,,,hunters,mean_dwell_time,B,included
answer_A,,223.20254633321858,218.66225343195453,217.12030965829044,203.6728626407273,hunters,mean_dwell_time,B,included
answer_B,,331.3872437434406,341.24942581606905,324.30720510426397,345.2940114165879,hunters,mean_dwell_time,B,included
answer_C,,197.3901469621065,168.31952268987695,181.51011979658176,158.02417820135634,hunters,mean_dwell_time,B,included
answer_D,,198.3069065288453,187.73227444355163,151.07093036917598,185.33891337505327,hunters,mean_dwell_time,B,included
question,54.743801730145705,,,,,hunters,mean_dwell_time,C,included
answer_A,,246.42024336462538,233.11148290946286,258.31261558953867,234.13153297223113,hunters,mean_dwell_time,C,included
answer_B,,223.18808584684677,265.543024691358,209.45596561333403,232.19927195267752,hunters,mean_dwell_time,C,included
answer_C,,363.50566167750384,377.32976240822404,284.8330812288655,350.7223745959922,hunters,mean_dwell_time,C,included
answer_D,,260.13701402763905,163.81228048127088,179.34874804900315,196.4589447467737,hunters,mean_dwell_time,C,included
question,49.187809702230176,,,,,hunters,mean_dwell_time,D,included
answer_A,,285.01454830699015,205.71831444699092,269.4045284780579,281.01621693121695,hunters,mean_dwell_time,D,included
answer_B,,331.37941242784996,221.97754343042578,210.44908773765917,189.46123582766438,hunters,mean_dwell_time,D,included
answer_C,,206.96389906389905,202.57775717338217,205.11081442367154,290.7191356069405,hunters,mean_dwell_time,D,included
answer_D,,421.47331591173054,410.47219291125543,343.7094351250601,325.76131592421916,hunters,mean_dwell_time,D,included
question,27.23404407417096,,,,,gatherers,mean_dwell_time,A,included
answer_A,,264.5201514143186,269.1462760374408,248.27330775411022,229.6942377356308,gatherers,mean_dwell_time,A,included
answer_B,,172.79473055503155,162.37182424290134,160.16099184421984,158.19194253765076,gatherers,mean_dwell_time,A,included
answer_C,,144.55507404897523,146.62263359875638,138.78866021943315,137.21184138541423,gatherers,mean_dwell_time,A,included
answer_D,,146.83447927924962,136.32049082908338,140.81549778808574,141.9484758833082,gatherers,mean_dwell_time,A,included
question,48.56165512347989,,,,,gatherers,mean_dwell_time,B,included
answer_A,,267.2017290441254,230.09056196276958,222.81131347999377,244.8108986477778,gatherers,mean_dwell_time,B,included
answer_B,,358.11002724907223,398.3204731723987,346.26872144810454,332.49076115494483,gatherers,mean_dwell_time,B,included
answer_C,,208.40805910765803,180.24154703012886,172.0774099774668,172.7060035224951,gatherers,mean_dwell_time,B,included
answer_D,,203.15801381158525,168.22471333762655,170.97891021795516,168.87477178795172,gatherers,mean_dwell_time,B,included
question,60.1034212241725,,,,,gatherers,mean_dwell_time,C,included
answer_A,,254.30360882237815,244.3984382679071,221.5995057042851,244.13467416887082,gatherers,mean_dwell_time,C,included
answer_B,,273.28792519446364,237.30521591934635,222.4855628346013,213.12664875860344,gatherers,mean_dwell_time,C,included
answer_C,,369.4237910670004,345.7866593799778,386.7436056170377,337.774545221385,gatherers,mean_dwell_time,C,included
answer_D,,220.13327040545084,227.73086698814544,188.20039019140583,207.24532475354624,gatherers,mean_dwell_time,C,included
question,74.76099201162226,,,,,gatherers,mean_dwell_time,D,included
answer_A,,307.5487733420426,290.1919576534576,269.4136845793096,284.28539014882296,gatherers,mean_dwell_time,D,included
answer_B,,279.5090083961178,209.60241162346426,221.30242775883193,225.52887568084935,gatherers,mean_dwell_time,D,included
answer_C,,233.63629666901727,256.2556944263466,229.77443754162505,261.79142358260003,gatherers,mean_dwell_time,D,included
answer_D,,451.5130901577055,360.4414681672494,434.2469916556873,268.2378292472555,gatherers,mean_dwell_time,D,included
question,24.269035865149007,,,,,all_participants,mean_dwell_time,A,included
answer_A,,257.73652648925633,258.35659758349954,243.6772230488395,227.01028053778828,all_participants,mean_dwell_time,A,included
answer_B,,166.69434254143653,154.32114796432506,149.3130820644557,146.3077616132652,all_participants,mean_dwell_time,A,included
answer_C,,138.0175461311964,136.4588089951387,130.11122561292035,129.53034780805766,all_participants,mean_dwell_time,A,included
answer_D,,136.78368469324084,131.03027684935776,136.30545770157474,132.57937591036736,all_participants,mean_dwell_time,A,included
question,42.593907923280184,,,,,all_participants,mean_dwell_time,B,included
answer_A,,247.1319264040626,225.32228810864265,220.51472213731083,227.01166011051092,all_participants,mean_dwell_time,B,included
answer_B,,347.8652649813243,374.9672629898086,335.9695275765103,338.181094604564,all_participants,mean_dwell_time,B,included
answer_C,,203.65895904492032,174.90091169218798,176.27721173026322,167.12129006301888,all_participants,mean_dwell_time,B,included
answer_D,,201.0356543753865,176.65051437868337,163.20661671534958,176.23027948774475,all_participants,mean_dwell_time,B,included
question,57.975504354994136,,,,,all_participants,mean_dwell_time,C,included
answer_A,,251.39232448320806,239.83349187849186,235.57813750159923,239.78731744628058,all_participants,mean_dwell_time,C,included
answer_B,,252.2638854682316,248.45171938198254,217.5540419739623,220.70781697382117,all_participants,mean_dwell_time,C,included
answer_C,,367.15676569602385,358.15377906946645,346.1597684713054,343.14708853035063,all_participants,mean_dwell_time,C,included
answer_D,,236.90339873614982,202.35860364190518,184.36206749248785,203.60192528459194,all_participants,mean_dwell_time,C,included
question,65.3032700869809,,,,,all_participants,mean_dwell_time,D,included
answer_A,,299.5407429576851,258.51434145103264,269.41050797275284,282.9718830524634,all_participants,mean_dwell_time,D,included
answer_B,,296.7991430733618,214.51317821352836,217.38627414294484,211.80749095409422,all_participants,mean_dwell_time,D,included
answer_C,,222.72486128510528,236.55736882892847,221.05497482315667,272.1047817825823,all_participants,mean_dwell_time,D,included
answer_D,,439.8939321946398,377.11837641525136,397.1033787200454,287.6207432362324,all_participants,mean_dwell_time,D,included
answer_A,,251.37509253987653,248.25101995461003,239.46106976700872,224.47688679250766,hunters,mean_dwell_time,A,removed
answer_B,,161.08408613295103,146.8412564265376,139.06783393912292,135.11029792472044,hunters,mean_dwell_time,A,removed
answer_C,,131.91875759295442,126.90353786851216,121.93225541654708,122.45972254992411,hunters,mean_dwell_time,A,removed
answer_D,,127.28758018579953,126.1122899737478,132.10565434539464,123.86969771162023,hunters,mean_dwell_time,A,removed
answer_A,,223.20254633321858,218.66225343195453,217.12030965829044,203.6728626407273,hunters,mean_dwell_time,B,removed
answer_B,,331.3872437434406,341.24942581606905,324.30720510426397,345.2940114165879,hunters,mean_dwell_time,B,removed
answer_C,,197.3901469621065,168.31952268987695,181.51011979658176,158.02417820135634,hunters,mean_dwell_time,B,removed
answer_D,,198.3069065288453,187.73227444355163,151.07093036917598,185.33891337505327,hunters,mean_dwell_time,B,removed
answer_A,,246.42024336462538,233.11148290946286,258.31261558953867,234.13153297223113,hunters,mean_dwell_time,C,removed
answer_B,,223.18808584684677,265.543024691358,209.45596561333403,232.19927195267752,hunters,mean_dwell_time,C,removed
answer_C,,363.50566167750384,377.32976240822404,284.8330812288655,350.7223745959922,hunters,mean_dwell_time,C,removed
answer_D,,260.13701402763905,163.81228048127088,179.34874804900315,196.4589447467737,hunters,mean_dwell_time,C,removed
answer_A,,285.01454830699015,205.71831444699092,269.4045284780579,281.01621693121695,hunters,mean_dwell_time,D,removed
answer_B,,331.37941242784996,221.97754343042578,210.44908773765917,189.46123582766438,hunters,mean_dwell_time,D,removed
answer_C,,206.96389906389905,202.57775717338217,205.11081442367154,290.7191356069405,hunters,mean_dwell_time,D,removed
answer_D,,421.47331591173054,410.47219291125543,343.7094351250601,325.76131592421916,hunters,mean_dwell_time,D,removed
answer_A,,264.5201514143186,269.1462760374408,248.27330775411022,229.6942377356308,gatherers,mean_dwell_time,A,removed
answer_B,,172.79473055503155,162.37182424290134,160.16099184421984,158.19194253765076,gatherers,mean_dwell_time,A,removed
answer_C,,144.55507404897523,146.62263359875638,138.78866021943315,137.21184138541423,gatherers,mean_dwell_time,A,removed
answer_D,,146.83447927924962,136.32049082908338,140.81549778808574,141.9484758833082,gatherers,mean_dwell_time,A,removed
answer_A,,267.2017290441254,230.09056196276958,222.81131347999377,244.8108986477778,gatherers,mean_dwell_time,B,removed
answer_B,,358.11002724907223,398.3204731723987,346.26872144810454,332.49076115494483,gatherers,mean_dwell_time,B,removed
answer_C,,208.40805910765803,180.24154703012886,172.0774099774668,172.7060035224951,gatherers,mean_dwell_time,B,removed
answer_D,,203.15801381158525,168.22471333762655,170.97891021795516,168.87477178795172,gatherers,mean_dwell_time,B,removed
answer_A,,254.30360882237815,244.3984382679071,221.5995057042851,244.13467416887082,gatherers,mean_dwell_time,C,removed
answer_B,,273.28792519446364,237.30521591934635,222.4855628346013,213.12664875860344,gatherers,mean_dwell_time,C,removed
answer_C,,369.4237910670004,345.7866593799778,386.7436056170377,337.774545221385,gatherers,mean_dwell_time,C,removed
answer_D,,220.13327040545084,227.73086698814544,188.20039019140583,207.24532475354624,gatherers,mean_dwell_time,C,removed
answer_A,,307.5487733420426,290.1919576534576,269.4136845793096,284.28539014882296,gatherers,mean_dwell_time,D,removed
answer_B,,279.5090083961178,209.60241162346426,221.30242775883193,225.52887568084935,gatherers,mean_dwell_time,D,removed
answer_C,,233.63629666901727,256.2556944263466,229.77443754162505,261.79142358260003,gatherers,mean_dwell_time,D,removed
answer_D,,451.5130901577055,360.4414681672494,434.2469916556873,268.2378292472555,gatherers,mean_dwell_time,D,removed
answer_A,,257.73652648925633,258.35659758349954,243.6772230488395,227.01028053778828,all_participants,mean_dwell_time,A,removed
answer_B,,166.69434254143653,154.32114796432506,149.3130820644557,146.3077616132652,all_participants,mean_dwell_time,A,removed
answer_C,,138.0175461311964,136.4588089951387,130.11122561292035,129.53034780805766,all_participants,mean_dwell_time,A,removed
answer_D,,136.78368469324084,131.03027684935776,136.30545770157474,132.57937591036736,all_participants,mean_dwell_time,A,removed
answer_A,,247.1319264040626,225.32228810864265,220.51472213731083,227.01166011051092,all_participants,mean_dwell_time,B,removed
answer_B,,347.8652649813243,374.9672629898086,335.9695275765103,338.181094604564,all_participants,mean_dwell_time,B,removed
answer_C,,203.65895904492032,174.90091169218798,176.27721173026322,167.12129006301888,all_participants,mean_dwell_time,B,removed
answer_D,,201.0356543753865,176.65051437868337,163.20661671534958,176.23027948774475,all_participants,mean_dwell_time,B,removed
answer_A,,251.39232448320806,239.83349187849186,235.57813750159923,239.78731744628058,all_participants,mean_dwell_time,C,removed
answer_B,,252.2638854682316,248.45171938198254,217.5540419739623,220.70781697382117,all_participants,mean_dwell_time,C,removed
answer_C,,367.15676569602385,358.15377906946645,346.1597684713054,343.14708853035063,all_participants,mean_dwell_time,C,removed
answer_D,,236.90339873614982,202.35860364190518,184.36206749248785,203.60192528459194,all_participants,mean_dwell_time,C,removed
answer_A,,299.5407429576851,258.51434145103264,269.41050797275284,282.9718830524634,all_participants,mean_dwell_time,D,removed
answer_B,,296.7991430733618,214.51317821352836,217.38627414294484,211.80749095409422,all_participants,mean_dwell_time,D,removed
answer_C,,222.72486128510528,236.55736882892847,221.05497482315667,272.1047817825823,all_participants,mean_dwell_time,D,removed
answer_D,,439.8939321946398,377.11837641525136,397.1033787200454,287.6207432362324,all_participants,mean_dwell_time,D,removed
question,0.1350899404371988,,,,,hunters,mean_fixations_count,A,included
answer_A,,1.3024114771823214,1.1818956165716759,1.190806587754961,1.162081765078537,hunters,mean_fixations_count,A,included
answer_B,,0.89297614010037,0.7666047552322289,0.7430196270128396,0.7551892316471787,hunters,mean_fixations_count,A,included
answer_C,,0.7356051589263365,0.6721080723999178,0.6644918958276038,0.6910451927987415,hunters,mean_fixations_count,A,included
answer_D,,0.7292330114853699,0.6694589921457391,0.7083012435492547,0.7027091420100394,hunters,mean_fixations_count,A,included
question,0.20334407529803514,,,,,hunters,mean_fixations_count,B,included
answer_A,,1.1897821482905515,1.08976318065992,1.0945948434959423,1.1126800445452907,hunters,mean_fixations_count,B,included
answer_B,,1.7030174919969392,1.6014925695403224,1.5399405673302733,1.6624481244379203,hunters,mean_fixations_count,B,included
answer_C,,1.0257845328690918,0.8712183455944597,0.940122103526476,0.8897475525666425,hunters,mean_fixations_count,B,included
answer_D,,1.1011457505079953,0.9258016289266289,0.8035389074862759,1.0139477678337783,hunters,mean_fixations_count,B,included
question,0.29601146577200366,,,,,hunters,mean_fixations_count,C,included
answer_A,,1.283225918900076,1.173213362806123,1.2917443819916348,1.198589285896539,hunters,mean_fixations_count,C,included
answer_B,,1.1868897268772112,1.2745225145225145,1.0994404718088928,1.1906590665955992,hunters,mean_fixations_count,C,included
answer_C,,1.800891389312442,1.6873856425574867,1.4726784118205687,1.7188228046463339,hunters,mean_fixations_count,C,included
answer_D,,1.325573645104895,0.8631929768949,0.9783713168917251,1.0027674445437602,hunters,mean_fixations_count,C,included
question,0.2741496313284239,,,,,hunters,mean_fixations_count,D,included
answer_A,,1.483126950568811,1.0009934074639957,1.2780228758169934,1.5025925925925925,hunters,mean_fixations_count,D,included
answer_B,,1.7411852904040404,1.15265180244592,1.0566230594802024,1.0019820655534941,hunters,mean_fixations_count,D,included
answer_C,,1.1955848164181497,1.0350890082140083,1.0495617874189302,1.371336184141062,hunters,mean_fixations_count,D,included
answer_D,,2.048790166473093,1.882155257936508,1.7509484728234728,1.529941116231439,hunters,mean_fixations_count,D,included
question,0.16475294656475423,,,,,gatherers,mean_fixations_count,A,included
answer_A,,1.3619511074567872,1.266704061927395,1.2171820991821598,1.200078827920825,gatherers,mean_fixations_count,A,included
answer_B,,0.9409829968447019,0.8350782569914886,0.8468230006125933,0.8492432555601512,gatherers,mean_fixations_count,A,included
answer_C,,0.8019152194677405,0.7481652144277903,0.7405847685012983,0.7636596494094011,gatherers,mean_fixations_count,A,included
answer_D,,0.817212567761744,0.7183907748837765,0.7463233486223435,0.7920483719645306,gatherers,mean_fixations_count,A,included
question,0.26773920954346647,,,,,gatherers,mean_fixations_count,B,included
answer_A,,1.3523810930492957,1.1303609347469499,1.131227260967038,1.2315893739789368,gatherers,mean_fixations_count,B,included
answer_B,,1.7555779322633256,1.7500228243819453,1.6340134793056873,1.6161649291751332,gatherers,mean_fixations_count,B,included
answer_C,,1.0634607711312256,0.9201669172197138,0.8891533986364837,0.9557955731275058,gatherers,mean_fixations_count,B,included
answer_D,,1.075198699008223,0.8542593884536033,0.9098230213398752,0.9187540028544212,gatherers,mean_fixations_count,B,included
question,0.3316860898695073,,,,,gatherers,mean_fixations_count,C,included
answer_A,,1.2883852119242984,1.2112277538089653,1.1005994050111698,1.2268305626185345,gatherers,mean_fixations_count,C,included
answer_B,,1.3901176174253098,1.2111169828561132,1.1214378748032594,1.1135779276097904,gatherers,mean_fixations_count,C,included
answer_C,,1.8251725009366302,1.5470531209341951,1.831183008048276,1.6523491550400187,gatherers,mean_fixations_count,C,included
answer_D,,1.1853336930404599,1.076647807185782,0.9791170201326451,1.1163471502397677,gatherers,mean_fixations_count,C,included
question,0.3878288737532435,,,,,gatherers,mean_fixations_count,D,included
answer_A,,1.5461449519141828,1.3714993894993897,1.2508419098262848,1.3762610109625035,gatherers,mean_fixations_count,D,included
answer_B,,1.4201735547438672,1.035125437428069,1.1791475733838161,1.1768383906541802,gatherers,mean_fixations_count,D,included
answer_C,,1.2142848164906987,1.2031579129405217,1.16288433278323,1.322740662446545,gatherers,mean_fixations_count,D,included
answer_D,,2.1700096911635374,1.7054966734654236,1.920214568040655,1.3606349024381812,gatherers,mean_fixations_count,D,included
question,0.14941401892097458,,,,,all_participants,mean_fixations_count,A,included
answer_A,,1.3312251499835843,1.2229115450068324,1.2034257656784937,1.180532032732195,all_participants,mean_fixations_count,A,included
answer_B,,0.9159749406781852,0.7995832253324728,0.7934384084755772,0.8008171119472266,all_participants,mean_fixations_count,A,included
answer_C,,0.767609029564394,0.7089630389325877,0.7014132527262003,0.7258489804269825,all_participants,mean_fixations_count,A,included
answer_D,,0.7719744743089395,0.6930327705927106,0.7266351396227819,0.7457494368816279,all_participants,mean_fixations_count,A,included
question,0.2402678908057366,,,,,all_participants,mean_fixations_count,B,included
answer_A,,1.278213153334781,1.1134221892775313,1.1164443341826933,1.1801407457913107,all_participants,mean_fixations_count,B,included
answer_B,,1.7354277403829095,1.6892449269984766,1.5898965274827344,1.6367352381808165,all_participants,mean_fixations_count,B,included
answer_C,,1.0472210132596163,0.8982397290255953,0.9118466077184564,0.930672043775407,all_participants,mean_fixations_count,B,included
answer_D,,1.0865505340393733,0.8851602622729383,0.868328538534018,0.9612826987826987,all_participants,mean_fixations_count,B,included
question,0.31752227945287637,,,,,all_participants,mean_fixations_count,C,included
answer_A,,1.2864799128406645,1.1958530445589268,1.1733784548238153,1.2145569275874564,all_participants,mean_fixations_count,C,included
answer_B,,1.3048344847845896,1.2361454821981137,1.1131121645065867,1.1442168740685845,all_participants,mean_fixations_count,C,included
answer_C,,1.8158712686612353,1.6020733606895823,1.6884156909664458,1.679931582262556,all_participants,mean_fixations_count,C,included
answer_D,,1.2441242406307909,0.9919176455435997,0.9787936620901223,1.0779824496491164,all_participants,mean_fixations_count,C,included
question,0.3457869154842104,,,,,all_participants,mean_fixations_count,D,included
answer_A,,1.5237501249897942,1.2325596462361168,1.2602720408842858,1.427019235724593,all_participants,mean_fixations_count,D,included
answer_B,,1.5271774666305917,1.081762883863724,1.1349376972330278,1.1103169626267453,all_participants,mean_fixations_count,D,included
answer_C,,1.2066348164610197,1.1414812506555625,1.122820806644336,1.340066022355025,all_participants,mean_fixations_count,D,included
answer_D,,2.1231228938776106,1.7643828682891183,1.850772067438734,1.4176837353467788,all_participants,mean_fixations_count,D,included
answer_A,,1.3024114771823214,1.1818956165716759,1.190806587754961,1.162081765078537,hunters,mean_fixations_count,A,removed
answer_B,,0.89297614010037,0.7666047552322289,0.7430196270128396,0.7551892316471787,hunters,mean_fixations_count,A,removed
answer_C,,0.7356051589263365,0.6721080723999178,0.6644918958276038,0.6910451927987415,hunters,mean_fixations_count,A,removed
answer_D,,0.7292330114853699,0.6694589921457391,0.7083012435492547,0.7027091420100394,hunters,mean_fixations_count,A,removed
answer_A,,1.1897821482905515,1.08976318065992,1.0945948434959423,1.1126800445452907,hunters,mean_fixations_count,B,removed
answer_B,,1.7030174919969392,1.6014925695403224,1.5399405673302733,1.6624481244379203,hunters,mean_fixations_count,B,removed
answer_C,,1.0257845328690918,0.8712183455944597,0.940122103526476,0.8897475525666425,hunters,mean_fixations_count,B,removed
answer_D,,1.1011457505079953,0.9258016289266289,0.8035389074862759,1.0139477678337783,hunters,mean_fixations_count,B,removed
answer_A,,1.283225918900076,1.173213362806123,1.2917443819916348,1.198589285896539,hunters,mean_fixations_count,C,removed
answer_B,,1.1868897268772112,1.2745225145225145,1.0994404718088928,1.1906590665955992,hunters,mean_fixations_count,C,removed
answer_C,,1.800891389312442,1.6873856425574867,1.4726784118205687,1.7188228046463339,hunters,mean_fixations_count,C,removed
answer_D,,1.325573645104895,0.8631929768949,0.9783713168917251,1.0027674445437602,hunters,mean_fixations_count,C,removed
answer_A,,1.483126950568811,1.0009934074639957,1.2780228758169934,1.5025925925925925,hunters,mean_fixations_count,D,removed
answer_B,,1.7411852904040404,1.15265180244592,1.0566230594802024,1.0019820655534941,hunters,mean_fixations_count,D,removed
answer_C,,1.1955848164181497,1.0350890082140083,1.0495617874189302,1.371336184141062,hunters,mean_fixations_count,D,removed
answer_D,,2.048790166473093,1.882155257936508,1.7509484728234728,1.529941116231439,hunters,mean_fixations_count,D,removed
answer_A,,1.3619511074567872,1.266704061927395,1.2171820991821598,1.200078827920825,gatherers,mean_fixations_count,A,removed
answer_B,,0.9409829968447019,0.8350782569914886,0.8468230006125933,0.8492432555601512,gatherers,mean_fixations_count,A,removed
answer_C,,0.8019152194677405,0.7481652144277903,0.7405847685012983,0.7636596494094011,gatherers,mean_fixations_count,A,removed
answer_D,,0.817212567761744,0.7183907748837765,0.7463233486223435,0.7920483719645306,gatherers,mean_fixations_count,A,removed
answer_A,,1.3523810930492957,1.1303609347469499,1.131227260967038,1.2315893739789368,gatherers,mean_fixations_count,B,removed
answer_B,,1.7555779322633256,1.7500228243819453,1.6340134793056873,1.6161649291751332,gatherers,mean_fixations_count,B,removed
answer_C,,1.0634607711312256,0.9201669172197138,0.8891533986364837,0.9557955731275058,gatherers,mean_fixations_count,B,removed
answer_D,,1.075198699008223,0.8542593884536033,0.9098230213398752,0.9187540028544212,gatherers,mean_fixations_count,B,removed
answer_A,,1.2883852119242984,1.2112277538089653,1.1005994050111698,1.2268305626185345,gatherers,mean_fixations_count,C,removed
answer_B,,1.3901176174253098,1.2111169828561132,1.1214378748032594,1.1135779276097904,gatherers,mean_fixations_count,C,removed
answer_C,,1.8251725009366302,1.5470531209341951,1.831183008048276,1.6523491550400187,gatherers,mean_fixations_count,C,removed
answer_D,,1.1853336930404599,1.076647807185782,0.9791170201326451,1.1163471502397677,gatherers,mean_fixations_count,C,removed
answer_A,,1.5461449519141828,1.3714993894993897,1.2508419098262848,1.3762610109625035,gatherers,mean_fixations_count,D,removed
answer_B,,1.4201735547438672,1.035125437428069,1.1791475733838161,1.1768383906541802,gatherers,mean_fixations_count,D,removed
answer_C,,1.2142848164906987,1.2031579129405217,1.16288433278323,1.322740662446545,gatherers,mean_fixations_count,D,removed
answer_D,,2.1700096911635374,1.7054966734654236,1.920214568040655,1.3606349024381812,gatherers,mean_fixations_count,D,removed
answer_A,,1.3312251499835843,1.2229115450068324,1.2034257656784937,1.180532032732195,all_participants,mean_fixations_count,A,removed
answer_B,,0.9159749406781852,0.7995832253324728,0.7934384084755772,0.8008171119472266,all_participants,mean_fixations_count,A,removed
answer_C,,0.767609029564394,0.7089630389325877,0.7014132527262003,0.7258489804269825,all_participants,mean_fixations_count,A,removed
answer_D,,0.7719744743089395,0.6930327705927106,0.7266351396227819,0.7457494368816279,all_participants,mean_fixations_count,A,removed
answer_A,,1.278213153334781,1.1134221892775313,1.1164443341826933,1.1801407457913107,all_participants,mean_fixations_count,B,removed
answer_B,,1.7354277403829095,1.6892449269984766,1.5898965274827344,1.6367352381808165,all_participants,mean_fixations_count,B,removed
answer_C,,1.0472210132596163,0.8982397290255953,0.9118466077184564,0.930672043775407,all_participants,mean_fixations_count,B,removed
answer_D,,1.0865505340393733,0.8851602622729383,0.868328538534018,0.9612826987826987,all_participants,mean_fixations_count,B,removed
answer_A,,1.2864799128406645,1.1958530445589268,1.1733784548238153,1.2145569275874564,all_participants,mean_fixations_count,C,removed
answer_B,,1.3048344847845896,1.2361454821981137,1.1131121645065867,1.1442168740685845,all_participants,mean_fixations_count,C,removed
answer_C,,1.8158712686612353,1.6020733606895823,1.6884156909664458,1.679931582262556,all_participants,mean_fixations_count,C,removed
answer_D,,1.2441242406307909,0.9919176455435997,0.9787936620901223,1.0779824496491164,all_participants,mean_fixations_count,C,removed
answer_A,,1.5237501249897942,1.2325596462361168,1.2602720408842858,1.427019235724593,all_participants,mean_fixations_count,D,removed
answer_B,,1.5271774666305917,1.081762883863724,1.1349376972330278,1.1103169626267453,all_participants,mean_fixations_count,D,removed
answer_C,,1.2066348164610197,1.1414812506555625,1.122820806644336,1.340066022355025,all_participants,mean_fixations_count,D,removed
answer_D,,2.1231228938776106,1.7643828682891183,1.850772067438734,1.4176837353467788,all_participants,mean_fixations_count,D,removed
question,146.55425222142495,,,,,hunters,mean_first_fixation_duration,A,included
answer_A,,184.23098171084115,205.01161287286814,196.2853329847624,186.2675504604694,hunters,mean_first_fixation_duration,A,included
answer_B,,173.1947556972606,189.5629636914469,187.87192248702559,178.4745959884934,hunters,mean_first_fixation_duration,A,included
answer_C,,172.52304268859015,187.5547659419066,182.78486216887026,176.48756609024684,hunters,mean_first_fixation_duration,A,included
answer_D,,171.76308557487388,189.55750399680255,187.24001429548534,175.37063551976738,hunters,mean_first_fixation_duration,A,included
question,154.07527001225384,,,,,hunters,mean_first_fixation_duration,B,included
answer_A,,178.7485461350518,192.72980248717244,197.21343877082515,182.94325039617593,hunters,mean_first_fixation_duration,B,included
answer_B,,186.2623271037905,210.60284136767189,196.92455559718059,189.247725977726,hunters,mean_first_fixation_duration,B,included
answer_C,,180.4925820742831,189.53873626373624,188.2264542874878,174.17326506101014,hunters,mean_first_fixation_duration,B,included
answer_D,,169.06790418916708,191.4047905643739,186.27205687830687,179.61950144698764,hunters,mean_first_fixation_duration,B,included
question,155.7067699976791,,,,,hunters,mean_first_fixation_duration,C,included
answer_A,,180.2781096747964,192.13478084415584,188.082392545033,183.4509631684389,hunters,mean_first_fixation_duration,C,included
answer_B,,175.29903326578858,196.1259184947387,192.53113508355443,190.57735240949526,hunters,mean_first_fixation_duration,C,included
answer_C,,184.1920834484664,197.9358876918536,189.72348241645992,187.72649365225124,hunters,mean_first_fixation_duration,C,included
answer_D,,179.2826440698781,189.33879387938794,183.4713250517598,179.59047619047618,hunters,mean_first_fixation_duration,C,included
question,160.64845141308555,,,,,hunters,mean_first_fixation_duration,D,included
answer_A,,180.5390273163529,207.32357142857143,206.828431372549,176.51472868217053,hunters,mean_first_fixation_duration,D,included
answer_B,,177.64810267857143,188.76056349206348,194.78632653061223,191.09755102040813,hunters,mean_first_fixation_duration,D,included
answer_C,,165.20048801507133,197.6580608974359,203.00563492063492,183.4227712666737,hunters,mean_first_fixation_duration,D,included
answer_D,,190.8523519163763,191.6825268817204,188.71475694444442,205.69861751152072,hunters,mean_first_fixation_duration,D,included
question,141.32445151158464,,,,,gatherers,mean_first_fixation_duration,A,included
answer_A,,183.2845821309023,203.38836772282247,196.17817962152074,184.6231601151664,gatherers,mean_first_fixation_duration,A,included
answer_B,,173.6375261991177,193.19203751046268,188.69995915664927,182.1017671223585,gatherers,mean_first_fixation_duration,A,included
answer_C,,173.0117730652605,190.82508075497557,186.79577420181099,176.1359602953353,gatherers,mean_first_fixation_duration,A,included
answer_D,,171.26399072295226,188.432450280498,189.68521179185586,176.23928023035165,gatherers,mean_first_fixation_duration,A,included
question,153.6298587446504,,,,,gatherers,mean_first_fixation_duration,B,included
answer_A,,180.14410038300224,193.2789492063492,194.2274811608145,181.09278095238093,gatherers,mean_first_fixation_duration,B,included
answer_B,,188.1502743348751,215.86035735506323,203.39008427001846,191.06244741652907,gatherers,mean_first_fixation_duration,B,included
answer_C,,180.5051670978594,189.6658163265306,192.4523277093277,174.86606675750102,gatherers,mean_first_fixation_duration,B,included
answer_D,,181.40346539425488,194.49951671891327,187.92119922747298,178.9265734989648,gatherers,mean_first_fixation_duration,B,included
question,156.42450395071083,,,,,gatherers,mean_first_fixation_duration,C,included
answer_A,,183.41056186271416,201.4996316183816,197.65276600861708,190.37251082251083,gatherers,mean_first_fixation_duration,C,included
answer_B,,182.2551316039688,193.31714365881032,192.20414490527395,175.37637600494742,gatherers,mean_first_fixation_duration,C,included
answer_C,,186.18660995002054,210.55972177983045,199.52098979210092,198.27174095745525,gatherers,mean_first_fixation_duration,C,included
answer_D,,175.4260195360195,204.59163574520716,197.15179441369918,181.06200396825398,gatherers,mean_first_fixation_duration,C,included
question,159.7865612390993,,,,,gatherers,mean_first_fixation_duration,D,included
answer_A,,181.85885384456813,190.98660714285714,212.7397693452381,183.81448412698413,gatherers,mean_first_fixation_duration,D,included
answer_B,,182.5614071554548,200.70313756613757,194.92288146441373,184.28383580705008,gatherers,mean_first_fixation_duration,D,included
answer_C,,178.1349595393713,194.43637763563137,185.9946563852814,181.58181216931217,gatherers,mean_first_fixation_duration,D,included
answer_D,,191.6306361607143,202.74000608766232,204.2370830457787,179.09488095238098,gatherers,mean_first_fixation_duration,D,included
question,144.11185944209467,,,,,all_participants,mean_first_fixation_duration,A,included
answer_A,,183.77194540820645,204.22744973730957,196.23411000695066,185.46811862889462,all_participants,mean_first_fixation_duration,A,included
answer_B,,173.40761527287924,191.32254262380246,188.27841321574996,180.24941356364062,all_participants,mean_first_fixation_duration,A,included
answer_C,,172.75872672510994,189.14949599541262,184.73825546424845,176.31660588064113,all_participants,mean_first_fixation_duration,A,included
answer_D,,171.5200805907922,189.01011638390926,188.42584547959834,175.79409141427453,all_participants,mean_first_fixation_duration,A,included
question,153.8241375825949,,,,,all_participants,mean_first_fixation_duration,B,included
answer_A,,179.51431179931177,193.05435728574028,195.45535157988428,181.887046375745,all_participants,mean_first_fixation_duration,B,included
answer_B,,187.42516111263183,213.7062362213404,200.3688091892531,190.25819586978676,all_participants,mean_first_fixation_duration,B,included
answer_C,,180.49978935650742,189.60780801551388,190.57997290113627,174.6036938377904,all_participants,mean_first_fixation_duration,B,included
answer_D,,175.97693733578086,193.1474518941145,187.2783780797702,179.23173154906732,all_participants,mean_first_fixation_duration,B,included
question,156.13979949777453,,,,,all_participants,mean_first_fixation_duration,C,included
answer_A,,182.2994783943502,197.75369130869132,193.9494475814041,187.33881121242823,all_participants,mean_first_fixation_duration,C,included
answer_B,,179.32296459146235,194.4331300891569,192.32676622212912,181.36463943704203,all_participants,mean_first_fixation_duration,C,included
answer_C,,185.42136304738347,205.64424655973326,195.62823016517214,193.903625964923,all_participants,mean_first_fixation_duration,C,included
answer_D,,177.04442447433516,198.55031406501993,191.37838532517432,180.57149470899472,all_participants,mean_first_fixation_duration,C,included
question,160.11785027472527,,,,,all_participants,mean_first_fixation_duration,D,included
answer_A,,181.38591600529102,197.27005494505494,210.68889698736638,180.9347640891219,all_participants,mean_first_fixation_duration,D,included
answer_B,,180.90639933166247,195.92610793650795,194.87360906561935,186.9044955044955,all_participants,mean_first_fixation_duration,D,included
answer_C,,172.78276442586787,195.64074521013774,192.0086386957599,182.24977077985926,all_participants,mean_first_fixation_duration,D,included
answer_D,,191.32673469387754,199.13177603098654,197.86894926061592,188.1576923076923,all_participants,mean_first_fixation_duration,D,included
answer_A,,184.23098171084115,205.01161287286814,196.2853329847624,186.2675504604694,hunters,mean_first_fixation_duration,A,removed
answer_B,,173.1947556972606,189.5629636914469,187.87192248702559,178.4745959884934,hunters,mean_first_fixation_duration,A,removed
answer_C,,172.52304268859015,187.5547659419066,182.78486216887026,176.48756609024684,hunters,mean_first_fixation_duration,A,removed
answer_D,,171.76308557487388,189.55750399680255,187.24001429548534,175.37063551976738,hunters,mean_first_fixation_duration,A,removed
answer_A,,178.7485461350518,192.72980248717244,197.21343877082515,182.94325039617593,hunters,mean_first_fixation_duration,B,removed
answer_B,,186.2623271037905,210.60284136767189,196.92455559718059,189.247725977726,hunters,mean_first_fixation_duration,B,removed
answer_C,,180.4925820742831,189.53873626373624,188.2264542874878,174.17326506101014,hunters,mean_first_fixation_duration,B,removed
answer_D,,169.06790418916708,191.4047905643739,186.27205687830687,179.61950144698764,hunters,mean_first_fixation_duration,B,removed
answer_A,,180.2781096747964,192.13478084415584,188.082392545033,183.4509631684389,hunters,mean_first_fixation_duration,C,removed
answer_B,,175.29903326578858,196.1259184947387,192.53113508355443,190.57735240949526,hunters,mean_first_fixation_duration,C,removed
answer_C,,184.1920834484664,197.9358876918536,189.72348241645992,187.72649365225124,hunters,mean_first_fixation_duration,C,removed
answer_D,,179.2826440698781,189.33879387938794,183.4713250517598,179.59047619047618,hunters,mean_first_fixation_duration,C,removed
answer_A,,180.5390273163529,207.32357142857143,206.828431372549,176.51472868217053,hunters,mean_first_fixation_duration,D,removed
answer_B,,177.64810267857143,188.76056349206348,194.78632653061223,191.09755102040813,hunters,mean_first_fixation_duration,D,removed
answer_C,,165.20048801507133,197.6580608974359,203.00563492063492,183.4227712666737,hunters,mean_first_fixation_duration,D,removed
answer_D,,190.8523519163763,191.6825268817204,188.71475694444442,205.69861751152072,hunters,mean_first_fixation_duration,D,removed
answer_A,,183.2845821309023,203.38836772282247,196.17817962152074,184.6231601151664,gatherers,mean_first_fixation_duration,A,removed
answer_B,,173.6375261991177,193.19203751046268,188.69995915664927,182.1017671223585,gatherers,mean_first_fixation_duration,A,removed
answer_C,,173.0117730652605,190.82508075497557,186.79577420181099,176.1359602953353,gatherers,mean_first_fixation_duration,A,removed
answer_D,,171.26399072295226,188.432450280498,189.68521179185586,176.23928023035165,gatherers,mean_first_fixation_duration,A,removed
answer_A,,180.14410038300224,193.2789492063492,194.2274811608145,181.09278095238093,gatherers,mean_first_fixation_duration,B,removed
answer_B,,188.1502743348751,215.86035735506323,203.39008427001846,191.06244741652907,gatherers,mean_first_fixation_duration,B,removed
answer_C,,180.5051670978594,189.6658163265306,192.4523277093277,174.86606675750102,gatherers,mean_first_fixation_duration,B,removed
answer_D,,181.40346539425488,194.49951671891327,187.92119922747298,178.9265734989648,gatherers,mean_first_fixation_duration,B,removed
answer_A,,183.41056186271416,201.4996316183816,197.65276600861708,190.37251082251083,gatherers,mean_first_fixation_duration,C,removed
answer_B,,182.2551316039688,193.31714365881032,192.20414490527395,175.37637600494742,gatherers,mean_first_fixation_duration,C,removed
answer_C,,186.18660995002054,210.55972177983045,199.52098979210092,198.27174095745525,gatherers,mean_first_fixation_duration,C,removed
answer_D,,175.4260195360195,204.59163574520716,197.15179441369918,181.06200396825398,gatherers,mean_first_fixation_duration,C,removed
answer_A,,181.85885384456813,190.98660714285714,212.7397693452381,183.81448412698413,gatherers,mean_first_fixation_duration,D,removed
answer_B,,182.5614071554548,200.70313756613757,194.92288146441373,184.28383580705008,gatherers,mean_first_fixation_duration,D,removed
answer_C,,178.1349595393713,194.43637763563137,185.9946563852814,181.58181216931217,gatherers,mean_first_fixation_duration,D,removed
answer_D,,191.6306361607143,202.74000608766232,204.2370830457787,179.09488095238098,gatherers,mean_first_fixation_duration,D,removed
answer_A,,183.77194540820645,204.22744973730957,196.23411000695066,185.46811862889462,all_participants,mean_first_fixation_duration,A,removed
answer_B,,173.40761527287924,191.32254262380246,188.27841321574996,180.24941356364062,all_participants,mean_first_fixation_duration,A,removed
answer_C,,172.75872672510994,189.14949599541262,184.73825546424845,176.31660588064113,all_participants,mean_first_fixation_duration,A,removed
answer_D,,171.5200805907922,189.01011638390926,188.42584547959834,175.79409141427453,all_participants,mean_first_fixation_duration,A,removed
answer_A,,179.51431179931177,193.05435728574028,195.45535157988428,181.887046375745,all_participants,mean_first_fixation_duration,B,removed
answer_B,,187.42516111263183,213.7062362213404,200.3688091892531,190.25819586978676,all_participants,mean_first_fixation_duration,B,removed
answer_C,,180.49978935650742,189.60780801551388,190.57997290113627,174.6036938377904,all_participants,mean_first_fixation_duration,B,removed
answer_D,,175.97693733578086,193.1474518941145,187.2783780797702,179.23173154906732,all_participants,mean_first_fixation_duration,B,removed
answer_A,,182.2994783943502,197.75369130869132,193.9494475814041,187.33881121242823,all_participants,mean_first_fixation_duration,C,removed
answer_B,,179.32296459146235,194.4331300891569,192.32676622212912,181.36463943704203,all_participants,mean_first_fixation_duration,C,removed
answer_C,,185.42136304738347,205.64424655973326,195.62823016517214,193.903625964923,all_participants,mean_first_fixation_duration,C,removed
answer_D,,177.04442447433516,198.55031406501993,191.37838532517432,180.57149470899472,all_participants,mean_first_fixation_duration,C,removed
answer_A,,181.38591600529102,197.27005494505494,210.68889698736638,180.9347640891219,all_participants,mean_first_fixation_duration,D,removed
answer_B,,180.90639933166247,195.92610793650795,194.87360906561935,186.9044955044955,all_participants,mean_first_fixation_duration,D,removed
answer_C,,172.78276442586787,195.64074521013774,192.0086386957599,182.24977077985926,all_participants,mean_first_fixation_duration,D,removed
answer_D,,191.32673469387754,199.13177603098654,197.86894926061592,188.1576923076923,all_participants,mean_first_fixation_duration,D,removed
question,0.882991430341594,,,,,hunters,skip_rate,A,included
answer_A,,0.3406911404846938,0.35390711448917944,0.35276843676945097,0.35381709467003586,hunters,skip_rate,A,included
answer_B,,0.4478454092176769,0.5022757335131265,0.49958179420744364,0.4957055367692904,hunters,skip_rate,A,included
answer_C,,0.501063739357829,0.5364096071650677,0.5339732816125263,0.5279344710221014,hunters,skip_rate,A,included
answer_D,,0.4975802643373398,0.5270578578048457,0.510284847217463,0.5113219182538974,hunters,skip_rate,A,included
question,0.8408584459710183,,,,,hunters,skip_rate,B,included
answer_A,,0.40439649053094434,0.435030292774858,0.4381694694194694,0.4273747419380673,hunters,skip_rate,B,included
answer_B,,0.29579385690299936,0.30772902191441515,0.3056957136001253,0.294282248363881,hunters,skip_rate,B,included
answer_C,,0.47315018315018315,0.46010924813286663,0.48902206632625,0.4552561883999176,hunters,skip_rate,B,included
answer_D,,0.4192812148169291,0.4846592115613855,0.46225816094237143,0.4573056620984082,hunters,skip_rate,B,included
question,0.8081779796607572,,,,,hunters,skip_rate,C,included
answer_A,,0.36676658235647003,0.4098018604967538,0.38531979314946346,0.3915115755492683,hunters,skip_rate,C,included
answer_B,,0.37220362032627363,0.41699707699707694,0.43085233479970314,0.40977406150780765,hunters,skip_rate,C,included
answer_C,,0.31124807940597415,0.3128701043026886,0.3125039756902502,0.2764792119645061,hunters,skip_rate,C,included
answer_D,,0.39249619015244014,0.4563003502907349,0.43183344433344434,0.4210760365365629,hunters,skip_rate,C,included
question,0.8036524824934268,,,,,hunters,skip_rate,D,included
answer_A,,0.3316084432363502,0.44500919559743085,0.3726890756302521,0.3776455026455027,hunters,skip_rate,D,included
answer_B,,0.2668628246753247,0.3763100690159514,0.41985522414093845,0.4064048649762935,hunters,skip_rate,D,included
answer_C,,0.41405777864111193,0.41895715395715394,0.3930804909376338,0.3503158765353887,hunters,skip_rate,D,included
answer_D,,0.2286682152535811,0.3097740800865801,0.29484427609427605,0.2688428059395801,hunters,skip_rate,D,included
question,0.8707118376550035,,,,,gatherers,skip_rate,A,included
answer_A,,0.32822453742231833,0.34564098460059284,0.3544638545104256,0.35020156187734847,gatherers,skip_rate,A,included
answer_B,,0.43627096446220975,0.47602696551244295,0.46193847306326236,0.46494267416459656,gatherers,skip_rate,A,included
answer_C,,0.4770977290766456,0.5090454309127834,0.5053074621995842,0.4900208159897686,gatherers,skip_rate,A,included
answer_D,,0.4664028834647906,0.5018375265653648,0.48007566832943716,0.4794480375654156,gatherers,skip_rate,A,included
question,0.8170327768593636,,,,,gatherers,skip_rate,B,included
answer_A,,0.3704646479992102,0.42026517168139965,0.4220987707047187,0.3938245187329646,gatherers,skip_rate,B,included
answer_B,,0.28573907366042195,0.29084253530351034,0.29470341467094713,0.2893034120074936,gatherers,skip_rate,B,included
answer_C,,0.41577652918729124,0.46473807653291743,0.44858908343192616,0.42792972257257966,gatherers,skip_rate,B,included
answer_D,,0.4226637119494262,0.4759260253061906,0.42290313722897993,0.4474393110376374,gatherers,skip_rate,B,included
question,0.7804165260545668,,,,,gatherers,skip_rate,C,included
answer_A,,0.37231641122894993,0.3844170255166743,0.39065834470246236,0.3685470672630462,gatherers,skip_rate,C,included
answer_B,,0.37862216842986074,0.39060597212771125,0.37725130994361766,0.4095258522341856,gatherers,skip_rate,C,included
answer_C,,0.24532056595205384,0.31992746052848353,0.27750914382618536,0.2873276326186214,gatherers,skip_rate,C,included
answer_D,,0.39634290104214914,0.375147496666484,0.40632349421411923,0.4044943311721835,gatherers,skip_rate,C,included
question,0.7690235578891041,,,,,gatherers,skip_rate,D,included
answer_A,,0.31514372379756994,0.3931713286713287,0.3890544785076035,0.39200103379207857,gatherers,skip_rate,D,included
answer_B,,0.3426105144855145,0.41751468560679084,0.37449221135179384,0.3449948930212088,gatherers,skip_rate,D,included
answer_C,,0.3938015415956592,0.375278787235309,0.3814115469905911,0.39004490916255624,gatherers,skip_rate,D,included
answer_D,,0.25981403212172444,0.3149201926545676,0.21810548549678985,0.34600385952844964,gatherers,skip_rate,D,included
question,0.8770616925181532,,,,,all_participants,skip_rate,A,included
answer_A,,0.3346580391717258,0.3499093641410402,0.3535795974624721,0.35206149719102703,all_participants,skip_rate,A,included
answer_B,,0.44230040242525953,0.4896337013629054,0.4812978953659841,0.48078172857675017,all_participants,skip_rate,A,included
answer_C,,0.48949679029328347,0.5231497636699962,0.520064213494221,0.5097626239885178,all_participants,skip_rate,A,included
answer_D,,0.48243394032867715,0.5149075034189919,0.49571826956125475,0.49596627634571333,all_participants,skip_rate,A,included
question,0.8271969384528677,,,,,all_participants,skip_rate,B,included
answer_A,,0.38594233055754507,0.4264256757203936,0.4285840637559041,0.40834073009764477,all_participants,skip_rate,B,included
answer_B,,0.28959379425688353,0.29775240798567365,0.29985842382394107,0.291516228165888,all_participants,skip_rate,B,included
answer_C,,0.4405065524471584,0.46266452896909377,0.4665913877205894,0.4383242394781939,all_participants,skip_rate,B,included
answer_D,,0.42118386945395875,0.47969810575444377,0.43826776977461906,0.45184719472913915,all_participants,skip_rate,B,included
question,0.7914385893759206,,,,,all_participants,skip_rate,C,included
answer_A,,0.3702668893631793,0.3946837809975065,0.3886256744458812,0.37852742318490645,all_participants,skip_rate,C,included
answer_B,,0.3759286705649626,0.4010235135235135,0.39753855042699665,0.40962451282411905,all_participants,skip_rate,C,included
answer_C,,0.27057505699287004,0.3171604794531719,0.2914451388162997,0.2828262132600673,all_participants,skip_rate,C,included
answer_D,,0.3947303060840179,0.4073608431432859,0.41738533099152564,0.4100952627619294,all_participants,skip_rate,C,included
question,0.781830362122333,,,,,all_participants,skip_rate,D,included
answer_A,,0.32099482244110344,0.412610528768617,0.38337668567260397,0.38623318645640076,all_participants,skip_rate,D,included
answer_B,,0.31736128454878454,0.40116364727709264,0.3908603087499388,0.3683573823519476,all_participants,skip_rate,D,included
answer_C,,0.40208818402334445,0.3913075456653438,0.38553693121429305,0.3758806453563487,all_participants,skip_rate,D,included
answer_D,,0.2477670652198954,0.3132048217985718,0.2495880662547329,0.32000393929741755,all_participants,skip_rate,D,included
answer_A,,0.3406911404846938,0.35390711448917944,0.35276843676945097,0.35381709467003586,hunters,skip_rate,A,removed
answer_B,,0.4478454092176769,0.5022757335131265,0.49958179420744364,0.4957055367692904,hunters,skip_rate,A,removed
answer_C,,0.501063739357829,0.5364096071650677,0.5339732816125263,0.5279344710221014,hunters,skip_rate,A,removed
answer_D,,0.4975802643373398,0.5270578578048457,0.510284847217463,0.5113219182538974,hunters,skip_rate,A,removed
answer_A,,0.40439649053094434,0.435030292774858,0.4381694694194694,0.4273747419380673,hunters,skip_rate,B,removed
answer_B,,0.29579385690299936,0.30772902191441515,0.3056957136001253,0.294282248363881,hunters,skip_rate,B,removed
answer_C,,0.47315018315018315,0.46010924813286663,0.48902206632625,0.4552561883999176,hunters,skip_rate,B,removed
answer_D,,0.4192812148169291,0.4846592115613855,0.46225816094237143,0.4573056620984082,hunters,skip_rate,B,removed
answer_A,,0.36676658235647003,0.4098018604967538,0.38531979314946346,0.3915115755492683,hunters,skip_rate,C,removed
answer_B,,0.37220362032627363,0.41699707699707694,0.43085233479970314,0.40977406150780765,hunters,skip_rate,C,removed
answer_C,,0.31124807940597415,0.3128701043026886,0.3125039756902502,0.2764792119645061,hunters,skip_rate,C,removed
answer_D,,0.39249619015244014,0.4563003502907349,0.43183344433344434,0.4210760365365629,hunters,skip_rate,C,removed
answer_A,,0.3316084432363502,0.44500919559743085,0.3726890756302521,0.3776455026455027,hunters,skip_rate,D,removed
answer_B,,0.2668628246753247,0.3763100690159514,0.41985522414093845,0.4064048649762935,hunters,skip_rate,D,removed
answer_C,,0.41405777864111193,0.41895715395715394,0.3930804909376338,0.3503158765353887,hunters,skip_rate,D,removed
answer_D,,0.2286682152535811,0.3097740800865801,0.29484427609427605,0.2688428059395801,hunters,skip_rate,D,removed
answer_A,,0.32822453742231833,0.34564098460059284,0.3544638545104256,0.35020156187734847,gatherers,skip_rate,A,removed
answer_B,,0.43627096446220975,0.47602696551244295,0.46193847306326236,0.46494267416459656,gatherers,skip_rate,A,removed
answer_C,,0.4770977290766456,0.5090454309127834,0.5053074621995842,0.4900208159897686,gatherers,skip_rate,A,removed
answer_D,,0.4664028834647906,0.5018375265653648,0.48007566832943716,0.4794480375654156,gatherers,skip_rate,A,removed
answer_A,,0.3704646479992102,0.42026517168139965,0.4220987707047187,0.3938245187329646,gatherers,skip_rate,B,removed
answer_B,,0.28573907366042195,0.29084253530351034,0.29470341467094713,0.2893034120074936,gatherers,skip_rate,B,removed
answer_C,,0.41577652918729124,0.46473807653291743,0.44858908343192616,0.42792972257257966,gatherers,skip_rate,B,removed
answer_D,,0.4226637119494262,0.4759260253061906,0.42290313722897993,0.4474393110376374,gatherers,skip_rate,B,removed
answer_A,,0.37231641122894993,0.3844170255166743,0.39065834470246236,0.3685470672630462,gatherers,skip_rate,C,removed
answer_B,,0.37862216842986074,0.39060597212771125,0.37725130994361766,0.4095258522341856,gatherers,skip_rate,C,removed
answer_C,,0.24532056595205384,0.31992746052848353,0.27750914382618536,0.2873276326186214,gatherers,skip_rate,C,removed
answer_D,,0.39634290104214914,0.375147496666484,0.40632349421411923,0.4044943311721835,gatherers,skip_rate,C,removed
answer_A,,0.31514372379756994,0.3931713286713287,0.3890544785076035,0.39200103379207857,gatherers,skip_rate,D,removed
answer_B,,0.3426105144855145,0.41751468560679084,0.37449221135179384,0.3449948930212088,gatherers,skip_rate,D,removed
answer_C,,0.3938015415956592,0.375278787235309,0.3814115469905911,0.39004490916255624,gatherers,skip_rate,D,removed
answer_D,,0.25981403212172444,0.3149201926545676,0.21810548549678985,0.34600385952844964,gatherers,skip_rate,D,removed
answer_A,,0.3346580391717258,0.3499093641410402,0.3535795974624721,0.35206149719102703,all_participants,skip_rate,A,removed
answer_B,,0.44230040242525953,0.4896337013629054,0.4812978953659841,0.48078172857675017,all_participants,skip_rate,A,removed
answer_C,,0.48949679029328347,0.5231497636699962,0.520064213494221,0.5097626239885178,all_participants,skip_rate,A,removed
answer_D,,0.48243394032867715,0.5149075034189919,0.49571826956125475,0.49596627634571333,all_participants,skip_rate,A,removed
answer_A,,0.38594233055754507,0.4264256757203936,0.4285840637559041,0.40834073009764477,all_participants,skip_rate,B,removed
answer_B,,0.28959379425688353,0.29775240798567365,0.29985842382394107,0.291516228165888,all_participants,skip_rate,B,removed
answer_C,,0.4405065524471584,0.46266452896909377,0.4665913877205894,0.4383242394781939,all_participants,skip_rate,B,removed
answer_D,,0.42118386945395875,0.47969810575444377,0.43826776977461906,0.45184719472913915,all_participants,skip_rate,B,removed
answer_A,,0.3702668893631793,0.3946837809975065,0.3886256744458812,0.37852742318490645,all_participants,skip_rate,C,removed
answer_B,,0.3759286705649626,0.4010235135235135,0.39753855042699665,0.40962451282411905,all_participants,skip_rate,C,removed
answer_C,,0.27057505699287004,0.3171604794531719,0.2914451388162997,0.2828262132600673,all_participants,skip_rate,C,removed
answer_D,,0.3947303060840179,0.4073608431432859,0.41738533099152564,0.4100952627619294,all_participants,skip_rate,C,removed
answer_A,,0.32099482244110344,0.412610528768617,0.38337668567260397,0.38623318645640076,all_participants,skip_rate,D,removed
answer_B,,0.31736128454878454,0.40116364727709264,0.3908603087499388,0.3683573823519476,all_participants,skip_rate,D,removed
answer_C,,0.40208818402334445,0.3913075456653438,0.38553693121429305,0.3758806453563487,all_participants,skip_rate,D,removed
answer_D,,0.2477670652198954,0.3132048217985718,0.2495880662547329,0.32000393929741755,all_participants,skip_rate,D,removed
question,0.04711747352771364,,,,,hunters,area_dwell_proportion,A,included
answer_A,,0.3685328353463898,0.35920427201730226,0.3497746755754974,0.32476600027294666,hunters,area_dwell_proportion,A,included
answer_B,,0.233710512484868,0.22277608800938425,0.21704035336156074,0.20726815031889,hunters,area_dwell_proportion,A,included
answer_C,,0.21062390925072935,0.19849026807690479,0.19812460137236734,0.18933565533004637,hunters,area_dwell_proportion,A,included
answer_D,,0.18720023628820606,0.18554887098962247,0.18318952963083995,0.17287201540584737,hunters,area_dwell_proportion,A,included
question,0.050459058767935945,,,,,hunters,area_dwell_proportion,B,included
answer_A,,0.2317138103819438,0.21867037850358403,0.21556872746418088,0.21662069598741512,hunters,area_dwell_proportion,B,included
answer_B,,0.35633740725360874,0.37988835650897335,0.3434321193128001,0.3384477496390798,hunters,area_dwell_proportion,B,included
answer_C,,0.2160397458034589,0.19874386256610785,0.1970618195383234,0.19223925353380886,hunters,area_dwell_proportion,B,included
answer_D,,0.1889509273343136,0.17194627079862873,0.16601164474183622,0.16660964585000249,hunters,area_dwell_proportion,B,included
question,0.057764584471295614,,,,,hunters,area_dwell_proportion,C,included
answer_A,,0.23813216812008564,0.19518112448518032,0.20471534100833588,0.20073137483505932,hunters,area_dwell_proportion,C,included
answer_B,,0.22175272837881232,0.2171013175073975,0.19855748827020608,0.21699243369649768,hunters,area_dwell_proportion,C,included
answer_C,,0.3725956266771067,0.3548362411789239,0.33441149145249166,0.3407119746224138,hunters,area_dwell_proportion,C,included
answer_D,,0.18424874033278238,0.15676921624827497,0.16794810934559315,0.16683185364690603,hunters,area_dwell_proportion,C,included
question,0.05721745924301188,,,,,hunters,area_dwell_proportion,D,included
answer_A,,0.25023403641464187,0.1983476690755455,0.2031190519811165,0.20083762582612436,hunters,area_dwell_proportion,D,included
answer_B,,0.2458875425541541,0.21999093690095037,0.20456659473126065,0.2034278991865547,hunters,area_dwell_proportion,D,included
answer_C,,0.23040337610590259,0.20866105207324934,0.19002910719816404,0.2181692713946675,hunters,area_dwell_proportion,D,included
answer_D,,0.3387080596230691,0.2834325750157823,0.28259819481282683,0.2820144334065333,hunters,area_dwell_proportion,D,included
question,0.04945619847059061,,,,,gatherers,area_dwell_proportion,A,included
answer_A,,0.35601886946109335,0.34702699970043716,0.3332922514665108,0.30954671626609437,gatherers,area_dwell_proportion,A,included
answer_B,,0.23404958516003366,0.22789139633552719,0.22453828513897814,0.21560596443639163,gatherers,area_dwell_proportion,A,included
answer_C,,0.21304569192720788,0.20683041535316504,0.20371014383506805,0.19665204807326245,gatherers,area_dwell_proportion,A,included
answer_D,,0.18756073726762243,0.1835403434550076,0.18519452535996342,0.17592825834209555,gatherers,area_dwell_proportion,A,included
question,0.06496330185411252,,,,,gatherers,area_dwell_proportion,B,included
answer_A,,0.2218026713762661,0.20564630405001688,0.1977818166863331,0.2167006749960949,gatherers,area_dwell_proportion,B,included
answer_B,,0.3591983589015115,0.3623038876467588,0.3268041825452378,0.33715250636315514,gatherers,area_dwell_proportion,B,included
answer_C,,0.22833174257341105,0.2045808856726075,0.1913874813650416,0.19925894138597502,gatherers,area_dwell_proportion,B,included
answer_D,,0.1857218819318853,0.16643155953504196,0.17042593436223102,0.1634565009429699,gatherers,area_dwell_proportion,B,included
question,0.07133924001508564,,,,,gatherers,area_dwell_proportion,C,included
answer_A,,0.2065811023494921,0.20739431979701467,0.19640658292489835,0.1968098505317921,gatherers,area_dwell_proportion,C,included
answer_B,,0.22160811140720332,0.21121873998164822,0.19636735689493628,0.18464122352542925,gatherers,area_dwell_proportion,C,included
answer_C,,0.36262563472061266,0.32874785794152306,0.33442920121421643,0.3249998464217407,gatherers,area_dwell_proportion,C,included
answer_D,,0.19615130054753002,0.19627767247462327,0.1722557090966781,0.1635138546759604,gatherers,area_dwell_proportion,C,included
question,0.07622421696335174,,,,,gatherers,area_dwell_proportion,D,included
answer_A,,0.23931235065234902,0.21316153669864543,0.2181197968189263,0.1895503851814364,gatherers,area_dwell_proportion,D,included
answer_B,,0.21415719207493158,0.193325583287169,0.23085783220896694,0.18898061689872514,gatherers,area_dwell_proportion,D,included
answer_C,,0.22830126740781692,0.2237375869853492,0.21048102790577508,0.19230049042304412,gatherers,area_dwell_proportion,D,included
answer_D,,0.3285958509140532,0.29718801605378975,0.2764284742889817,0.2512647522465395,gatherers,area_dwell_proportion,D,included
question,0.04824682904514428,,,,,all_participants,area_dwell_proportion,A,included
answer_A,,0.36247681321788605,0.35331497493386893,0.3418887756938389,0.3173759589797825,all_participants,area_dwell_proportion,A,included
answer_B,,0.23387295313119175,0.22523974239178077,0.22068220593916346,0.2113130254735078,all_participants,area_dwell_proportion,A,included
answer_C,,0.2117927578214996,0.20253164855148886,0.20083478695863094,0.19284236998612375,all_participants,area_dwell_proportion,A,included
answer_D,,0.18737537173855068,0.18458122623081327,0.18415631942995692,0.17434439878370206,all_participants,area_dwell_proportion,A,included
question,0.05877571191367939,,,,,all_participants,area_dwell_proportion,B,included
answer_A,,0.22632354179990857,0.21108038500116505,0.2049596831199657,0.21666607039189792,all_participants,area_dwell_proportion,B,included
answer_B,,0.35810155064850496,0.36949937145704426,0.3346021115120946,0.3377281700413439,all_participants,area_dwell_proportion,B,included
answer_C,,0.22303346810360408,0.20196611061584974,0.19391391288505042,0.1965887730402946,all_participants,area_dwell_proportion,B,included
answer_D,,0.18713458929544768,0.1688135005503001,0.1687025473186522,0.16486519762597288,all_participants,area_dwell_proportion,B,included
question,0.06594972709217962,,,,,all_participants,area_dwell_proportion,C,included
answer_A,,0.21823274074610133,0.20245476080422833,0.19957016863867583,0.1985141416846888,all_participants,area_dwell_proportion,C,included
answer_B,,0.22166879888636068,0.21354081005760187,0.1971962910807954,0.19750049116664894,all_participants,area_dwell_proportion,C,included
answer_C,,0.36644478486523735,0.33897634299935864,0.3344221486542375,0.3315194016917295,all_participants,area_dwell_proportion,C,included
answer_D,,0.19116158098152228,0.18059492649164532,0.17038781185948199,0.16463460099503538,all_participants,area_dwell_proportion,C,included
question,0.06919495376750828,,,,,all_participants,area_dwell_proportion,D,included
answer_A,,0.24319361088192418,0.20760633633998293,0.21291545677315554,0.1940854372261771,all_participants,area_dwell_proportion,D,included
answer_B,,0.22473397556800576,0.20390707281644732,0.2213713032221657,0.19447686559518204,all_participants,area_dwell_proportion,D,included
answer_C,,0.2291612209661247,0.2182049136231107,0.2032505508879328,0.20152327320423155,all_participants,area_dwell_proportion,D,included
answer_D,,0.3325071769241442,0.2926028690411206,0.27895964168337967,0.2616260578547983,all_participants,area_dwell_proportion,D,included
answer_A,,0.3685328353463898,0.35920427201730226,0.3497746755754974,0.32476600027294666,hunters,area_dwell_proportion,A,removed
answer_B,,0.233710512484868,0.22277608800938425,0.21704035336156074,0.20726815031889,hunters,area_dwell_proportion,A,removed
answer_C,,0.21062390925072935,0.19849026807690479,0.19812460137236734,0.18933565533004637,hunters,area_dwell_proportion,A,removed
answer_D,,0.18720023628820606,0.18554887098962247,0.18318952963083995,0.17287201540584737,hunters,area_dwell_proportion,A,removed
answer_A,,0.2317138103819438,0.21867037850358403,0.21556872746418088,0.21662069598741512,hunters,area_dwell_proportion,B,removed
answer_B,,0.35633740725360874,0.37988835650897335,0.3434321193128001,0.3384477496390798,hunters,area_dwell_proportion,B,removed
answer_C,,0.2160397458034589,0.19874386256610785,0.1970618195383234,0.19223925353380886,hunters,area_dwell_proportion,B,removed
answer_D,,0.1889509273343136,0.17194627079862873,0.16601164474183622,0.16660964585000249,hunters,area_dwell_proportion,B,removed
answer_A,,0.23813216812008564,0.19518112448518032,0.20471534100833588,0.20073137483505932,hunters,area_dwell_proportion,C,removed
answer_B,,0.22175272837881232,0.2171013175073975,0.19855748827020608,0.21699243369649768,hunters,area_dwell_proportion,C,removed
answer_C,,0.3725956266771067,0.3548362411789239,0.33441149145249166,0.3407119746224138,hunters,area_dwell_proportion,C,removed
answer_D,,0.18424874033278238,0.15676921624827497,0.16794810934559315,0.16683185364690603,hunters,area_dwell_proportion,C,removed
answer_A,,0.25023403641464187,0.1983476690755455,0.2031190519811165,0.20083762582612436,hunters,area_dwell_proportion,D,removed
answer_B,,0.2458875425541541,0.21999093690095037,0.20456659473126065,0.2034278991865547,hunters,area_dwell_proportion,D,removed
answer_C,,0.23040337610590259,0.20866105207324934,0.19002910719816404,0.2181692713946675,hunters,area_dwell_proportion,D,removed
answer_D,,0.3387080596230691,0.2834325750157823,0.28259819481282683,0.2820144334065333,hunters,area_dwell_proportion,D,removed
answer_A,,0.35601886946109335,0.34702699970043716,0.3332922514665108,0.30954671626609437,gatherers,area_dwell_proportion,A,removed
answer_B,,0.23404958516003366,0.22789139633552719,0.22453828513897814,0.21560596443639163,gatherers,area_dwell_proportion,A,removed
answer_C,,0.21304569192720788,0.20683041535316504,0.20371014383506805,0.19665204807326245,gatherers,area_dwell_proportion,A,removed
answer_D,,0.18756073726762243,0.1835403434550076,0.18519452535996342,0.17592825834209555,gatherers,area_dwell_proportion,A,removed
answer_A,,0.2218026713762661,0.20564630405001688,0.1977818166863331,0.2167006749960949,gatherers,area_dwell_proportion,B,removed
answer_B,,0.3591983589015115,0.3623038876467588,0.3268041825452378,0.33715250636315514,gatherers,area_dwell_proportion,B,removed
answer_C,,0.22833174257341105,0.2045808856726075,0.1913874813650416,0.19925894138597502,gatherers,area_dwell_proportion,B,removed
answer_D,,0.1857218819318853,0.16643155953504196,0.17042593436223102,0.1634565009429699,gatherers,area_dwell_proportion,B,removed
answer_A,,0.2065811023494921,0.20739431979701467,0.19640658292489835,0.1968098505317921,gatherers,area_dwell_proportion,C,removed
answer_B,,0.22160811140720332,0.21121873998164822,0.19636735689493628,0.18464122352542925,gatherers,area_dwell_proportion,C,removed
answer_C,,0.36262563472061266,0.32874785794152306,0.33442920121421643,0.3249998464217407,gatherers,area_dwell_proportion,C,removed
answer_D,,0.19615130054753002,0.19627767247462327,0.1722557090966781,0.1635138546759604,gatherers,area_dwell_proportion,C,removed
answer_A,,0.23931235065234902,0.21316153669864543,0.2181197968189263,0.1895503851814364,gatherers,area_dwell_proportion,D,removed
answer_B,,0.21415719207493158,0.193325583287169,0.23085783220896694,0.18898061689872514,gatherers,area_dwell_proportion,D,removed
answer_C,,0.22830126740781692,0.2237375869853492,0.21048102790577508,0.19230049042304412,gatherers,area_dwell_proportion,D,removed
answer_D,,0.3285958509140532,0.29718801605378975,0.2764284742889817,0.2512647522465395,gatherers,area_dwell_proportion,D,removed
answer_A,,0.36247681321788605,0.35331497493386893,0.3418887756938389,0.3173759589797825,all_participants,area_dwell_proportion,A,removed
answer_B,,0.23387295313119175,0.22523974239178077,0.22068220593916346,0.2113130254735078,all_participants,area_dwell_proportion,A,removed
answer_C,,0.2117927578214996,0.20253164855148886,0.20083478695863094,0.19284236998612375,all_participants,area_dwell_proportion,A,removed
answer_D,,0.18737537173855068,0.18458122623081327,0.18415631942995692,0.17434439878370206,all_participants,area_dwell_proportion,A,removed
answer_A,,0.22632354179990857,0.21108038500116505,0.2049596831199657,0.21666607039189792,all_participants,area_dwell_proportion,B,removed
answer_B,,0.35810155064850496,0.36949937145704426,0.3346021115120946,0.3377281700413439,all_participants,area_dwell_proportion,B,removed
answer_C,,0.22303346810360408,0.20196611061584974,0.19391391288505042,0.1965887730402946,all_participants,area_dwell_proportion,B,removed
answer_D,,0.18713458929544768,0.1688135005503001,0.1687025473186522,0.16486519762597288,all_participants,area_dwell_proportion,B,removed
answer_A,,0.21823274074610133,0.20245476080422833,0.19957016863867583,0.1985141416846888,all_participants,area_dwell_proportion,C,removed
answer_B,,0.22166879888636068,0.21354081005760187,0.1971962910807954,0.19750049116664894,all_participants,area_dwell_proportion,C,removed
answer_C,,0.36644478486523735,0.33897634299935864,0.3344221486542375,0.3315194016917295,all_participants,area_dwell_proportion,C,removed
answer_D,,0.19116158098152228,0.18059492649164532,0.17038781185948199,0.16463460099503538,all_participants,area_dwell_proportion,C,removed
answer_A,,0.24319361088192418,0.20760633633998293,0.21291545677315554,0.1940854372261771,all_participants,area_dwell_proportion,D,removed
answer_B,,0.22473397556800576,0.20390707281644732,0.2213713032221657,0.19447686559518204,all_participants,area_dwell_proportion,D,removed
answer_C,,0.2291612209661247,0.2182049136231107,0.2032505508879328,0.20152327320423155,all_participants,area_dwell_proportion,D,removed
answer_D,,0.3325071769241442,0.2926028690411206,0.27895964168337967,0.2616260578547983,all_participants,area_dwell_proportion,D,removed
question,2.5475754493498086,,,,,hunters,mean_avg_fix_pupil_size,A,included
answer_A,,2.5579393537167423,2.553590333774473,2.5392523009034296,2.53155975757041,hunters,mean_avg_fix_pupil_size,A,included
answer_B,,2.5669305239707416,2.557274789890238,2.5406661282727607,2.503778471452609,hunters,mean_avg_fix_pupil_size,A,included
answer_C,,2.5780919631995993,2.530193543077272,2.531556041005481,2.515886389241193,hunters,mean_avg_fix_pupil_size,A,included
answer_D,,2.584987086426798,2.556877882403267,2.5309455988904435,2.5046224926237026,hunters,mean_avg_fix_pupil_size,A,included
question,2.5114615508704996,,,,,hunters,mean_avg_fix_pupil_size,B,included
answer_A,,2.5840534877519583,2.543869573119317,2.514731317958342,2.4260571188306495,hunters,mean_avg_fix_pupil_size,B,included
answer_B,,2.5505284555247254,2.476238545920207,2.524435512261906,2.5142916581779424,hunters,mean_avg_fix_pupil_size,B,included
answer_C,,2.5180290471819866,2.5038349056650504,2.5124690839322468,2.5177725483729256,hunters,mean_avg_fix_pupil_size,B,included
answer_D,,2.5071742107417876,2.5546784374170812,2.5166117568705397,2.5046310059767016,hunters,mean_avg_fix_pupil_size,B,included
question,2.5026397832950673,,,,,hunters,mean_avg_fix_pupil_size,C,included
answer_A,,2.5424537326759715,2.441806979813347,2.505673633457489,2.550126770697165,hunters,mean_avg_fix_pupil_size,C,included
answer_B,,2.5291409659122484,2.5708269882561,2.492218008291953,2.441749562613539,hunters,mean_avg_fix_pupil_size,C,included
answer_C,,2.5462860629529356,2.4963745685527163,2.562667679201362,2.4874141850623737,hunters,mean_avg_fix_pupil_size,C,included
answer_D,,2.5231330809029417,2.5666896272659256,2.501903686739369,2.4255965519974283,hunters,mean_avg_fix_pupil_size,C,included
question,2.438670243010011,,,,,hunters,mean_avg_fix_pupil_size,D,included
answer_A,,2.441303974562767,2.4490277367786546,2.544270823914152,2.430075842674996,hunters,mean_avg_fix_pupil_size,D,included
answer_B,,2.51139142371814,2.5450293044772625,2.457837952433226,2.3506031515594823,hunters,mean_avg_fix_pupil_size,D,included
answer_C,,2.4599701022615483,2.4049664637495836,2.455107684136111,2.5158133464390495,hunters,mean_avg_fix_pupil_size,D,included
answer_D,,2.538446716210368,2.479834060582733,2.4763528885421504,2.4210852566707635,hunters,mean_avg_fix_pupil_size,D,included
question,2.450864649110943,,,,,gatherers,mean_avg_fix_pupil_size,A,included
answer_A,,2.481639325914061,2.4664080491200773,2.4557887724265703,2.3990827671982147,gatherers,mean_avg_fix_pupil_size,A,included
answer_B,,2.486283729168368,2.4538531639452175,2.441265817042434,2.397234348322845,gatherers,mean_avg_fix_pupil_size,A,included
answer_C,,2.490980200900699,2.434185821027676,2.4420573384357462,2.4003633502919994,gatherers,mean_avg_fix_pupil_size,A,included
answer_D,,2.48157334306221,2.4406112618118616,2.4566920047805434,2.3965611086404497,gatherers,mean_avg_fix_pupil_size,A,included
question,2.4756901856104085,,,,,gatherers,mean_avg_fix_pupil_size,B,included
answer_A,,2.4960362574817108,2.4732789977634924,2.5017369814460184,2.3988719765477984,gatherers,mean_avg_fix_pupil_size,B,included
answer_B,,2.49200955299509,2.480096848113144,2.4548644011390266,2.460130215128227,gatherers,mean_avg_fix_pupil_size,B,included
answer_C,,2.513197101067117,2.4709905591866783,2.4443956331479226,2.4303191091258225,gatherers,mean_avg_fix_pupil_size,B,included
answer_D,,2.4973905779590666,2.4764477939454443,2.4809777421502255,2.444558402347605,gatherers,mean_avg_fix_pupil_size,B,included
question,2.440549592947349,,,,,gatherers,mean_avg_fix_pupil_size,C,included
answer_A,,2.4722837575716023,2.3997395104158277,2.446619855081262,2.423025803171634,gatherers,mean_avg_fix_pupil_size,C,included
answer_B,,2.464852795054823,2.4864542467540183,2.4264647515735764,2.390632509614673,gatherers,mean_avg_fix_pupil_size,C,included
answer_C,,2.4796887884352916,2.427905839455938,2.4670094593275342,2.4006407371138296,gatherers,mean_avg_fix_pupil_size,C,included
answer_D,,2.448783634826818,2.4487950027215297,2.470253158219402,2.378758254663704,gatherers,mean_avg_fix_pupil_size,C,included
question,2.4839654905238753,,,,,gatherers,mean_avg_fix_pupil_size,D,included
answer_A,,2.5338999512258615,2.48641316444402,2.493116584409905,2.4513478941666786,gatherers,mean_avg_fix_pupil_size,D,included
answer_B,,2.5128470586551126,2.5087451095546562,2.4900132645629216,2.3828479162540175,gatherers,mean_avg_fix_pupil_size,D,included
answer_C,,2.5052208158579403,2.4855565246881355,2.507485955857698,2.450468590516011,gatherers,mean_avg_fix_pupil_size,D,included
answer_D,,2.500953808413176,2.507998817618342,2.450801797569045,2.507569008978597,gatherers,mean_avg_fix_pupil_size,D,included
question,2.5024101030408725,,,,,all_participants,mean_avg_fix_pupil_size,A,included
answer_A,,2.520931219524912,2.5114740005158613,2.49935387552581,2.4671551450297997,all_participants,mean_avg_fix_pupil_size,A,included
answer_B,,2.528160004153737,2.507130173594676,2.4918696118506003,2.45164517658437,all_participants,mean_avg_fix_pupil_size,A,included
answer_C,,2.5360834187198575,2.4833765213308356,2.487968407043689,2.4597159755595532,all_participants,mean_avg_fix_pupil_size,A,included
answer_D,,2.534635825612579,2.5003091097461296,2.4949353266900647,2.451943613147729,all_participants,mean_avg_fix_pupil_size,A,included
question,2.491292887607175,,,,,all_participants,mean_avg_fix_pupil_size,B,included
answer_A,,2.5357568537062325,2.502149374918475,2.5070804469277217,2.4105404851075614,all_participants,mean_avg_fix_pupil_size,B,included
answer_B,,2.514485197057995,2.478516015964649,2.487374266149718,2.484133581934351,all_participants,mean_avg_fix_pupil_size,B,included
answer_C,,2.5152618533717086,2.4859830373438645,2.4745568898073134,2.4634388522070276,all_participants,mean_avg_fix_pupil_size,B,included
answer_D,,2.5016944889791297,2.5106262304136355,2.4948675669135962,2.4710137338728275,all_participants,mean_avg_fix_pupil_size,B,included
question,2.4651789888411737,,,,,all_participants,mean_avg_fix_pupil_size,C,included
answer_A,,2.4971731077154598,2.416566498174835,2.4694710997572797,2.478733886810484,all_participants,mean_avg_fix_pupil_size,C,included
answer_B,,2.4919518446539173,2.5199773449401133,2.4511222228429674,2.410769530493014,all_participants,mean_avg_fix_pupil_size,C,included
answer_C,,2.505240395801245,2.4545662295467188,2.5050165199024037,2.4365845502808,all_participants,mean_avg_fix_pupil_size,C,included
answer_D,,2.4799838488051913,2.49549052067833,2.4836102619984706,2.394371020441612,all_participants,mean_avg_fix_pupil_size,C,included
question,2.4665551297607338,,,,,all_participants,mean_avg_fix_pupil_size,D,included
answer_A,,2.5007197262549195,2.4720341538034947,2.510863973625664,2.4429561674314275,all_participants,mean_avg_fix_pupil_size,D,included
answer_B,,2.5123567395184483,2.523258787523699,2.4784036158563305,2.370446083679196,all_participants,mean_avg_fix_pupil_size,D,included
answer_C,,2.48649638264564,2.4554293991036307,2.488968385047036,2.474177749744724,all_participants,mean_avg_fix_pupil_size,D,included
answer_D,,2.5155938962196984,2.498808212690933,2.4612842964298065,2.4781075109396644,all_participants,mean_avg_fix_pupil_size,D,included
answer_A,,2.5579393537167423,2.553590333774473,2.5392523009034296,2.53155975757041,hunters,mean_avg_fix_pupil_size,A,removed
answer_B,,2.5669305239707416,2.557274789890238,2.5406661282727607,2.503778471452609,hunters,mean_avg_fix_pupil_size,A,removed
answer_C,,2.5780919631995993,2.530193543077272,2.531556041005481,2.515886389241193,hunters,mean_avg_fix_pupil_size,A,removed
answer_D,,2.584987086426798,2.556877882403267,2.5309455988904435,2.5046224926237026,hunters,mean_avg_fix_pupil_size,A,removed
answer_A,,2.5840534877519583,2.543869573119317,2.514731317958342,2.4260571188306495,hunters,mean_avg_fix_pupil_size,B,removed
answer_B,,2.5505284555247254,2.476238545920207,2.524435512261906,2.5142916581779424,hunters,mean_avg_fix_pupil_size,B,removed
answer_C,,2.5180290471819866,2.5038349056650504,2.5124690839322468,2.5177725483729256,hunters,mean_avg_fix_pupil_size,B,removed
answer_D,,2.5071742107417876,2.5546784374170812,2.5166117568705397,2.5046310059767016,hunters,mean_avg_fix_pupil_size,B,removed
answer_A,,2.5424537326759715,2.441806979813347,2.505673633457489,2.550126770697165,hunters,mean_avg_fix_pupil_size,C,removed
answer_B,,2.5291409659122484,2.5708269882561,2.492218008291953,2.441749562613539,hunters,mean_avg_fix_pupil_size,C,removed
answer_C,,2.5462860629529356,2.4963745685527163,2.562667679201362,2.4874141850623737,hunters,mean_avg_fix_pupil_size,C,removed
answer_D,,2.5231330809029417,2.5666896272659256,2.501903686739369,2.4255965519974283,hunters,mean_avg_fix_pupil_size,C,removed
answer_A,,2.441303974562767,2.4490277367786546,2.544270823914152,2.430075842674996,hunters,mean_avg_fix_pupil_size,D,removed
answer_B,,2.51139142371814,2.5450293044772625,2.457837952433226,2.3506031515594823,hunters,mean_avg_fix_pupil_size,D,removed
answer_C,,2.4599701022615483,2.4049664637495836,2.455107684136111,2.5158133464390495,hunters,mean_avg_fix_pupil_size,D,removed
answer_D,,2.538446716210368,2.479834060582733,2.4763528885421504,2.4210852566707635,hunters,mean_avg_fix_pupil_size,D,removed
answer_A,,2.481639325914061,2.4664080491200773,2.4557887724265703,2.3990827671982147,gatherers,mean_avg_fix_pupil_size,A,removed
answer_B,,2.486283729168368,2.4538531639452175,2.441265817042434,2.397234348322845,gatherers,mean_avg_fix_pupil_size,A,removed
answer_C,,2.490980200900699,2.434185821027676,2.4420573384357462,2.4003633502919994,gatherers,mean_avg_fix_pupil_size,A,removed
answer_D,,2.48157334306221,2.4406112618118616,2.4566920047805434,2.3965611086404497,gatherers,mean_avg_fix_pupil_size,A,removed
answer_A,,2.4960362574817108,2.4732789977634924,2.5017369814460184,2.3988719765477984,gatherers,mean_avg_fix_pupil_size,B,removed
answer_B,,2.49200955299509,2.480096848113144,2.4548644011390266,2.460130215128227,gatherers,mean_avg_fix_pupil_size,B,removed
answer_C,,2.513197101067117,2.4709905591866783,2.4443956331479226,2.4303191091258225,gatherers,mean_avg_fix_pupil_size,B,removed
answer_D,,2.4973905779590666,2.4764477939454443,2.4809777421502255,2.444558402347605,gatherers,mean_avg_fix_pupil_size,B,removed
answer_A,,2.4722837575716023,2.3997395104158277,2.446619855081262,2.423025803171634,gatherers,mean_avg_fix_pupil_size,C,removed
answer_B,,2.464852795054823,2.4864542467540183,2.4264647515735764,2.390632509614673,gatherers,mean_avg_fix_pupil_size,C,removed
answer_C,,2.4796887884352916,2.427905839455938,2.4670094593275342,2.4006407371138296,gatherers,mean_avg_fix_pupil_size,C,removed
answer_D,,2.448783634826818,2.4487950027215297,2.470253158219402,2.378758254663704,gatherers,mean_avg_fix_pupil_size,C,removed
answer_A,,2.5338999512258615,2.48641316444402,2.493116584409905,2.4513478941666786,gatherers,mean_avg_fix_pupil_size,D,removed
answer_B,,2.5128470586551126,2.5087451095546562,2.4900132645629216,2.3828479162540175,gatherers,mean_avg_fix_pupil_size,D,removed
answer_C,,2.5052208158579403,2.4855565246881355,2.507485955857698,2.450468590516011,gatherers,mean_avg_fix_pupil_size,D,removed
answer_D,,2.500953808413176,2.507998817618342,2.450801797569045,2.507569008978597,gatherers,mean_avg_fix_pupil_size,D,removed
answer_A,,2.520931219524912,2.5114740005158613,2.49935387552581,2.4671551450297997,all_participants,mean_avg_fix_pupil_size,A,removed
answer_B,,2.528160004153737,2.507130173594676,2.4918696118506003,2.45164517658437,all_participants,mean_avg_fix_pupil_size,A,removed
answer_C,,2.5360834187198575,2.4833765213308356,2.487968407043689,2.4597159755595532,all_participants,mean_avg_fix_pupil_size,A,removed
answer_D,,2.534635825612579,2.5003091097461296,2.4949353266900647,2.451943613147729,all_participants,mean_avg_fix_pupil_size,A,removed
answer_A,,2.5357568537062325,2.502149374918475,2.5070804469277217,2.4105404851075614,all_participants,mean_avg_fix_pupil_size,B,removed
answer_B,,2.514485197057995,2.478516015964649,2.487374266149718,2.484133581934351,all_participants,mean_avg_fix_pupil_size,B,removed
answer_C,,2.5152618533717086,2.4859830373438645,2.4745568898073134,2.4634388522070276,all_participants,mean_avg_fix_pupil_size,B,removed
answer_D,,2.5016944889791297,2.5106262304136355,2.4948675669135962,2.4710137338728275,all_participants,mean_avg_fix_pupil_size,B,removed
answer_A,,2.4971731077154598,2.416566498174835,2.4694710997572797,2.478733886810484,all_participants,mean_avg_fix_pupil_size,C,removed
answer_B,,2.4919518446539173,2.5199773449401133,2.4511222228429674,2.410769530493014,all_participants,mean_avg_fix_pupil_size,C,removed
answer_C,,2.505240395801245,2.4545662295467188,2.5050165199024037,2.4365845502808,all_participants,mean_avg_fix_pupil_size,C,removed
answer_D,,2.4799838488051913,2.49549052067833,2.4836102619984706,2.394371020441612,all_participants,mean_avg_fix_pupil_size,C,removed
answer_A,,2.5007197262549195,2.4720341538034947,2.510863973625664,2.4429561674314275,all_participants,mean_avg_fix_pupil_size,D,removed
answer_B,,2.5123567395184483,2.523258787523699,2.4784036158563305,2.370446083679196,all_participants,mean_avg_fix_pupil_size,D,removed
answer_C,,2.48649638264564,2.4554293991036307,2.488968385047036,2.474177749744724,all_participants,mean_avg_fix_pupil_size,D,removed
answer_D,,2.5155938962196984,2.498808212690933,2.4612842964298065,2.4781075109396644,all_participants,mean_avg_fix_pupil_size,D,removed
question,2.549850994782064,,,,,hunters,mean_max_fix_pupil_size,A,included
answer_A,,2.5901178491332995,2.5763765280227005,2.561429996985051,2.5543175137693415,hunters,mean_max_fix_pupil_size,A,included
answer_B,,2.585252300181177,2.5703902043663467,2.552409762364272,2.5164571739847035,hunters,mean_max_fix_pupil_size,A,included
answer_C,,2.592353306436956,2.541319426788663,2.54208531671366,2.527856317740279,hunters,mean_max_fix_pupil_size,A,included
answer_D,,2.5991205303987583,2.567004398829488,2.5424344566120434,2.5163812693300813,hunters,mean_max_fix_pupil_size,A,included
question,2.516087003349455,,,,,hunters,mean_max_fix_pupil_size,B,included
answer_A,,2.6137241071989026,2.5667015112058396,2.53923831313929,2.450376704813419,hunters,mean_max_fix_pupil_size,B,included
answer_B,,2.597589881582375,2.5127936969493336,2.5568921398196203,2.5502923407338147,hunters,mean_max_fix_pupil_size,B,included
answer_C,,2.5432145827528774,2.518223563936005,2.5339898054027277,2.5339519494286096,hunters,mean_max_fix_pupil_size,B,included
answer_D,,2.531815301939289,2.5743938100276873,2.5299024614018792,2.526628922610346,hunters,mean_max_fix_pupil_size,B,included
question,2.5112572581994765,,,,,hunters,mean_max_fix_pupil_size,C,included
answer_A,,2.574545835290956,2.4647629101468636,2.533401385360335,2.5747360639790364,hunters,mean_max_fix_pupil_size,C,included
answer_B,,2.5579003221214403,2.5944301314250375,2.5119979863537107,2.469898384527986,hunters,mean_max_fix_pupil_size,C,included
answer_C,,2.5908788073877833,2.5315619404486287,2.5945700850935483,2.521519448816676,hunters,mean_max_fix_pupil_size,C,included
answer_D,,2.5549234995301755,2.5816420854405195,2.5206769831533746,2.4429871660255125,hunters,mean_max_fix_pupil_size,C,included
question,2.4430232262277034,,,,,hunters,mean_max_fix_pupil_size,D,included
answer_A,,2.4746808298454983,2.4631541379187407,2.572609276876125,2.456864153044493,hunters,mean_max_fix_pupil_size,D,included
answer_B,,2.5430248004201075,2.5644854318706347,2.4773839188836444,2.370265835851855,hunters,mean_max_fix_pupil_size,D,included
answer_C,,2.479117338357325,2.423264570902555,2.470541713430953,2.5431846687785704,hunters,mean_max_fix_pupil_size,D,included
answer_D,,2.578165471933448,2.5168403958893846,2.5103237281016595,2.456964731377156,hunters,mean_max_fix_pupil_size,D,included
question,2.454822210538438,,,,,gatherers,mean_max_fix_pupil_size,A,included
answer_A,,2.5158775506526463,2.4914192686928267,2.479207602826585,2.422668633090504,gatherers,mean_max_fix_pupil_size,A,included
answer_B,,2.505954050334178,2.4674127581450196,2.4548109272108185,2.4115491049476763,gatherers,mean_max_fix_pupil_size,A,included
answer_C,,2.507556752847284,2.4455913482637723,2.4547171156166216,2.4126464934168466,gatherers,mean_max_fix_pupil_size,A,included
answer_D,,2.4971935064959805,2.4504460751631774,2.4676137018183524,2.409145045193912,gatherers,mean_max_fix_pupil_size,A,included
question,2.483622705035578,,,,,gatherers,mean_max_fix_pupil_size,B,included
answer_A,,2.5263187465127315,2.4960229101590787,2.527385334727806,2.4215417816217766,gatherers,mean_max_fix_pupil_size,B,included
answer_B,,2.5381685428313894,2.5138800352388295,2.487211425706037,2.4917558011200542,gatherers,mean_max_fix_pupil_size,B,included
answer_C,,2.538892120314552,2.4879160748105686,2.460187455694695,2.448279443907023,gatherers,mean_max_fix_pupil_size,B,included
answer_D,,2.5239103974503676,2.4921656331894697,2.4972621679949474,2.4624067982939364,gatherers,mean_max_fix_pupil_size,B,included
question,2.4498503474533497,,,,,gatherers,mean_max_fix_pupil_size,C,included
answer_A,,2.5058071514537565,2.423882954375866,2.4682863226577623,2.4514330274534983,gatherers,mean_max_fix_pupil_size,C,included
answer_B,,2.5026556925160843,2.5089144144409854,2.4471630298372626,2.4095021956087415,gatherers,mean_max_fix_pupil_size,C,included
answer_C,,2.523134918860813,2.4589998145564853,2.503627930385176,2.431120557418051,gatherers,mean_max_fix_pupil_size,C,included
answer_D,,2.4752231684095314,2.465407739239071,2.4876759933118304,2.397479462810337,gatherers,mean_max_fix_pupil_size,C,included
question,2.4948751149076167,,,,,gatherers,mean_max_fix_pupil_size,D,included
answer_A,,2.5718130464930367,2.5102519876631773,2.5236001624055926,2.486088237098707,gatherers,mean_max_fix_pupil_size,D,included
answer_B,,2.545598622328302,2.531141835739751,2.508011995208134,2.406413626437438,gatherers,mean_max_fix_pupil_size,D,included
answer_C,,2.5279014131270583,2.508125108145512,2.528967821373373,2.474800498159948,gatherers,mean_max_fix_pupil_size,D,included
answer_D,,2.555873676412298,2.541098451415796,2.484394158469736,2.5446066025469762,gatherers,mean_max_fix_pupil_size,D,included
question,2.505471174337194,,,,,all_participants,mean_max_fix_pupil_size,A,included
answer_A,,2.5541087544089986,2.5353350680419324,2.5221248763225526,2.490315492529998,all_participants,mean_max_fix_pupil_size,A,included
answer_B,,2.5471300862149455,2.5204609513626233,2.504497606925304,2.465124419661841,all_participants,mean_max_fix_pupil_size,A,included
answer_C,,2.5514612420452627,2.4946387698751575,2.499535279003887,2.4718381974475614,all_participants,mean_max_fix_pupil_size,A,included
answer_D,,2.5494931404835484,2.5102936999269345,2.5061491322630185,2.4641046472982624,all_participants,mean_max_fix_pupil_size,A,included
question,2.497782935388616,,,,,all_participants,mean_max_fix_pupil_size,B,included
answer_A,,2.565763216976234,2.524929288364964,2.532259456691407,2.433918415320472,all_participants,mean_max_fix_pupil_size,B,included
answer_B,,2.560990790033173,2.5134349383007724,2.5197725070675245,2.5176981311761524,all_participants,mean_max_fix_pupil_size,B,included
answer_C,,2.5407391637353345,2.5017505521995913,2.4928870116296893,2.4807247244634656,all_participants,mean_max_fix_pupil_size,B,included
answer_D,,2.5273878384273534,2.528090564817817,2.5099850665851204,2.490689534306759,all_participants,mean_max_fix_pupil_size,B,included
question,2.4742087059462654,,,,,all_participants,mean_max_fix_pupil_size,C,included
answer_A,,2.5301888213618233,2.440234936684265,2.493483020833975,2.505476486015755,all_participants,mean_max_fix_pupil_size,C,included
answer_B,,2.52594266643045,2.542891641278399,2.4714761385309303,2.433294633667838,all_participants,mean_max_fix_pupil_size,C,included
answer_C,,2.5491264516017726,2.48725409366493,2.53976119721127,2.4685661233112053,all_participants,mean_max_fix_pupil_size,C,included
answer_D,,2.5086688430762303,2.5114456567541548,2.5016030165477114,2.412648697215395,all_participants,mean_max_fix_pupil_size,C,included
question,2.474944545196275,,,,,all_participants,mean_max_fix_pupil_size,D,included
answer_A,,2.5370073355276688,2.492137430069163,2.5406033245688384,2.474559469994751,all_participants,mean_max_fix_pupil_size,D,included
answer_B,,2.544731650738173,2.5444792741921045,2.496960627462184,2.392510630058368,all_participants,mean_max_fix_pupil_size,D,included
answer_C,,2.5077148994292373,2.4764015428210415,2.5083121266462545,2.4996124538711295,all_participants,mean_max_fix_pupil_size,D,included
answer_D,,2.564578091806271,2.5331826648755986,2.4950319306264226,2.514750580500114,all_participants,mean_max_fix_pupil_size,D,included
answer_A,,2.5901178491332995,2.5763765280227005,2.561429996985051,2.5543175137693415,hunters,mean_max_fix_pupil_size,A,removed
answer_B,,2.585252300181177,2.5703902043663467,2.552409762364272,2.5164571739847035,hunters,mean_max_fix_pupil_size,A,removed
answer_C,,2.592353306436956,2.541319426788663,2.54208531671366,2.527856317740279,hunters,mean_max_fix_pupil_size,A,removed
answer_D,,2.5991205303987583,2.567004398829488,2.5424344566120434,2.5163812693300813,hunters,mean_max_fix_pupil_size,A,removed
answer_A,,2.6137241071989026,2.5667015112058396,2.53923831313929,2.450376704813419,hunters,mean_max_fix_pupil_size,B,removed
answer_B,,2.597589881582375,2.5127936969493336,2.5568921398196203,2.5502923407338147,hunters,mean_max_fix_pupil_size,B,removed
answer_C,,2.5432145827528774,2.518223563936005,2.5339898054027277,2.5339519494286096,hunters,mean_max_fix_pupil_size,B,removed
answer_D,,2.531815301939289,2.5743938100276873,2.5299024614018792,2.526628922610346,hunters,mean_max_fix_pupil_size,B,removed
answer_A,,2.574545835290956,2.4647629101468636,2.533401385360335,2.5747360639790364,hunters,mean_max_fix_pupil_size,C,removed
answer_B,,2.5579003221214403,2.5944301314250375,2.5119979863537107,2.469898384527986,hunters,mean_max_fix_pupil_size,C,removed
answer_C,,2.5908788073877833,2.5315619404486287,2.5945700850935483,2.521519448816676,hunters,mean_max_fix_pupil_size,C,removed
answer_D,,2.5549234995301755,2.5816420854405195,2.5206769831533746,2.4429871660255125,hunters,mean_max_fix_pupil_size,C,removed
answer_A,,2.4746808298454983,2.4631541379187407,2.572609276876125,2.456864153044493,hunters,mean_max_fix_pupil_size,D,removed
answer_B,,2.5430248004201075,2.5644854318706347,2.4773839188836444,2.370265835851855,hunters,mean_max_fix_pupil_size,D,removed
answer_C,,2.479117338357325,2.423264570902555,2.470541713430953,2.5431846687785704,hunters,mean_max_fix_pupil_size,D,removed
answer_D,,2.578165471933448,2.5168403958893846,2.5103237281016595,2.456964731377156,hunters,mean_max_fix_pupil_size,D,removed
answer_A,,2.5158775506526463,2.4914192686928267,2.479207602826585,2.422668633090504,gatherers,mean_max_fix_pupil_size,A,removed
answer_B,,2.505954050334178,2.4674127581450196,2.4548109272108185,2.4115491049476763,gatherers,mean_max_fix_pupil_size,A,removed
answer_C,,2.507556752847284,2.4455913482637723,2.4547171156166216,2.4126464934168466,gatherers,mean_max_fix_pupil_size,A,removed
answer_D,,2.4971935064959805,2.4504460751631774,2.4676137018183524,2.409145045193912,gatherers,mean_max_fix_pupil_size,A,removed
answer_A,,2.5263187465127315,2.4960229101590787,2.527385334727806,2.4215417816217766,gatherers,mean_max_fix_pupil_size,B,removed
answer_B,,2.5381685428313894,2.5138800352388295,2.487211425706037,2.4917558011200542,gatherers,mean_max_fix_pupil_size,B,removed
answer_C,,2.538892120314552,2.4879160748105686,2.460187455694695,2.448279443907023,gatherers,mean_max_fix_pupil_size,B,removed
answer_D,,2.5239103974503676,2.4921656331894697,2.4972621679949474,2.4624067982939364,gatherers,mean_max_fix_pupil_size,B,removed
answer_A,,2.5058071514537565,2.423882954375866,2.4682863226577623,2.4514330274534983,gatherers,mean_max_fix_pupil_size,C,removed
answer_B,,2.5026556925160843,2.5089144144409854,2.4471630298372626,2.4095021956087415,gatherers,mean_max_fix_pupil_size,C,removed
answer_C,,2.523134918860813,2.4589998145564853,2.503627930385176,2.431120557418051,gatherers,mean_max_fix_pupil_size,C,removed
answer_D,,2.4752231684095314,2.465407739239071,2.4876759933118304,2.397479462810337,gatherers,mean_max_fix_pupil_size,C,removed
answer_A,,2.5718130464930367,2.5102519876631773,2.5236001624055926,2.486088237098707,gatherers,mean_max_fix_pupil_size,D,removed
answer_B,,2.545598622328302,2.531141835739751,2.508011995208134,2.406413626437438,gatherers,mean_max_fix_pupil_size,D,removed
answer_C,,2.5279014131270583,2.508125108145512,2.528967821373373,2.474800498159948,gatherers,mean_max_fix_pupil_size,D,removed
answer_D,,2.555873676412298,2.541098451415796,2.484394158469736,2.5446066025469762,gatherers,mean_max_fix_pupil_size,D,removed
answer_A,,2.5541087544089986,2.5353350680419324,2.5221248763225526,2.490315492529998,all_participants,mean_max_fix_pupil_size,A,removed
answer_B,,2.5471300862149455,2.5204609513626233,2.504497606925304,2.465124419661841,all_participants,mean_max_fix_pupil_size,A,removed
answer_C,,2.5514612420452627,2.4946387698751575,2.499535279003887,2.4718381974475614,all_participants,mean_max_fix_pupil_size,A,removed
answer_D,,2.5494931404835484,2.5102936999269345,2.5061491322630185,2.4641046472982624,all_participants,mean_max_fix_pupil_size,A,removed
answer_A,,2.565763216976234,2.524929288364964,2.532259456691407,2.433918415320472,all_participants,mean_max_fix_pupil_size,B,removed
answer_B,,2.560990790033173,2.5134349383007724,2.5197725070675245,2.5176981311761524,all_participants,mean_max_fix_pupil_size,B,removed
answer_C,,2.5407391637353345,2.5017505521995913,2.4928870116296893,2.4807247244634656,all_participants,mean_max_fix_pupil_size,B,removed
answer_D,,2.5273878384273534,2.528090564817817,2.5099850665851204,2.490689534306759,all_participants,mean_max_fix_pupil_size,B,removed
answer_A,,2.5301888213618233,2.440234936684265,2.493483020833975,2.505476486015755,all_participants,mean_max_fix_pupil_size,C,removed
answer_B,,2.52594266643045,2.542891641278399,2.4714761385309303,2.433294633667838,all_participants,mean_max_fix_pupil_size,C,removed
answer_C,,2.5491264516017726,2.48725409366493,2.53976119721127,2.4685661233112053,all_participants,mean_max_fix_pupil_size,C,removed
answer_D,,2.5086688430762303,2.5114456567541548,2.5016030165477114,2.412648697215395,all_participants,mean_max_fix_pupil_size,C,removed
answer_A,,2.5370073355276688,2.492137430069163,2.5406033245688384,2.474559469994751,all_participants,mean_max_fix_pupil_size,D,removed
answer_B,,2.544731650738173,2.5444792741921045,2.496960627462184,2.392510630058368,all_participants,mean_max_fix_pupil_size,D,removed
answer_C,,2.5077148994292373,2.4764015428210415,2.5083121266462545,2.4996124538711295,all_participants,mean_max_fix_pupil_size,D,removed
answer_D,,2.564578091806271,2.5331826648755986,2.4950319306264226,2.514750580500114,all_participants,mean_max_fix_pupil_size,D,removed
question,2.545246927934602,,,,,hunters,mean_min_fix_pupil_size,A,included
answer_A,,2.524912881918726,2.5305764874972785,2.5170544378687048,2.508282329365615,hunters,mean_min_fix_pupil_size,A,included
answer_B,,2.548297067928812,2.5438200109680515,2.5288146118289387,2.4910145804496966,hunters,mean_min_fix_pupil_size,A,included
answer_C,,2.5639702409837692,2.518841108721935,2.5208896935006053,2.503852559211119,hunters,mean_min_fix_pupil_size,A,included
answer_D,,2.5707172570752634,2.5465839387522644,2.519612986724582,2.4929467778640375,hunters,mean_min_fix_pupil_size,A,included
question,2.5068396690187584,,,,,hunters,mean_min_fix_pupil_size,B,included
answer_A,,2.553994453179145,2.520594607554143,2.4904229635108894,2.4020911157936533,hunters,mean_min_fix_pupil_size,B,included
answer_B,,2.5030928620031254,2.439588503348793,2.4914622929900347,2.4772161589380364,hunters,mean_min_fix_pupil_size,B,included
answer_C,,2.4940547636398556,2.4882010793620606,2.490599816918233,2.5014556221014597,hunters,mean_min_fix_pupil_size,B,included
answer_D,,2.4822376501344623,2.5364186439618526,2.5023149569942342,2.4843768418979284,hunters,mean_min_fix_pupil_size,B,included
question,2.4939613633291535,,,,,hunters,mean_min_fix_pupil_size,C,included
answer_A,,2.5102072103182373,2.4194152839552734,2.476614951904017,2.525195409408258,hunters,mean_min_fix_pupil_size,C,included
answer_B,,2.5011651961020265,2.5471122875833756,2.472463452289298,2.415197578662103,hunters,mean_min_fix_pupil_size,C,included
answer_C,,2.5008701347568296,2.4592507961637975,2.5302495958987943,2.451252756414193,hunters,mean_min_fix_pupil_size,C,included
answer_D,,2.4905119466263512,2.549380693163488,2.482779829941486,2.4071640325165795,hunters,mean_min_fix_pupil_size,C,included
question,2.434460013120434,,,,,hunters,mean_min_fix_pupil_size,D,included
answer_A,,2.4053313564168204,2.4312938769631085,2.5179251829820974,2.4020554072892053,hunters,mean_min_fix_pupil_size,D,included
answer_B,,2.478085975912816,2.5247944608438324,2.436239469885023,2.3310689643002314,hunters,mean_min_fix_pupil_size,D,included
answer_C,,2.440074371830973,2.3869935278904846,2.4402311383596618,2.48819770468046,hunters,mean_min_fix_pupil_size,D,included
answer_D,,2.4976656324677986,2.4403041100327445,2.438727451515618,2.3861373078898205,hunters,mean_min_fix_pupil_size,D,included
question,2.446798049846051,,,,,gatherers,mean_min_fix_pupil_size,A,included
answer_A,,2.4470132369187114,2.441228842901598,2.43255217479048,2.3751657912135307,gatherers,mean_min_fix_pupil_size,A,included
answer_B,,2.466585784326772,2.4399594629214705,2.4275086642021457,2.3825633716478563,gatherers,mean_min_fix_pupil_size,A,included
answer_C,,2.4743605411224467,2.422379831662767,2.429508968668726,2.3878686297248444,gatherers,mean_min_fix_pupil_size,A,included
answer_D,,2.4657194969991973,2.430575510370015,2.44565256751966,2.384215679995814,gatherers,mean_min_fix_pupil_size,A,included
question,2.4672554503270616,,,,,gatherers,mean_min_fix_pupil_size,B,included
answer_A,,2.466295435349881,2.4501270164945215,2.476106359095062,2.3767573453636204,gatherers,mean_min_fix_pupil_size,B,included
answer_B,,2.4467627132456182,2.445248830577075,2.422578509271146,2.4274411673050174,gatherers,mean_min_fix_pupil_size,B,included
answer_C,,2.488321461280193,2.4531817760156667,2.428618931975381,2.4121173165174863,gatherers,mean_min_fix_pupil_size,B,included
answer_D,,2.4701459576718543,2.461030933219188,2.464899677710204,2.427282455856216,gatherers,mean_min_fix_pupil_size,B,included
question,2.431177923803114,,,,,gatherers,mean_min_fix_pupil_size,C,included
answer_A,,2.4404318124222417,2.3751544871984067,2.4247001114304765,2.394238241554557,gatherers,mean_min_fix_pupil_size,C,included
answer_B,,2.429681288031436,2.46417219827959,2.4046442370063734,2.3716343993059605,gatherers,mean_min_fix_pupil_size,C,included
answer_C,,2.4364962279960567,2.396405468357161,2.430320019796483,2.3712124104701053,gatherers,mean_min_fix_pupil_size,C,included
answer_D,,2.423862357695344,2.4325571029204065,2.4510497115602017,2.3586275513916943,gatherers,mean_min_fix_pupil_size,C,included
question,2.472624784986328,,,,,gatherers,mean_min_fix_pupil_size,D,included
answer_A,,2.4951397450470454,2.461518851729133,2.46118869482323,2.416797435648379,gatherers,mean_min_fix_pupil_size,D,included
answer_B,,2.479433213956198,2.485835335258101,2.471986883702359,2.3578953463993586,gatherers,mean_min_fix_pupil_size,D,included
answer_C,,2.4823391169006714,2.46128045470905,2.484824096824331,2.427690422111807,gatherers,mean_min_fix_pupil_size,D,included
answer_D,,2.443155771100717,2.4748540200819136,2.4144408240188198,2.4706807485053064,gatherers,mean_min_fix_pupil_size,D,included
question,2.499269874062508,,,,,all_participants,mean_min_fix_pupil_size,A,included
answer_A,,2.487128878443498,2.487414104329863,2.476659461773232,2.443566796212684,all_participants,mean_min_fix_pupil_size,A,included
answer_B,,2.509014800754661,2.4934625805713257,2.479082601175786,2.4379481260907148,all_participants,mean_min_fix_pupil_size,A,included
answer_C,,2.5207570977399874,2.4718029162790893,2.4763854775648304,2.4474580481341435,all_participants,mean_min_fix_pupil_size,A,included
answer_D,,2.519594752169313,2.4901407878454394,2.483744893610039,2.4399414193469,all_participants,mean_min_fix_pupil_size,A,included
question,2.4845212371800574,,,,,all_participants,mean_min_fix_pupil_size,B,included
answer_A,,2.5058724280112927,2.478947095107558,2.481993560910916,2.387631201164639,all_participants,mean_min_fix_pupil_size,B,included
answer_B,,2.4683977118316394,2.442929668726598,2.454767193251935,2.4495005385969235,all_participants,mean_min_fix_pupil_size,B,included
answer_C,,2.490771374623309,2.4691670580137854,2.4560807597099616,2.4459508827411196,all_participants,mean_min_fix_pupil_size,B,included
answer_D,,2.4754652056032507,2.4939673116989933,2.4794838236956265,2.452426212239549,all_participants,mean_min_fix_pupil_size,B,included
question,2.4560823117427084,,,,,all_participants,mean_min_fix_pupil_size,C,included
answer_A,,2.4651812056930433,2.3928588059011533,2.4447888975267595,2.451636489592562,all_participants,mean_min_fix_pupil_size,C,included
answer_B,,2.4598135183392182,2.4971260730476117,2.4300764427374704,2.3887956517795925,all_participants,mean_min_fix_pupil_size,C,included
answer_C,,2.4611947881410066,2.4208762154677097,2.4700241817299906,2.4043671981205854,all_participants,mean_min_fix_pupil_size,C,included
answer_D,,2.4518313816217487,2.478828407291196,2.464440403721111,2.374806378433323,all_participants,mean_min_fix_pupil_size,C,included
question,2.457955200800375,,,,,all_participants,mean_min_fix_pupil_size,D,included
answer_A,,2.4629584057878815,2.449893861434508,2.4808727825518164,2.410981773084668,all_participants,mean_min_fix_pupil_size,D,included
answer_B,,2.4789794074573748,2.5014189854923936,2.4590883323249697,2.347577507130463,all_participants,mean_min_fix_pupil_size,D,included
answer_C,,2.4648502568718307,2.4335096409451005,2.469058909488337,2.449644391893354,all_participants,mean_min_fix_pupil_size,D,included
answer_D,,2.4644405741107205,2.4635798389079744,2.424404568632891,2.4418802357681626,all_participants,mean_min_fix_pupil_size,D,included
answer_A,,2.524912881918726,2.5305764874972785,2.5170544378687048,2.508282329365615,hunters,mean_min_fix_pupil_size,A,removed
answer_B,,2.548297067928812,2.5438200109680515,2.5288146118289387,2.4910145804496966,hunters,mean_min_fix_pupil_size,A,removed
answer_C,,2.5639702409837692,2.518841108721935,2.5208896935006053,2.503852559211119,hunters,mean_min_fix_pupil_size,A,removed
answer_D,,2.5707172570752634,2.5465839387522644,2.519612986724582,2.4929467778640375,hunters,mean_min_fix_pupil_size,A,removed
answer_A,,2.553994453179145,2.520594607554143,2.4904229635108894,2.4020911157936533,hunters,mean_min_fix_pupil_size,B,removed
answer_B,,2.5030928620031254,2.439588503348793,2.4914622929900347,2.4772161589380364,hunters,mean_min_fix_pupil_size,B,removed
answer_C,,2.4940547636398556,2.4882010793620606,2.490599816918233,2.5014556221014597,hunters,mean_min_fix_pupil_size,B,removed
answer_D,,2.4822376501344623,2.5364186439618526,2.5023149569942342,2.4843768418979284,hunters,mean_min_fix_pupil_size,B,removed
answer_A,,2.5102072103182373,2.4194152839552734,2.476614951904017,2.525195409408258,hunters,mean_min_fix_pupil_size,C,removed
answer_B,,2.5011651961020265,2.5471122875833756,2.472463452289298,2.415197578662103,hunters,mean_min_fix_pupil_size,C,removed
answer_C,,2.5008701347568296,2.4592507961637975,2.5302495958987943,2.451252756414193,hunters,mean_min_fix_pupil_size,C,removed
answer_D,,2.4905119466263512,2.549380693163488,2.482779829941486,2.4071640325165795,hunters,mean_min_fix_pupil_size,C,removed
answer_A,,2.4053313564168204,2.4312938769631085,2.5179251829820974,2.4020554072892053,hunters,mean_min_fix_pupil_size,D,removed
answer_B,,2.478085975912816,2.5247944608438324,2.436239469885023,2.3310689643002314,hunters,mean_min_fix_pupil_size,D,removed
answer_C,,2.440074371830973,2.3869935278904846,2.4402311383596618,2.48819770468046,hunters,mean_min_fix_pupil_size,D,removed
answer_D,,2.4976656324677986,2.4403041100327445,2.438727451515618,2.3861373078898205,hunters,mean_min_fix_pupil_size,D,removed
answer_A,,2.4470132369187114,2.441228842901598,2.43255217479048,2.3751657912135307,gatherers,mean_min_fix_pupil_size,A,removed
answer_B,,2.466585784326772,2.4399594629214705,2.4275086642021457,2.3825633716478563,gatherers,mean_min_fix_pupil_size,A,removed
answer_C,,2.4743605411224467,2.422379831662767,2.429508968668726,2.3878686297248444,gatherers,mean_min_fix_pupil_size,A,removed
answer_D,,2.4657194969991973,2.430575510370015,2.44565256751966,2.384215679995814,gatherers,mean_min_fix_pupil_size,A,removed
answer_A,,2.466295435349881,2.4501270164945215,2.476106359095062,2.3767573453636204,gatherers,mean_min_fix_pupil_size,B,removed
answer_B,,2.4467627132456182,2.445248830577075,2.422578509271146,2.4274411673050174,gatherers,mean_min_fix_pupil_size,B,removed
answer_C,,2.488321461280193,2.4531817760156667,2.428618931975381,2.4121173165174863,gatherers,mean_min_fix_pupil_size,B,removed
answer_D,,2.4701459576718543,2.461030933219188,2.464899677710204,2.427282455856216,gatherers,mean_min_fix_pupil_size,B,removed
answer_A,,2.4404318124222417,2.3751544871984067,2.4247001114304765,2.394238241554557,gatherers,mean_min_fix_pupil_size,C,removed
answer_B,,2.429681288031436,2.46417219827959,2.4046442370063734,2.3716343993059605,gatherers,mean_min_fix_pupil_size,C,removed
answer_C,,2.4364962279960567,2.396405468357161,2.430320019796483,2.3712124104701053,gatherers,mean_min_fix_pupil_size,C,removed
answer_D,,2.423862357695344,2.4325571029204065,2.4510497115602017,2.3586275513916943,gatherers,mean_min_fix_pupil_size,C,removed
answer_A,,2.4951397450470454,2.461518851729133,2.46118869482323,2.416797435648379,gatherers,mean_min_fix_pupil_size,D,removed
answer_B,,2.479433213956198,2.485835335258101,2.471986883702359,2.3578953463993586,gatherers,mean_min_fix_pupil_size,D,removed
answer_C,,2.4823391169006714,2.46128045470905,2.484824096824331,2.427690422111807,gatherers,mean_min_fix_pupil_size,D,removed
answer_D,,2.443155771100717,2.4748540200819136,2.4144408240188198,2.4706807485053064,gatherers,mean_min_fix_pupil_size,D,removed
answer_A,,2.487128878443498,2.487414104329863,2.476659461773232,2.443566796212684,all_participants,mean_min_fix_pupil_size,A,removed
answer_B,,2.509014800754661,2.4934625805713257,2.479082601175786,2.4379481260907148,all_participants,mean_min_fix_pupil_size,A,removed
answer_C,,2.5207570977399874,2.4718029162790893,2.4763854775648304,2.4474580481341435,all_participants,mean_min_fix_pupil_size,A,removed
answer_D,,2.519594752169313,2.4901407878454394,2.483744893610039,2.4399414193469,all_participants,mean_min_fix_pupil_size,A,removed
answer_A,,2.5058724280112927,2.478947095107558,2.481993560910916,2.387631201164639,all_participants,mean_min_fix_pupil_size,B,removed
answer_B,,2.4683977118316394,2.442929668726598,2.454767193251935,2.4495005385969235,all_participants,mean_min_fix_pupil_size,B,removed
answer_C,,2.490771374623309,2.4691670580137854,2.4560807597099616,2.4459508827411196,all_participants,mean_min_fix_pupil_size,B,removed
answer_D,,2.4754652056032507,2.4939673116989933,2.4794838236956265,2.452426212239549,all_participants,mean_min_fix_pupil_size,B,removed
answer_A,,2.4651812056930433,2.3928588059011533,2.4447888975267595,2.451636489592562,all_participants,mean_min_fix_pupil_size,C,removed
answer_B,,2.4598135183392182,2.4971260730476117,2.4300764427374704,2.3887956517795925,all_participants,mean_min_fix_pupil_size,C,removed
answer_C,,2.4611947881410066,2.4208762154677097,2.4700241817299906,2.4043671981205854,all_participants,mean_min_fix_pupil_size,C,removed
answer_D,,2.4518313816217487,2.478828407291196,2.464440403721111,2.374806378433323,all_participants,mean_min_fix_pupil_size,C,removed
answer_A,,2.4629584057878815,2.449893861434508,2.4808727825518164,2.410981773084668,all_participants,mean_min_fix_pupil_size,D,removed
answer_B,,2.4789794074573748,2.5014189854923936,2.4590883323249697,2.347577507130463,all_participants,mean_min_fix_pupil_size,D,removed
answer_C,,2.4648502568718307,2.4335096409451005,2.469058909488337,2.449644391893354,all_participants,mean_min_fix_pupil_size,D,removed
answer_D,,2.4644405741107205,2.4635798389079744,2.424404568632891,2.4418802357681626,all_participants,mean_min_fix_pupil_size,D,removed
question,2.5493661425701695,,,,,hunters,first_encounter_avg_pupil_size,A,included
answer_A,,2.5601609342585316,2.5572340190826512,2.554566720612262,2.5537794066999733,hunters,first_encounter_avg_pupil_size,A,included
answer_B,,2.5869604169960163,2.5540718485259224,2.556842701907005,2.5206333952787,hunters,first_encounter_avg_pupil_size,A,included
answer_C,,2.5973822288401016,2.529125334939896,2.5478743619290927,2.5338151239424156,hunters,first_encounter_avg_pupil_size,A,included
answer_D,,2.6022441095978905,2.5578281625285646,2.548967170619537,2.52323200279524,hunters,first_encounter_avg_pupil_size,A,included
question,2.5137555931544675,,,,,hunters,first_encounter_avg_pupil_size,B,included
answer_A,,2.598274285642349,2.5456102061403456,2.525403971944595,2.439339967142065,hunters,first_encounter_avg_pupil_size,B,included
answer_B,,2.5562168558175298,2.4757331323874037,2.547902766002823,2.5299920615555553,hunters,first_encounter_avg_pupil_size,B,included
answer_C,,2.5342339919553947,2.5017631694454283,2.521940110650037,2.533847320455867,hunters,first_encounter_avg_pupil_size,B,included
answer_D,,2.522070988772753,2.550765417384651,2.5283070276604014,2.5150859232784324,hunters,first_encounter_avg_pupil_size,B,included
question,2.5031903299481284,,,,,hunters,first_encounter_avg_pupil_size,C,included
answer_A,,2.5505624636385726,2.441513512305407,2.5158821587365825,2.5731447058573123,hunters,first_encounter_avg_pupil_size,C,included
answer_B,,2.544309018679655,2.5725230504211924,2.5045770640077722,2.466230052753953,hunters,first_encounter_avg_pupil_size,C,included
answer_C,,2.556552570386105,2.510524241389981,2.580942612884534,2.515385422138633,hunters,first_encounter_avg_pupil_size,C,included
answer_D,,2.5330923488251904,2.5621717609731385,2.515561713158479,2.4397377257810056,hunters,first_encounter_avg_pupil_size,C,included
question,2.44084192593296,,,,,hunters,first_encounter_avg_pupil_size,D,included
answer_A,,2.447246635644034,2.447373855406213,2.5666021836748345,2.445082426295358,hunters,first_encounter_avg_pupil_size,D,included
answer_B,,2.5090268989725546,2.5425804840775594,2.4671071595569765,2.387919217033196,hunters,first_encounter_avg_pupil_size,D,included
answer_C,,2.4673674019738714,2.3933783902224564,2.467374333754695,2.529525984229766,hunters,first_encounter_avg_pupil_size,D,included
answer_D,,2.5404766218790686,2.502851483105583,2.5055987742554033,2.442161078102812,hunters,first_encounter_avg_pupil_size,D,included
question,2.4518373378617544,,,,,gatherers,first_encounter_avg_pupil_size,A,included
answer_A,,2.484460075947996,2.469541558934139,2.471380586451959,2.417029785512093,gatherers,first_encounter_avg_pupil_size,A,included
answer_B,,2.5066693233986963,2.4538097973624526,2.463019310172073,2.409393441659395,gatherers,first_encounter_avg_pupil_size,A,included
answer_C,,2.5151241931139623,2.435190609825744,2.465525619380329,2.4162440243343526,gatherers,first_encounter_avg_pupil_size,A,included
answer_D,,2.5026678617184257,2.441502981639557,2.478585153086249,2.4117461546772407,gatherers,first_encounter_avg_pupil_size,A,included
question,2.473956304956526,,,,,gatherers,first_encounter_avg_pupil_size,B,included
answer_A,,2.5157676084270273,2.4719645938857435,2.5242294039572726,2.4126358092789095,gatherers,first_encounter_avg_pupil_size,B,included
answer_B,,2.495951016421446,2.483671568613792,2.4733700765909097,2.480285719125577,gatherers,first_encounter_avg_pupil_size,B,included
answer_C,,2.5246952484970713,2.4621956616326295,2.4636381422237568,2.4463519356164576,gatherers,first_encounter_avg_pupil_size,B,included
answer_D,,2.5132384785466786,2.475241326169638,2.4990772714009717,2.453486439069548,gatherers,first_encounter_avg_pupil_size,B,included
question,2.442783193426808,,,,,gatherers,first_encounter_avg_pupil_size,C,included
answer_A,,2.4873819249654043,2.3996486733173525,2.4720472771515234,2.4407589785526405,gatherers,first_encounter_avg_pupil_size,C,included
answer_B,,2.4799049959705863,2.482160123146615,2.443975189458661,2.405867310503758,gatherers,first_encounter_avg_pupil_size,C,included
answer_C,,2.493851279374923,2.4264072734070092,2.487791655979277,2.4220182284004523,gatherers,first_encounter_avg_pupil_size,C,included
answer_D,,2.4618998794555482,2.4463991137252545,2.485027498042497,2.3913041819224357,gatherers,first_encounter_avg_pupil_size,C,included
question,2.488583393974744,,,,,gatherers,first_encounter_avg_pupil_size,D,included
answer_A,,2.5535772518473774,2.4814099678513006,2.49877222807971,2.47713395382059,gatherers,first_encounter_avg_pupil_size,D,included
answer_B,,2.523564224571178,2.5050998148917683,2.503345795325447,2.3844369728093207,gatherers,first_encounter_avg_pupil_size,D,included
answer_C,,2.5314234745339115,2.4886910903444273,2.5338229345733563,2.4750622220476663,gatherers,first_encounter_avg_pupil_size,D,included
answer_D,,2.514343361820769,2.512972400943377,2.4766665810441157,2.540748192871341,gatherers,first_encounter_avg_pupil_size,D,included
question,2.503818776310429,,,,,all_participants,first_encounter_avg_pupil_size,A,included
answer_A,,2.5234434178503053,2.5148712284019172,2.5148008992191757,2.487297624898195,all_participants,first_encounter_avg_pupil_size,A,included
answer_B,,2.548360898650965,2.505459171644678,2.5107839459644024,2.466202375220453,all_participants,first_encounter_avg_pupil_size,A,included
answer_C,,2.5577143325488874,2.483319185449723,2.5077688995662997,2.476648887994497,all_participants,first_encounter_avg_pupil_size,A,included
answer_D,,2.5537612922783013,2.501230897737185,2.5148344711890647,2.468883730176458,all_participants,first_encounter_avg_pupil_size,A,included
question,2.491315900513498,,,,,all_participants,first_encounter_avg_pupil_size,B,included
answer_A,,2.553001390965224,2.50208443057616,2.5247124038772935,2.4240978679051044,all_participants,first_encounter_avg_pupil_size,B,included
answer_B,,2.5190976151590516,2.4804190148821466,2.5081984361291867,2.502314666338863,all_participants,first_encounter_avg_pupil_size,B,included
answer_C,,2.528771275437412,2.480257065198942,2.489469954967084,2.4794875640333625,all_participants,first_encounter_avg_pupil_size,B,included
answer_D,,2.517123981911437,2.508237288350954,2.5104707726807494,2.4806141924559424,all_participants,first_encounter_avg_pupil_size,B,included
question,2.466744970188386,,,,,all_participants,first_encounter_avg_pupil_size,C,included
answer_A,,2.509792116033238,2.416394608912574,2.489009470460525,2.498783361158518,all_participants,first_encounter_avg_pupil_size,C,included
answer_B,,2.5070528799824805,2.518063250501246,2.466700892414578,2.4296465726023193,all_participants,first_encounter_avg_pupil_size,C,included
answer_C,,2.5179081012322744,2.459160783064096,2.5248025272496695,2.4606933421246358,all_participants,first_encounter_avg_pupil_size,C,included
answer_D,,2.49177529070888,2.4922541622430443,2.497913497082269,2.4074486965419593,all_participants,first_encounter_avg_pupil_size,C,included
question,2.4702327671961832,,,,,all_participants,first_encounter_avg_pupil_size,D,included
answer_A,,2.515475447707846,2.468319155372421,2.522305069816794,2.4644897732372417,all_participants,first_encounter_avg_pupil_size,D,included
answer_B,,2.5186674412116417,2.5200920825660846,2.490269998914143,2.385776297510811,all_participants,first_encounter_avg_pupil_size,D,included
answer_C,,2.5049175134745845,2.45306017441098,2.5103310049910013,2.4948234100960387,all_participants,first_encounter_avg_pupil_size,D,included
answer_D,,2.524547777653057,2.509669785648939,2.4885361987718237,2.507163571356787,all_participants,first_encounter_avg_pupil_size,D,included
answer_A,,2.5601609342585316,2.5572340190826512,2.554566720612262,2.5537794066999733,hunters,first_encounter_avg_pupil_size,A,removed
answer_B,,2.5869604169960163,2.5540718485259224,2.556842701907005,2.5206333952787,hunters,first_encounter_avg_pupil_size,A,removed
answer_C,,2.5973822288401016,2.529125334939896,2.5478743619290927,2.5338151239424156,hunters,first_encounter_avg_pupil_size,A,removed
answer_D,,2.6022441095978905,2.5578281625285646,2.548967170619537,2.52323200279524,hunters,first_encounter_avg_pupil_size,A,removed
answer_A,,2.598274285642349,2.5456102061403456,2.525403971944595,2.439339967142065,hunters,first_encounter_avg_pupil_size,B,removed
answer_B,,2.5562168558175298,2.4757331323874037,2.547902766002823,2.5299920615555553,hunters,first_encounter_avg_pupil_size,B,removed
answer_C,,2.5342339919553947,2.5017631694454283,2.521940110650037,2.533847320455867,hunters,first_encounter_avg_pupil_size,B,removed
answer_D,,2.522070988772753,2.550765417384651,2.5283070276604014,2.5150859232784324,hunters,first_encounter_avg_pupil_size,B,removed
answer_A,,2.5505624636385726,2.441513512305407,2.5158821587365825,2.5731447058573123,hunters,first_encounter_avg_pupil_size,C,removed
answer_B,,2.544309018679655,2.5725230504211924,2.5045770640077722,2.466230052753953,hunters,first_encounter_avg_pupil_size,C,removed
answer_C,,2.556552570386105,2.510524241389981,2.580942612884534,2.515385422138633,hunters,first_encounter_avg_pupil_size,C,removed
answer_D,,2.5330923488251904,2.5621717609731385,2.515561713158479,2.4397377257810056,hunters,first_encounter_avg_pupil_size,C,removed
answer_A,,2.447246635644034,2.447373855406213,2.5666021836748345,2.445082426295358,hunters,first_encounter_avg_pupil_size,D,removed
answer_B,,2.5090268989725546,2.5425804840775594,2.4671071595569765,2.387919217033196,hunters,first_encounter_avg_pupil_size,D,removed
answer_C,,2.4673674019738714,2.3933783902224564,2.467374333754695,2.529525984229766,hunters,first_encounter_avg_pupil_size,D,removed
answer_D,,2.5404766218790686,2.502851483105583,2.5055987742554033,2.442161078102812,hunters,first_encounter_avg_pupil_size,D,removed
answer_A,,2.484460075947996,2.469541558934139,2.471380586451959,2.417029785512093,gatherers,first_encounter_avg_pupil_size,A,removed
answer_B,,2.5066693233986963,2.4538097973624526,2.463019310172073,2.409393441659395,gatherers,first_encounter_avg_pupil_size,A,removed
answer_C,,2.5151241931139623,2.435190609825744,2.465525619380329,2.4162440243343526,gatherers,first_encounter_avg_pupil_size,A,removed
answer_D,,2.5026678617184257,2.441502981639557,2.478585153086249,2.4117461546772407,gatherers,first_encounter_avg_pupil_size,A,removed
answer_A,,2.5157676084270273,2.4719645938857435,2.5242294039572726,2.4126358092789095,gatherers,first_encounter_avg_pupil_size,B,removed
answer_B,,2.495951016421446,2.483671568613792,2.4733700765909097,2.480285719125577,gatherers,first_encounter_avg_pupil_size,B,removed
answer_C,,2.5246952484970713,2.4621956616326295,2.4636381422237568,2.4463519356164576,gatherers,first_encounter_avg_pupil_size,B,removed
answer_D,,2.5132384785466786,2.475241326169638,2.4990772714009717,2.453486439069548,gatherers,first_encounter_avg_pupil_size,B,removed
answer_A,,2.4873819249654043,2.3996486733173525,2.4720472771515234,2.4407589785526405,gatherers,first_encounter_avg_pupil_size,C,removed
answer_B,,2.4799049959705863,2.482160123146615,2.443975189458661,2.405867310503758,gatherers,first_encounter_avg_pupil_size,C,removed
answer_C,,2.493851279374923,2.4264072734070092,2.487791655979277,2.4220182284004523,gatherers,first_encounter_avg_pupil_size,C,removed
answer_D,,2.4618998794555482,2.4463991137252545,2.485027498042497,2.3913041819224357,gatherers,first_encounter_avg_pupil_size,C,removed
answer_A,,2.5535772518473774,2.4814099678513006,2.49877222807971,2.47713395382059,gatherers,first_encounter_avg_pupil_size,D,removed
answer_B,,2.523564224571178,2.5050998148917683,2.503345795325447,2.3844369728093207,gatherers,first_encounter_avg_pupil_size,D,removed
answer_C,,2.5314234745339115,2.4886910903444273,2.5338229345733563,2.4750622220476663,gatherers,first_encounter_avg_pupil_size,D,removed
answer_D,,2.514343361820769,2.512972400943377,2.4766665810441157,2.540748192871341,gatherers,first_encounter_avg_pupil_size,D,removed
answer_A,,2.5234434178503053,2.5148712284019172,2.5148008992191757,2.487297624898195,all_participants,first_encounter_avg_pupil_size,A,removed
answer_B,,2.548360898650965,2.505459171644678,2.5107839459644024,2.466202375220453,all_participants,first_encounter_avg_pupil_size,A,removed
answer_C,,2.5577143325488874,2.483319185449723,2.5077688995662997,2.476648887994497,all_participants,first_encounter_avg_pupil_size,A,removed
answer_D,,2.5537612922783013,2.501230897737185,2.5148344711890647,2.468883730176458,all_participants,first_encounter_avg_pupil_size,A,removed
answer_A,,2.553001390965224,2.50208443057616,2.5247124038772935,2.4240978679051044,all_participants,first_encounter_avg_pupil_size,B,removed
answer_B,,2.5190976151590516,2.4804190148821466,2.5081984361291867,2.502314666338863,all_participants,first_encounter_avg_pupil_size,B,removed
answer_C,,2.528771275437412,2.480257065198942,2.489469954967084,2.4794875640333625,all_participants,first_encounter_avg_pupil_size,B,removed
answer_D,,2.517123981911437,2.508237288350954,2.5104707726807494,2.4806141924559424,all_participants,first_encounter_avg_pupil_size,B,removed
answer_A,,2.509792116033238,2.416394608912574,2.489009470460525,2.498783361158518,all_participants,first_encounter_avg_pupil_size,C,removed
answer_B,,2.5070528799824805,2.518063250501246,2.466700892414578,2.4296465726023193,all_participants,first_encounter_avg_pupil_size,C,removed
answer_C,,2.5179081012322744,2.459160783064096,2.5248025272496695,2.4606933421246358,all_participants,first_encounter_avg_pupil_size,C,removed
answer_D,,2.49177529070888,2.4922541622430443,2.497913497082269,2.4074486965419593,all_participants,first_encounter_avg_pupil_size,C,removed
answer_A,,2.515475447707846,2.468319155372421,2.522305069816794,2.4644897732372417,all_participants,first_encounter_avg_pupil_size,D,removed
answer_B,,2.5186674412116417,2.5200920825660846,2.490269998914143,2.385776297510811,all_participants,first_encounter_avg_pupil_size,D,removed
answer_C,,2.5049175134745845,2.45306017441098,2.5103310049910013,2.4948234100960387,all_participants,first_encounter_avg_pupil_size,D,removed
answer_D,,2.524547777653057,2.509669785648939,2.4885361987718237,2.507163571356787,all_participants,first_encounter_avg_pupil_size,D,removed
question,0.30820215410107704,,,,,hunters,num_label_visits,A,included
answer_A,,2.460458586803931,1.8027972027972028,2.0,1.915609756097561,hunters,num_label_visits,A,included
answer_B,,1.7604017216642756,1.3739573679332715,1.325735992402659,1.3715377268385864,hunters,num_label_visits,A,included
answer_C,,1.649214659685864,1.3235152100434573,1.292963140258497,1.3651736745886653,hunters,num_label_visits,A,included
answer_D,,1.6042452830188678,1.2862650602409638,1.335517080018718,1.3377420878601796,hunters,num_label_visits,A,included
question,0.5443548387096774,,,,,hunters,num_label_visits,B,included
answer_A,,2.3241758241758244,1.7880434782608696,1.8626373626373627,1.9183673469387754,hunters,num_label_visits,B,included
answer_B,,3.0542168674698793,2.50561797752809,2.5,2.566326530612245,hunters,num_label_visits,B,included
answer_C,,2.16,1.5454545454545454,1.6844919786096257,1.6918238993710693,hunters,num_label_visits,B,included
answer_D,,2.2448979591836733,1.6521739130434783,1.4853801169590644,1.6476683937823835,hunters,num_label_visits,B,included
question,0.6844919786096256,,,,,hunters,num_label_visits,C,included
answer_A,,2.4719101123595504,1.879120879120879,2.131868131868132,1.9805825242718447,hunters,num_label_visits,C,included
answer_B,,2.276595744680851,1.7777777777777777,1.7578947368421052,1.8631578947368421,hunters,num_label_visits,C,included
answer_C,,3.3473684210526318,2.741573033707865,2.388888888888889,2.62,hunters,num_label_visits,C,included
answer_D,,2.4166666666666665,1.6923076923076923,1.6734693877551021,1.736842105263158,hunters,num_label_visits,C,included
question,0.7631578947368421,,,,,hunters,num_label_visits,D,included
answer_A,,2.813953488372093,1.8666666666666667,2.323529411764706,2.7333333333333334,hunters,num_label_visits,D,included
answer_B,,3.15625,1.86,1.7142857142857142,1.8285714285714285,hunters,num_label_visits,D,included
answer_C,,2.4444444444444446,2.05,1.7428571428571429,2.024390243902439,hunters,num_label_visits,D,included
answer_D,,3.5365853658536586,2.65625,3.3333333333333335,2.7419354838709675,hunters,num_label_visits,D,included
question,0.41229404309252216,,,,,gatherers,num_label_visits,A,included
answer_A,,2.5783433133732534,1.9198606271777003,2.059732234809475,2.027906976744186,gatherers,num_label_visits,A,included
answer_B,,1.8164326573062923,1.3800498753117207,1.4092508798391152,1.449569183983781,gatherers,num_label_visits,A,included
answer_C,,1.7214285714285715,1.349768875192604,1.3854748603351956,1.403674280039722,gatherers,num_label_visits,A,included
answer_D,,1.6879680479281078,1.310005184033178,1.3261306532663317,1.4146341463414633,gatherers,num_label_visits,A,included
question,0.671,,,,,gatherers,num_label_visits,B,included
answer_A,,2.4055299539170507,1.7898832684824904,1.8178438661710037,1.9027237354085602,gatherers,num_label_visits,B,included
answer_B,,3.284644194756554,2.4202334630350193,2.54978354978355,2.5061224489795917,gatherers,num_label_visits,B,included
answer_C,,2.162878787878788,1.6229508196721312,1.609442060085837,1.6718146718146718,gatherers,num_label_visits,B,included
answer_D,,2.0674603174603177,1.5661157024793388,1.4981273408239701,1.598326359832636,gatherers,num_label_visits,B,included
question,0.8626760563380281,,,,,gatherers,num_label_visits,C,included
answer_A,,2.5657894736842106,1.8656716417910448,1.8918918918918919,1.9776119402985075,gatherers,num_label_visits,C,included
answer_B,,2.6384615384615384,1.8478260869565217,1.7564102564102564,1.7847222222222223,gatherers,num_label_visits,C,included
answer_C,,3.281045751633987,2.369565217391304,2.7794117647058822,2.631205673758865,gatherers,num_label_visits,C,included
answer_D,,2.330827067669173,1.6455696202531647,1.7890625,1.8389261744966443,gatherers,num_label_visits,C,included
question,1.0888030888030888,,,,,gatherers,num_label_visits,D,included
answer_A,,3.0256410256410255,2.16,2.296875,2.4328358208955225,gatherers,num_label_visits,D,included
answer_B,,3.203125,1.9078947368421053,1.7096774193548387,1.8771929824561404,gatherers,num_label_visits,D,included
answer_C,,2.6923076923076925,1.8840579710144927,2.0625,1.972972972972973,gatherers,num_label_visits,D,included
answer_D,,3.8461538461538463,2.59375,2.9855072463768115,2.622950819672131,gatherers,num_label_visits,D,included
question,0.35846747046942895,,,,,all_participants,num_label_visits,A,included
answer_A,,2.51750784834581,1.8594126143476168,2.0285784676028578,1.970138017565872,all_participants,num_label_visits,A,included
answer_B,,1.7872446437468859,1.3768916646649052,1.3663003663003663,1.4093926727317434,all_participants,num_label_visits,A,included
answer_C,,1.6840679635557745,1.3362369337979094,1.3378511582060129,1.3836268443598287,all_participants,num_label_visits,A,included
answer_D,,1.6449187484841135,1.2977022977022976,1.3309910346498668,1.3747858017135863,all_participants,num_label_visits,A,included
question,0.6169724770642202,,,,,all_participants,num_label_visits,B,included
answer_A,,2.3684210526315788,1.7891156462585034,1.835920177383592,1.9094922737306843,all_participants,num_label_visits,B,included
answer_B,,3.1963048498845263,2.4551724137931035,2.5264367816091955,2.5328798185941044,all_participants,num_label_visits,B,included
answer_C,,2.1616379310344827,1.588235294117647,1.6428571428571428,1.6794258373205742,all_participants,num_label_visits,B,included
answer_D,,2.1450892857142856,1.6032863849765258,1.4931506849315068,1.6203703703703705,all_participants,num_label_visits,B,included
question,0.7919320594479831,,,,,all_participants,num_label_visits,C,included
answer_A,,2.5311203319502074,1.8711111111111112,1.9832635983263598,1.978902953586498,all_participants,num_label_visits,C,included
answer_B,,2.486607142857143,1.8201754385964912,1.7569721115537849,1.8158995815899581,all_participants,num_label_visits,C,included
answer_C,,3.306451612903226,2.515418502202643,2.6238938053097347,2.6265560165975104,all_participants,num_label_visits,C,included
answer_D,,2.3668122270742358,1.6641221374045803,1.738938053097345,1.8044444444444445,all_participants,num_label_visits,C,included
question,0.9683698296836983,,,,,all_participants,num_label_visits,D,included
answer_A,,2.950413223140496,2.05,2.306122448979592,2.5535714285714284,all_participants,num_label_visits,D,included
answer_B,,3.1875,1.8888888888888888,1.711340206185567,1.858695652173913,all_participants,num_label_visits,D,included
answer_C,,2.590909090909091,1.944954128440367,1.9494949494949494,1.991304347826087,all_participants,num_label_visits,D,included
answer_D,,3.7264150943396226,2.6145833333333335,3.128205128205128,2.6630434782608696,all_participants,num_label_visits,D,included
answer_A,,2.460458586803931,1.8027972027972028,2.0,1.915609756097561,hunters,num_label_visits,A,removed
answer_B,,1.7604017216642756,1.3739573679332715,1.325735992402659,1.3715377268385864,hunters,num_label_visits,A,removed
answer_C,,1.649214659685864,1.3235152100434573,1.292963140258497,1.3651736745886653,hunters,num_label_visits,A,removed
answer_D,,1.6042452830188678,1.2862650602409638,1.335517080018718,1.3377420878601796,hunters,num_label_visits,A,removed
answer_A,,2.3241758241758244,1.7880434782608696,1.8626373626373627,1.9183673469387754,hunters,num_label_visits,B,removed
answer_B,,3.0542168674698793,2.50561797752809,2.5,2.566326530612245,hunters,num_label_visits,B,removed
answer_C,,2.16,1.5454545454545454,1.6844919786096257,1.6918238993710693,hunters,num_label_visits,B,removed
answer_D,,2.2448979591836733,1.6521739130434783,1.4853801169590644,1.6476683937823835,hunters,num_label_visits,B,removed
answer_A,,2.4719101123595504,1.879120879120879,2.131868131868132,1.9805825242718447,hunters,num_label_visits,C,removed
answer_B,,2.276595744680851,1.7777777777777777,1.7578947368421052,1.8631578947368421,hunters,num_label_visits,C,removed
answer_C,,3.3473684210526318,2.741573033707865,2.388888888888889,2.62,hunters,num_label_visits,C,removed
answer_D,,2.4166666666666665,1.6923076923076923,1.6734693877551021,1.736842105263158,hunters,num_label_visits,C,removed
answer_A,,2.813953488372093,1.8666666666666667,2.323529411764706,2.7333333333333334,hunters,num_label_visits,D,removed
answer_B,,3.15625,1.86,1.7142857142857142,1.8285714285714285,hunters,num_label_visits,D,removed
answer_C,,2.4444444444444446,2.05,1.7428571428571429,2.024390243902439,hunters,num_label_visits,D,removed
answer_D,,3.5365853658536586,2.65625,3.3333333333333335,2.7419354838709675,hunters,num_label_visits,D,removed
answer_A,,2.5783433133732534,1.9198606271777003,2.059732234809475,2.027906976744186,gatherers,num_label_visits,A,removed
answer_B,,1.8164326573062923,1.3800498753117207,1.4092508798391152,1.449569183983781,gatherers,num_label_visits,A,removed
answer_C,,1.7214285714285715,1.349768875192604,1.3854748603351956,1.403674280039722,gatherers,num_label_visits,A,removed
answer_D,,1.6879680479281078,1.310005184033178,1.3261306532663317,1.4146341463414633,gatherers,num_label_visits,A,removed
answer_A,,2.4055299539170507,1.7898832684824904,1.8178438661710037,1.9027237354085602,gatherers,num_label_visits,B,removed
answer_B,,3.284644194756554,2.4202334630350193,2.54978354978355,2.5061224489795917,gatherers,num_label_visits,B,removed
answer_C,,2.162878787878788,1.6229508196721312,1.609442060085837,1.6718146718146718,gatherers,num_label_visits,B,removed
answer_D,,2.0674603174603177,1.5661157024793388,1.4981273408239701,1.598326359832636,gatherers,num_label_visits,B,removed
answer_A,,2.5657894736842106,1.8656716417910448,1.8918918918918919,1.9776119402985075,gatherers,num_label_visits,C,removed
answer_B,,2.6384615384615384,1.8478260869565217,1.7564102564102564,1.7847222222222223,gatherers,num_label_visits,C,removed
answer_C,,3.281045751633987,2.369565217391304,2.7794117647058822,2.631205673758865,gatherers,num_label_visits,C,removed
answer_D,,2.330827067669173,1.6455696202531647,1.7890625,1.8389261744966443,gatherers,num_label_visits,C,removed
answer_A,,3.0256410256410255,2.16,2.296875,2.4328358208955225,gatherers,num_label_visits,D,removed
answer_B,,3.203125,1.9078947368421053,1.7096774193548387,1.8771929824561404,gatherers,num_label_visits,D,removed
answer_C,,2.6923076923076925,1.8840579710144927,2.0625,1.972972972972973,gatherers,num_label_visits,D,removed
answer_D,,3.8461538461538463,2.59375,2.9855072463768115,2.622950819672131,gatherers,num_label_visits,D,removed
answer_A,,2.51750784834581,1.8594126143476168,2.0285784676028578,1.970138017565872,all_participants,num_label_visits,A,removed
answer_B,,1.7872446437468859,1.3768916646649052,1.3663003663003663,1.4093926727317434,all_participants,num_label_visits,A,removed
answer_C,,1.6840679635557745,1.3362369337979094,1.3378511582060129,1.3836268443598287,all_participants,num_label_visits,A,removed
answer_D,,1.6449187484841135,1.2977022977022976,1.3309910346498668,1.3747858017135863,all_participants,num_label_visits,A,removed
answer_A,,2.3684210526315788,1.7891156462585034,1.835920177383592,1.9094922737306843,all_participants,num_label_visits,B,removed
answer_B,,3.1963048498845263,2.4551724137931035,2.5264367816091955,2.5328798185941044,all_participants,num_label_visits,B,removed
answer_C,,2.1616379310344827,1.588235294117647,1.6428571428571428,1.6794258373205742,all_participants,num_label_visits,B,removed
answer_D,,2.1450892857142856,1.6032863849765258,1.4931506849315068,1.6203703703703705,all_participants,num_label_visits,B,removed
answer_A,,2.5311203319502074,1.8711111111111112,1.9832635983263598,1.978902953586498,all_participants,num_label_visits,C,removed
answer_B,,2.486607142857143,1.8201754385964912,1.7569721115537849,1.8158995815899581,all_participants,num_label_visits,C,removed
answer_C,,3.306451612903226,2.515418502202643,2.6238938053097347,2.6265560165975104,all_participants,num_label_visits,C,removed
answer_D,,2.3668122270742358,1.6641221374045803,1.738938053097345,1.8044444444444445,all_participants,num_label_visits,C,removed
answer_A,,2.950413223140496,2.05,2.306122448979592,2.5535714285714284,all_participants,num_label_visits,D,removed
answer_B,,3.1875,1.8888888888888888,1.711340206185567,1.858695652173913,all_participants,num_label_visits,D,removed
answer_C,,2.590909090909091,1.944954128440367,1.9494949494949494,1.991304347826087,all_participants,num_label_visits,D,removed
answer_D,,3.7264150943396226,2.6145833333333335,3.128205128205128,2.6630434782608696,all_participants,num_label_visits,D,removed
