area_i,area_j,diff_i_minus_j,se,t,p_unc,ci_low,ci_high,p_adj_holm,sig,group,metric,selected
answer_A,answer_B,95.54925264281292,1.8455041642284098,51.77406504675175,0.0,91.93213094760654,99.1663743380193,0.0,★,hunters,mean_dwell_time,A
answer_A,answer_C,115.29965937375616,1.8455041642284093,62.475968143893105,0.0,111.68253767854978,118.91678106896254,0.0,★,hunters,mean_dwell_time,A
answer_A,answer_D,113.70920914909722,1.845504164228409,61.614170996269834,0.0,110.09208745389084,117.3263308443036,0.0,★,hunters,mean_dwell_time,A
answer_B,answer_C,19.75040673094324,1.8455041642284098,10.70190309714133,9.970903437093565e-27,16.133285035736865,23.367528426149615,2.9912710311280696e-26,★,hunters,mean_dwell_time,A
answer_B,answer_D,18.159956506284303,1.8455041642284093,9.840105949518048,7.563114801579347e-23,14.542834811077928,21.777078201490678,1.5126229603158694e-22,★,hunters,mean_dwell_time,A
answer_C,answer_D,-1.5904502246589374,1.845504164228409,-0.8617971476232851,0.3887991548370391,-5.2075719198653125,2.0266714705474373,0.3887991548370391,,hunters,mean_dwell_time,A
answer_A,answer_B,-120.02215166139192,8.293528730674144,-14.471783430071492,1.826735149083869e-47,-136.27716927826143,-103.76713404452241,7.306940596335476e-47,★,hunters,mean_dwell_time,B
answer_A,answer_C,38.19753209478952,8.293528730674144,4.605703233837428,4.1107428474353855e-06,21.94251447792001,54.45254971165903,1.2332228542306157e-05,★,hunters,mean_dwell_time,B
answer_A,answer_D,33.97589240286993,8.293528730674144,4.096675071156133,4.191265436978224e-05,17.72087478600042,50.23091001973944,8.382530873956448e-05,★,hunters,mean_dwell_time,B
answer_B,answer_C,158.21968375618144,8.293528730674145,19.077486663908914,3.884967192855379e-81,141.96466613931193,174.47470137305095,2.3309803157132275e-80,★,hunters,mean_dwell_time,B
answer_B,answer_D,153.99804406426185,8.293528730674144,18.568458501227624,5.783975733500604e-77,137.74302644739234,170.25306168113136,2.891987866750302e-76,★,hunters,mean_dwell_time,B
answer_C,answer_D,-4.2216396919195915,8.293528730674144,-0.5090281626812949,0.6107324838838994,-20.476657308789104,12.03337792494992,0.6107324838838994,,hunters,mean_dwell_time,B
answer_A,answer_B,10.510007108031232,12.778790379193937,0.8224571180965082,0.41081678276974176,-14.535961801175826,35.555976017238294,0.41081678276974176,,hunters,mean_dwell_time,C
answer_A,answer_C,-101.75416835532417,12.77879037919394,-7.962738673685218,1.6827260590691248e-15,-126.80013726453123,-76.7081994461171,6.730904236276499e-15,★,hunters,mean_dwell_time,C
answer_A,answer_D,43.448809873630836,12.778790379193936,3.400072196533794,0.0006736806292837839,18.40284096442378,68.4947787828379,0.002021041887851352,★,hunters,mean_dwell_time,C
answer_B,answer_C,-112.2641754633554,12.778790379193937,-8.785195791781728,1.560924192422657e-18,-137.31014437256246,-87.21820655414834,7.804620962113285e-18,★,hunters,mean_dwell_time,C
answer_B,answer_D,32.938802765599604,12.778790379193937,2.577615078437285,0.00994847493011654,7.892833856392546,57.984771674806666,0.01989694986023308,★,hunters,mean_dwell_time,C
answer_C,answer_D,145.202978228955,12.778790379193937,11.362810870219013,6.40500420077004e-30,120.15700931974794,170.24894713816207,3.843002520462024e-29,★,hunters,mean_dwell_time,C
answer_A,answer_B,29.820914781383067,19.465230041675994,1.5320093683729938,0.12552012294972242,-8.330235051088977,67.97206461385511,0.25104024589944485,,hunters,mean_dwell_time,D
answer_A,answer_C,36.7137172553968,19.465230041675994,1.886117820174278,0.05927907944404193,-1.437432577075242,74.86486708786884,0.17783723833212578,,hunters,mean_dwell_time,D
answer_A,answer_D,-110.39152016069596,19.46523004167599,-5.671215799882273,1.4178765985512048e-08,-148.542669993168,-72.24037032822392,5.671506394204819e-08,★,hunters,mean_dwell_time,D
answer_B,answer_C,6.892802474013735,19.465230041675987,0.3541084518012844,0.7232576083309007,-31.258347358458295,45.043952306485764,0.7232576083309007,,hunters,mean_dwell_time,D
answer_B,answer_D,-140.21243494207903,19.465230041675984,-7.20322516825527,5.880474311231283e-13,-178.36358477455104,-102.06128510960701,2.9402371556156415e-12,★,hunters,mean_dwell_time,D
answer_C,answer_D,-147.10523741609276,19.465230041675984,-7.557333620056554,4.1141576827814644e-14,-185.25638724856478,-108.95408758362075,2.468494609668879e-13,★,hunters,mean_dwell_time,D
answer_A,answer_B,0.4206311791542031,0.007664901795292994,54.8775692615543,0.0,0.40560824769039244,0.4356541106180138,0.0,★,hunters,mean_fixations_count,A
answer_A,answer_C,0.5188841140846425,0.007664901795292992,67.69612030819347,0.0,0.5038611826208319,0.5339070455484531,0.0,★,hunters,mean_fixations_count,A
answer_A,answer_D,0.5071899851842484,0.007664901795292994,66.17044793655585,0.0,0.49216705372043773,0.522212916648059,0.0,★,hunters,mean_fixations_count,A
answer_B,answer_C,0.0982529349304394,0.007664901795292992,12.818551046639167,1.2909033761578566e-37,0.08323000346662873,0.11327586639425008,3.87271012847357e-37,★,hunters,mean_fixations_count,A
answer_B,answer_D,0.08655880603004529,0.00766490179529299,11.292878675001548,1.4229844244818227e-29,0.07153587456623463,0.10158173749385595,2.8459688489636453e-29,★,hunters,mean_fixations_count,A
answer_C,answer_D,-0.011694128900394118,0.007664901795292989,-1.5256723716376217,0.12709147847275973,-0.026717060364204778,0.0033288025634165413,0.12709147847275973,,hunters,mean_fixations_count,A
answer_A,answer_B,-0.5018762939481631,0.034979584201768346,-14.347691815124305,1.1014235762491711e-46,-0.5704350191778154,-0.4333175687185109,4.4056943049966846e-46,★,hunters,mean_fixations_count,B
answer_A,answer_C,0.1874025447021177,0.034979584201768346,5.357483485828394,8.438907830481289e-08,0.11884381947246549,0.25596126993176993,2.5316723491443867e-07,★,hunters,mean_fixations_count,B
answer_A,answer_D,0.15468976785390443,0.034979584201768346,4.422287210780633,9.766151463379483e-06,0.08613104262425221,0.22324849308355665,1.9532302926758966e-05,★,hunters,mean_fixations_count,B
answer_B,answer_C,0.6892788386502808,0.03497958420176835,19.705175300952693,1.9466686425378428e-86,0.6207201134206286,0.7578375638799331,1.1680011855227056e-85,★,hunters,mean_fixations_count,B
answer_B,answer_D,0.6565660618020676,0.034979584201768346,18.769979025904938,1.3293795420632552e-78,0.5880073365724153,0.7251247870317198,6.646897710316275e-78,★,hunters,mean_fixations_count,B
answer_C,answer_D,-0.032712776848213276,0.034979584201768346,-0.9351962750477613,0.349687157841717,-0.10127150207786549,0.03584594838143894,0.349687157841717,,hunters,mean_fixations_count,B
answer_A,answer_B,0.048499575465602573,0.04909918033600881,0.9877878843128773,0.3232565424154328,-0.04773304966341192,0.14473220059461706,0.3232565424154328,,hunters,mean_fixations_count,C
answer_A,answer_C,-0.43773364624261135,0.04909918033600881,-8.915294374508777,4.865220375842563e-19,-0.5339662713716259,-0.34150102111359687,1.9460881503370253e-18,★,hunters,mean_fixations_count,C
answer_A,answer_D,0.1947997423481067,0.04909918033600881,3.967474426558658,7.263830369427718e-05,0.09856711721909221,0.2910323674771212,0.00021791491108283156,★,hunters,mean_fixations_count,C
answer_B,answer_C,-0.4862332217082139,0.04909918033600881,-9.903082258821655,4.036393779108088e-23,-0.5824658468372285,-0.39000059657919944,2.018196889554044e-22,★,hunters,mean_fixations_count,C
answer_B,answer_D,0.14630016688250413,0.04909918033600881,2.979686542245781,0.0028854348235227176,0.05006754175348964,0.24253279201151862,0.005770869647045435,★,hunters,mean_fixations_count,C
answer_C,answer_D,0.6325333885907181,0.0490991803360088,12.882768801067437,5.627967460893139e-38,0.5363007634617036,0.7287660137197325,3.3767804765358832e-37,★,hunters,mean_fixations_count,C
answer_A,answer_B,0.12810530757512217,0.08784848066584439,1.4582529669739603,0.144770829015,-0.044074550626496095,0.30028516577674047,0.28954165803,,hunters,mean_fixations_count,D
answer_A,answer_C,0.1807213533800225,0.0878484806658444,2.057193841148435,0.03966758374377843,0.00854149517840419,0.3529012115816408,0.11900275123133527,,hunters,mean_fixations_count,D
answer_A,answer_D,-0.4659826370739686,0.08784848066584439,-5.304390395167566,1.1305014316309176e-07,-0.6381624952755869,-0.2938027788723503,4.5220057265236704e-07,★,hunters,mean_fixations_count,D
answer_B,answer_C,0.05261604580490031,0.0878484806658444,0.5989408741744751,0.5492123132572022,-0.11956381239671798,0.2247959040065186,0.5492123132572022,,hunters,mean_fixations_count,D
answer_B,answer_D,-0.5940879446490908,0.08784848066584439,-6.762643362141526,1.3549649061322969e-11,-0.7662678028507091,-0.42190808644747246,6.774824530661485e-11,★,hunters,mean_fixations_count,D
answer_C,answer_D,-0.6467039904539911,0.0878484806658444,-7.361584236316,1.8174027149214308e-13,-0.8188838486556094,-0.4745241322523728,1.0904416289528585e-12,★,hunters,mean_fixations_count,D
answer_A,answer_B,10.745657324662574,0.8155517089123614,13.175936249331427,1.207204780154461e-39,9.14720534766425,12.344109301660897,4.828819120617844e-39,★,hunters,mean_first_fixation_duration,A
answer_A,answer_C,13.350286780056166,0.8154393377488612,16.371894464782102,3.036141006843809e-60,11.752055046491204,14.948518513621128,1.8216846041062853e-59,★,hunters,mean_first_fixation_duration,A
answer_A,answer_D,12.066601684318982,0.8150449144239742,14.804830348333558,1.3633056651812345e-49,10.469143006265462,13.664060362372503,6.816528325906173e-49,★,hunters,mean_first_fixation_duration,A
answer_B,answer_C,2.6046294553935923,0.8242040891476741,3.160175361526162,0.0015767420776455513,0.9892191247535111,4.220039786033674,0.004730226232936654,★,hunters,mean_first_fixation_duration,A
answer_B,answer_D,1.3209443596564086,0.8238609998994157,1.6033582847321104,0.1088555752803799,-0.2937935284136035,2.9356822477264206,0.2177111505607598,,hunters,mean_first_fixation_duration,A
answer_C,answer_D,-1.2836850957371837,0.8237145738744787,-1.5584100809327155,0.11913606843472463,-2.89813599407192,0.33076580259755217,0.2177111505607598,,hunters,mean_first_fixation_duration,A
answer_A,answer_B,-7.954464221887548,2.8734687526362492,-2.768244552716909,0.005635914775472355,-13.58635948775583,-2.322568956019266,0.02254365910188942,★,hunters,mean_first_fixation_duration,B
answer_A,answer_C,4.359702902464733,2.8892219489812794,1.5089539604258977,0.1313105486683643,-1.3030680608811966,10.022473865810662,0.2626210973367286,,hunters,mean_first_fixation_duration,B
answer_A,answer_D,6.635284883987339,2.8864826851963197,2.2987440451374304,0.021519477857755688,0.9778827790040854,12.292686988970592,0.06455843357326707,,hunters,mean_first_fixation_duration,B
answer_B,answer_C,12.31416712435228,2.865983703352767,4.29666334457749,1.73388214582689e-05,6.696942285502131,17.93139196320243,8.669410729134449e-05,★,hunters,mean_first_fixation_duration,B
answer_B,answer_D,14.589749105874887,2.8636180183714073,5.094865660250437,3.489886345064011e-07,8.97716092438697,20.202337287362802,2.0939318070384064e-06,★,hunters,mean_first_fixation_duration,B
answer_C,answer_D,2.275581981522606,2.878848331777999,0.7904487209012463,0.4292657583804652,-3.3668570657154877,7.9180210287607,0.4292657583804652,,hunters,mean_first_fixation_duration,B
answer_A,answer_B,-2.5555655715745047,3.235449185414694,-0.7898642275375289,0.4296070647240251,-8.89692944879676,3.7857983056477504,1.0,,hunters,mean_first_fixation_duration,C
answer_A,answer_C,-3.6311282747803375,3.2284918299117233,-1.124713478020362,0.26071046847426005,-9.958855985789128,2.696599436228454,1.0,,hunters,mean_first_fixation_duration,C
answer_A,answer_D,2.4145867057889063,3.249022057204304,0.7431733805668876,0.4573767173459947,-3.953379511307765,8.782552922885579,1.0,,hunters,mean_first_fixation_duration,C
answer_B,answer_C,-1.0755627032058328,3.2185505083848933,-0.33417611449744283,0.7382466668278103,-7.3838057820633045,5.232680375651639,1.0,,hunters,mean_first_fixation_duration,C
answer_B,answer_D,4.970152277363411,3.239492913835694,1.5342377370656275,0.12497117694665322,-1.3791371619272654,11.319441716654087,0.6248558847332661,,hunters,mean_first_fixation_duration,C
answer_C,answer_D,6.045714980569244,3.232445269678856,1.8703224575152317,0.0614390527714092,-0.28976132999817583,12.381191291136663,0.3686343166284552,,hunters,mean_first_fixation_duration,C
answer_A,answer_B,2.4830034849044864,4.735306201381983,0.5243596463054133,0.6000284181972222,-6.798026125573372,11.764033095382345,1.0,,hunters,mean_first_fixation_duration,D
answer_A,answer_C,3.467426682321161,4.735306201381983,0.732249728921269,0.4640161567076596,-5.813602928156698,12.74845629279902,1.0,,hunters,mean_first_fixation_duration,D
answer_A,answer_D,-2.6913988294191142,4.743807082993244,-0.5673499748899775,0.5704764300421283,-11.989089861691882,6.606292202853654,1.0,,hunters,mean_first_fixation_duration,D
answer_B,answer_C,0.9844231974166746,4.717405585271108,0.2086789400704243,0.8346988815834494,-8.261521850182792,10.230368245016141,1.0,,hunters,mean_first_fixation_duration,D
answer_B,answer_D,-5.174402314323601,4.725865014580389,-1.094911153483938,0.2735555621985861,-14.43692753869902,4.088122910051819,1.0,,hunters,mean_first_fixation_duration,D
answer_C,answer_D,-6.158825511740275,4.725865014580388,-1.3032165524700499,0.19250084064087836,-15.421350736115693,3.1036997126351427,1.0,,hunters,mean_first_fixation_duration,D
answer_A,answer_B,-0.13624794457115375,0.0028588811219187834,-47.65778595218705,0.0,-0.14185124860619602,-0.13064464053611147,0.0,★,hunters,skip_rate,A
answer_A,answer_C,-0.1745658028411644,0.0028588811219187825,-61.060882001278124,0.0,-0.18016910687620669,-0.16896249880612213,0.0,★,hunters,skip_rate,A
answer_A,answer_D,-0.1612189468905022,0.0028588811219187825,-56.39232273579029,0.0,-0.16682225092554448,-0.15561564285545992,0.0,★,hunters,skip_rate,A
answer_B,answer_C,-0.03831785827001066,0.0028588811219187825,-13.403096049091063,5.799250615982437e-41,-0.04392116230505294,-0.032714554234968385,1.739775184794731e-40,★,hunters,skip_rate,A
answer_B,answer_D,-0.024971002319348456,0.0028588811219187825,-8.734536783603223,2.4465663640989166e-18,-0.030574306354390735,-0.01936769828430618,4.893132728197833e-18,★,hunters,skip_rate,A
answer_C,answer_D,0.013346855950662206,0.0028588811219187825,4.668559265487841,3.0331928345588466e-06,0.007743551915619929,0.018950159985704484,3.0331928345588466e-06,★,hunters,skip_rate,A
answer_A,answer_B,0.12532155322715088,0.009709497490100697,12.907110110994134,4.104167932501327e-38,0.10629128783857147,0.1443518186157303,1.6416671730005307e-37,★,hunters,skip_rate,B
answer_A,answer_C,-0.043557123813883714,0.009709497490100697,-4.486032758985963,7.2561589766718745e-06,-0.06258738920246312,-0.024526858425304297,2.1768476930015624e-05,★,hunters,skip_rate,B
answer_A,answer_D,-0.02890392921524315,0.009709497490100697,-2.9768717943139804,0.0029120575661165625,-0.04793419460382257,-0.009873663826663735,0.005824115132233125,★,hunters,skip_rate,B
answer_B,answer_C,-0.1688786770410346,0.009709497490100697,-17.393142869980096,9.29922267122955e-68,-0.187908942429614,-0.1498484116524552,5.57953360273773e-67,★,hunters,skip_rate,B
answer_B,answer_D,-0.15422548244239404,0.009709497490100697,-15.883981905308115,8.181554711253889e-57,-0.17325574783097344,-0.13519521705381463,4.090777355626944e-56,★,hunters,skip_rate,B
answer_C,answer_D,0.014653194598640562,0.009709497490100695,1.509160964671983,0.13125765303752923,-0.004377070789938851,0.03368345998721997,0.13125765303752923,,hunters,skip_rate,B
answer_A,answer_B,-0.018856674589609435,0.013301139852647454,-1.4176735827536018,0.1562860861897613,-0.044926429654128845,0.007213080474909976,0.30935008424324323,,hunters,skip_rate,C
answer_A,answer_C,0.08592701272199527,0.013301139852647454,6.460123994929079,1.0461722447600365e-10,0.059857257657475856,0.11199676778651468,4.184688979040146e-10,★,hunters,skip_rate,C
answer_A,answer_D,-0.03778700110486838,0.013301139852647454,-2.840884429716545,0.004498861289400013,-0.0638567561693878,-0.011717246040348968,0.01349658386820004,★,hunters,skip_rate,C
answer_B,answer_C,0.1047836873116047,0.013301139852647454,7.877797577682681,3.3320193340858346e-15,0.07871393224708528,0.13085344237612412,1.6660096670429174e-14,★,hunters,skip_rate,C
answer_B,answer_D,-0.018930326515258944,0.013301139852647454,-1.4232108469629432,0.15467504212162161,-0.045000081579778355,0.007139428549260467,0.30935008424324323,,hunters,skip_rate,C
answer_C,answer_D,-0.12371401382686364,0.013301139852647454,-9.301008424645625,1.3911986751921662e-20,-0.14978376889138306,-0.09764425876234423,8.347192051152996e-20,★,hunters,skip_rate,C
answer_A,answer_B,0.006583540513494079,0.01991525858078236,0.3305777068768267,0.740963487651951,-0.03244964904764162,0.045616730074629776,0.8139331999113544,,hunters,skip_rate,D
answer_A,answer_C,-0.016514599951132525,0.019915258580782365,-0.8292435613700053,0.4069665999556772,-0.05554778951226823,0.02251858961000318,0.8139331999113544,,hunters,skip_rate,D
answer_A,answer_D,0.10197431245225369,0.01991525858078236,5.120411168080735,3.0487020302600153e-07,0.062941122891118,0.14100750201338938,1.5243510151300077e-06,★,hunters,skip_rate,D
answer_B,answer_C,-0.023098140464626604,0.01991525858078236,-1.159821268246832,0.24612158298866027,-0.0621313300257623,0.015935049096509092,0.7383647489659808,,hunters,skip_rate,D
answer_B,answer_D,0.09539077193875961,0.01991525858078236,4.789833461203909,1.669197911594099e-06,0.056357582377623915,0.1344239614998953,6.676791646376396e-06,★,hunters,skip_rate,D
answer_C,answer_D,0.11848891240338622,0.01991525858078236,5.9496547294507405,2.6870871580690844e-09,0.07945572284225053,0.1575221019645219,1.6122522948414507e-08,★,hunters,skip_rate,D
answer_A,answer_B,0.13063618781961217,0.0017512497629596799,74.5959774457482,0.0,0.1272038013562769,0.13406857428294744,0.0,★,hunters,area_dwell_proportion,A
answer_A,answer_C,0.15179882077324505,0.0017512497629596799,86.68028055387094,0.0,0.14836643430990978,0.15523120723658032,0.0,★,hunters,area_dwell_proportion,A
answer_A,answer_D,0.16865506352177403,0.0017512497629596799,96.30554538191083,0.0,0.16522267705843877,0.1720874499851093,0.0,★,hunters,area_dwell_proportion,A
answer_B,answer_C,0.02116263295363288,0.0017512497629596799,12.084303108122745,1.2784956727236494e-33,0.017730246490297603,0.02459501941696816,2.5569913454472987e-33,★,hunters,area_dwell_proportion,A
answer_B,answer_D,0.038018875702161864,0.0017512497629596799,21.709567936162625,1.666165071133242e-104,0.03458648923882658,0.041451262165497146,4.998495213399725e-104,★,hunters,area_dwell_proportion,A
answer_C,answer_D,0.016856242748528982,0.0017512497629596799,9.625264828039878,6.254560229527554e-22,0.013423856285193703,0.02028862921186426,6.254560229527554e-22,★,hunters,area_dwell_proportion,A
answer_A,answer_B,-0.13315809191610167,0.005816661835782077,-22.892527651678062,5.514928055788717e-116,-0.14455853962448317,-0.12175764420772017,2.205971222315487e-115,★,hunters,area_dwell_proportion,B
answer_A,answer_C,0.01898197907508642,0.005816661835782077,3.2633802017363114,0.0011009171749540461,0.007581531366704914,0.030382426783467927,0.0011009171749540461,★,hunters,area_dwell_proportion,B
answer_A,answer_D,0.046884784222862796,0.005816661835782078,8.060428050749646,7.602775081955753e-16,0.03548433651448129,0.058285231931244304,2.280832524586726e-15,★,hunters,area_dwell_proportion,B
answer_B,answer_C,0.1521400709911881,0.005816661835782077,26.155907853414373,8.44241479357139e-151,0.1407396232828066,0.1635405186995696,4.221207396785695e-150,★,hunters,area_dwell_proportion,B
answer_B,answer_D,0.18004287613896447,0.005816661835782078,30.952955702427705,2.3183026126443504e-210,0.16864242843058297,0.19144332384734597,1.3909815675866103e-209,★,hunters,area_dwell_proportion,B
answer_C,answer_D,0.027902805147776377,0.005816661835782078,4.797047849013335,1.6102114739506779e-06,0.01650235743939487,0.039303252856157884,3.2204229479013557e-06,★,hunters,area_dwell_proportion,B
answer_A,answer_B,-0.00428193769920393,0.007615828055130395,-0.5622419083266208,0.57395121171271,-0.01920868639970923,0.01064481100130137,0.57395121171271,,hunters,area_dwell_proportion,C
answer_A,answer_C,-0.14140526406846593,0.007615828055130395,-18.56728684587468,5.911556578328642e-77,-0.15633201276897124,-0.12647851536796062,2.955778289164321e-76,★,hunters,area_dwell_proportion,C
answer_A,answer_D,0.04045363576419256,0.007615828055130395,5.311784282858252,1.0855705981782438e-07,0.02552688706368726,0.055380384464697854,2.1711411963564876e-07,★,hunters,area_dwell_proportion,C
answer_B,answer_C,-0.137123326369262,0.007615828055130395,-18.00504493754806,1.7785536753749996e-72,-0.1520500750697673,-0.1221965776687567,7.114214701499999e-72,★,hunters,area_dwell_proportion,C
answer_B,answer_D,0.04473557346339649,0.007615828055130395,5.874026191184872,4.253361280486819e-09,0.02980882476289119,0.059662322163901785,1.2760083841460456e-08,★,hunters,area_dwell_proportion,C
answer_C,answer_D,0.1818588998326585,0.007615828055130395,23.87907112873293,5.0539133921465486e-126,0.16693215113215318,0.1967856485331638,3.032348035287929e-125,★,hunters,area_dwell_proportion,C
answer_A,answer_B,-0.003246848199174035,0.011281170462974527,-0.2878112878296081,0.7734911963716273,-0.025357536010061153,0.018863839611713083,1.0,,hunters,area_dwell_proportion,D
answer_A,answer_C,0.0027454741169075925,0.011281170462974527,0.2433678425406656,0.8077204529582048,-0.019365213693979526,0.02485616192779471,1.0,,hunters,area_dwell_proportion,D
answer_A,answer_D,-0.08295920436868118,0.011281170462974527,-7.353776333843924,1.926840541392935e-13,-0.1050698921795683,-0.06084851655779406,9.634202706964676e-13,★,hunters,area_dwell_proportion,D
answer_B,answer_C,0.0059923223160816275,0.011281170462974527,0.5311791303702738,0.595294653502788,-0.01611836549480549,0.028103010126968746,1.0,,hunters,area_dwell_proportion,D
answer_B,answer_D,-0.07971235616950714,0.011281170462974527,-7.065965046014315,1.5950356524489766e-12,-0.10182304398039427,-0.057601668358620024,6.380142609795906e-12,★,hunters,area_dwell_proportion,D
answer_C,answer_D,-0.08570467848558877,0.011281170462974527,-7.597144176384589,3.027371937634062e-14,-0.1078153662964759,-0.06359399067470164,1.8164231625804373e-13,★,hunters,area_dwell_proportion,D
answer_A,answer_B,0.015629078370522995,0.010106168859308045,1.5464889403790445,0.12198652903840401,-0.004178648615401015,0.035436805356447006,0.48794611615361605,,hunters,mean_avg_fix_pupil_size_z,A
answer_A,answer_C,0.02543032004540795,0.01010522470822409,2.516551663092816,0.011850952425390658,0.005624443561604457,0.045236196529211445,0.07110571455234395,,hunters,mean_avg_fix_pupil_size_z,A
answer_A,answer_D,0.0027874898113909932,0.010099759852032717,0.27599565259266756,0.7825514053317673,-0.017007675751096716,0.022582655373878702,0.7825514053317673,,hunters,mean_avg_fix_pupil_size_z,A
answer_B,answer_C,0.009801241674884956,0.010215393947213637,0.9594580224249065,0.33732805707338787,-0.010220562549542234,0.029823045899312145,0.6746561141467757,,hunters,mean_avg_fix_pupil_size_z,A
answer_B,answer_D,-0.012841588559132002,0.010211717602720325,-1.257534634106127,0.20856010593857377,-0.03285618728075754,0.0071730101624935365,0.6256803178157213,,hunters,mean_avg_fix_pupil_size_z,A
answer_C,answer_D,-0.022642830234016958,0.010207492851102876,-2.2182558013323024,0.026537395945677937,-0.042649148594628664,-0.0026365118734052485,0.1326869797283897,,hunters,mean_avg_fix_pupil_size_z,A
answer_A,answer_B,-0.029192685000200974,0.0326663846244924,-0.89366133827718,0.3715031169554359,-0.09321762236933906,0.03483225236893711,1.0,,hunters,mean_avg_fix_pupil_size_z,B
answer_A,answer_C,0.01819018942372613,0.03285649689913476,0.5536253447702499,0.5798352769906306,-0.046207361156729965,0.08258774000418223,1.0,,hunters,mean_avg_fix_pupil_size_z,B
answer_A,answer_D,-0.04270653630435818,0.03281576411202188,-1.3014030744057203,0.19312052185840123,-0.1070242520890831,0.02161117948036674,0.7724820874336049,,hunters,mean_avg_fix_pupil_size_z,B
answer_B,answer_C,0.04738287442392711,0.032572427856292704,1.4546927429842524,0.14575434254156847,-0.01645791106343579,0.11122365991129,0.7287717127078424,,hunters,mean_avg_fix_pupil_size_z,B
answer_B,answer_D,-0.013513851304157207,0.03253883054631334,-0.4153145972754798,0.6779116166243442,-0.07728878727398313,0.05026108466566871,1.0,,hunters,mean_avg_fix_pupil_size_z,B
answer_C,answer_D,-0.060896725728084314,0.032721136200405766,-1.86108224833981,0.06273256265246678,-0.1250289742141094,0.0032355227579407703,0.37639537591480066,,hunters,mean_avg_fix_pupil_size_z,B
answer_A,answer_B,0.0034674047133797653,0.04437926285773,0.07813119214024555,0.9377236952861115,-0.08351435214820715,0.09044916157496669,1.0,,hunters,mean_avg_fix_pupil_size_z,C
answer_A,answer_C,-0.11985017154718572,0.04429000809049112,-2.7060318278180007,0.006809251945092563,-0.20665699227953593,-0.03304335081483552,0.03404625972546282,★,hunters,mean_avg_fix_pupil_size_z,C
answer_A,answer_D,-0.011312612462979012,0.04457732785816602,-0.25377502435706634,0.7996693695951436,-0.09868256959201843,0.0760573446660604,1.0,,hunters,mean_avg_fix_pupil_size_z,C
answer_B,answer_C,-0.12331757626056548,0.0441146066370675,-2.795391043041679,0.0051836971859197,-0.20978061646136942,-0.036854536059761564,0.031102183115518198,★,hunters,mean_avg_fix_pupil_size_z,C
answer_B,answer_D,-0.014780017176358778,0.04442064062835289,-0.332728591197421,0.7393391654217958,-0.10184287297812712,0.07228283862540956,1.0,,hunters,mean_avg_fix_pupil_size_z,C
answer_C,answer_D,0.1085375590842067,0.04431276797120796,2.449351824619228,0.014311358068046004,0.02168612980535907,0.19538898836305435,0.05724543227218402,,hunters,mean_avg_fix_pupil_size_z,C
answer_A,answer_B,-0.06263298352300978,0.07042359275169797,-0.8893750102162977,0.37380157067114783,-0.20066068897825382,0.07539472193223426,1.0,,hunters,mean_avg_fix_pupil_size_z,D
answer_A,answer_C,-0.008346952721108684,0.07042359275169797,-0.11852494874180404,0.9056517281844879,-0.14637465817635273,0.12968075273413535,1.0,,hunters,mean_avg_fix_pupil_size_z,D
answer_A,answer_D,-0.14646719757133958,0.07056571323314031,-2.0756142163182028,0.03792964553949464,-0.2847734540516761,-0.008160941091003071,0.22757787323696785,,hunters,mean_avg_fix_pupil_size_z,D
answer_B,answer_C,0.0542860308019011,0.07013677754684847,0.774002352270038,0.4389294002183949,-0.08317952718161943,0.19175158878542164,1.0,,hunters,mean_avg_fix_pupil_size_z,D
answer_B,answer_D,-0.08383421404832979,0.07027923444692705,-1.1928731823571455,0.23291904348796622,-0.22157898242535357,0.053910554328693974,0.9316761739518649,,hunters,mean_avg_fix_pupil_size_z,D
answer_C,answer_D,-0.1381202448502309,0.07027923444692705,-1.9653066220369193,0.049378759617964826,-0.27586501322725465,-0.00037547647320712585,0.24689379808982415,,hunters,mean_avg_fix_pupil_size_z,D
answer_A,answer_B,0.10143396642180402,0.010546316879238897,9.617951706105409,6.715506823808089e-22,0.08076356516894892,0.12210436767465913,2.6862027295232357e-21,★,hunters,mean_max_fix_pupil_size_z,A
answer_A,answer_C,0.12681353470628237,0.01054531152036949,12.025584494239677,2.607364147569357e-33,0.10614510392060285,0.1474819654919619,1.5644184885416142e-32,★,hunters,mean_max_fix_pupil_size_z,A
answer_A,answer_D,0.10488888396522547,0.010539615061799013,9.951870476313385,2.4748711500079692e-23,0.0842316180331835,0.12554614989726742,1.2374355750039845e-22,★,hunters,mean_max_fix_pupil_size_z,A
answer_B,answer_C,0.025379568284478356,0.010660488590448217,2.3807134231369482,0.017279148468761586,0.004485394589599682,0.04627374197935703,0.05183744540628476,,hunters,mean_max_fix_pupil_size_z,A
answer_B,answer_D,0.0034549175434214624,0.010656630768748026,0.3242035516097136,0.7457839333824128,-0.017431694959866056,0.02434153004670898,0.7457839333824128,,hunters,mean_max_fix_pupil_size_z,A
answer_C,answer_D,-0.021924650741056893,0.01065227238461416,-2.058213491867166,0.03956964404086687,-0.04280272096841124,-0.0010465805137025407,0.07913928808173375,,hunters,mean_max_fix_pupil_size_z,A
answer_A,answer_B,-0.11969309049670734,0.03488374666163639,-3.4311993966043945,0.0006009187212703053,-0.18806397759933402,-0.05132220339408067,0.0030045936063515266,★,hunters,mean_max_fix_pupil_size_z,B
answer_A,answer_C,0.06296330450512538,0.035086686157387546,1.7945070167838686,0.07273227966192847,-0.00580533670021427,0.13173194571046504,0.20282046919246638,,hunters,mean_max_fix_pupil_size_z,B
answer_A,answer_D,-0.0008978231610207166,0.03504324369743862,-0.025620435390412796,0.9795600863348141,-0.06958131870946066,0.06778567238741923,0.9795600863348141,,hunters,mean_max_fix_pupil_size_z,B
answer_B,answer_C,0.18265639500183273,0.03478325918227524,5.251273149668226,1.5105148374110496e-07,0.11448245973965113,0.25083033026401436,9.063089024466298e-07,★,hunters,mean_max_fix_pupil_size_z,B
answer_B,answer_D,0.11879526733568663,0.03474735898322844,3.418828676821905,0.0006289131116169587,0.05069169517067457,0.1868988395006987,0.0030045936063515266,★,hunters,mean_max_fix_pupil_size_z,B
answer_C,answer_D,-0.0638611276661461,0.0349422632094141,-1.827618528411197,0.06760682306415546,-0.1323467050949167,0.004624449762624494,0.20282046919246638,,hunters,mean_max_fix_pupil_size_z,B
answer_A,answer_B,0.011061006047815541,0.048755590146920665,0.22686641705052027,0.8205276165122445,-0.08449819468514488,0.10662020678077597,1.0,,hunters,mean_max_fix_pupil_size_z,C
answer_A,answer_C,-0.194610472267703,0.0486566772631289,-3.9996662989393053,6.343186187910142e-05,-0.28997580731082456,-0.09924513722458143,0.0002537274475164057,★,hunters,mean_max_fix_pupil_size_z,C
answer_A,answer_D,0.03486353397705144,0.04897300167274252,0.7118929366434128,0.4765310763950673,-0.061121785516343716,0.1308488534704466,1.0,,hunters,mean_max_fix_pupil_size_z,C
answer_B,answer_C,-0.20567147831551855,0.048466832752860525,-4.243551035494057,2.200103082321362e-05,-0.30066472495585145,-0.11067823167518563,0.0001100051541160681,★,hunters,mean_max_fix_pupil_size_z,C
answer_B,answer_D,0.0238025279292359,0.04880201867666819,0.4877365439929163,0.6257364634702328,-0.07184767104988482,0.11945272690835662,1.0,,hunters,mean_max_fix_pupil_size_z,C
answer_C,answer_D,0.22947400624475445,0.04868402319706284,4.713538265231105,2.434519818120326e-06,0.13405507415599877,0.32489293833351013,1.4607118908721956e-05,★,hunters,mean_max_fix_pupil_size_z,C
answer_A,answer_B,-0.02639101963934909,0.07391201021119066,-0.3570599631093967,0.7210469162772011,-0.1712558976782395,0.11847385839954133,1.0,,hunters,mean_max_fix_pupil_size_z,D
answer_A,answer_C,0.04116214797249576,0.07391201021119066,0.5569074343247074,0.5775906749649489,-0.10370273006639466,0.18602702601138618,1.0,,hunters,mean_max_fix_pupil_size_z,D
answer_A,answer_D,-0.2240978542938799,0.07406142465192028,-3.0258377468042594,0.0024794531549431533,-0.36925557925537056,-0.07894012933238925,0.012397265774715767,★,hunters,mean_max_fix_pupil_size_z,D
answer_B,answer_C,0.06755316761184485,0.07361031921685766,0.9177132816505209,0.35876899241087734,-0.07672040694369281,0.2118267421673825,1.0,,hunters,mean_max_fix_pupil_size_z,D
answer_B,answer_D,-0.19770683465453082,0.07376056820159921,-2.680386546293502,0.007353718770470364,-0.3422748918088756,-0.05313877750018603,0.029414875081881457,★,hunters,mean_max_fix_pupil_size_z,D
answer_C,answer_D,-0.2652600022663757,0.07376056820159922,-3.5962304620726138,0.0003228617875848904,-0.40982805942072054,-0.12069194511203088,0.0019371707255093425,★,hunters,mean_max_fix_pupil_size_z,D
answer_A,answer_B,-0.07174942934068476,0.010250533001626101,-6.999580346631999,2.5673031918931744e-12,-0.09184010484621118,-0.05165875383515835,1.0269212767572698e-11,★,hunters,mean_min_fix_pupil_size_z,A
answer_A,answer_C,-0.07817279370197783,0.010249581564374053,-7.6269253735873725,2.4041866907443845e-14,-0.09826160442475668,-0.05808398297919898,1.2020933453721923e-13,★,hunters,mean_min_fix_pupil_size_z,A
answer_A,answer_D,-0.1018043089120892,0.010244040621058811,-9.937905625130842,2.84750844150444e-23,-0.12188225958552981,-0.0817263582386486,1.708505064902664e-22,★,hunters,mean_min_fix_pupil_size_z,A
answer_B,answer_C,-0.006423364361293066,0.01036120587653968,-0.6199437051856236,0.5352948502846844,-0.0267309547157156,0.013884225993129468,0.5352948502846844,,hunters,mean_min_fix_pupil_size_z,A
answer_B,answer_D,-0.030054879571404444,0.010357478374911383,-2.9017564395022535,0.003710769250717922,-0.0503551641568832,-0.009754594985925687,0.011132307752153767,★,hunters,mean_min_fix_pupil_size_z,A
answer_C,answer_D,-0.02363151521011138,0.010353206340131153,-2.2825310762435764,0.022458004923078225,-0.04392342676128018,-0.003339603658942574,0.04491600984615645,★,hunters,mean_min_fix_pupil_size_z,A
answer_A,answer_B,0.064627357014989,0.03331695810149093,1.9397736377408639,0.052407205803780374,-0.0006726809383631877,0.12992739496834121,0.1572216174113411,,hunters,mean_min_fix_pupil_size_z,B
answer_A,answer_C,-0.024311217320266643,0.03351070640057876,-0.7254761218595728,0.4681599885066363,-0.08999099496189689,0.0413685603213636,0.4681599885066363,,hunters,mean_min_fix_pupil_size_z,B
answer_A,answer_D,-0.08737362455509735,0.033469427998250555,-2.6105502776941503,0.009039668298684009,-0.15297249801482496,-0.02177475109536975,0.03712626388482123,★,hunters,mean_min_fix_pupil_size_z,B
answer_B,answer_C,-0.08893857433525565,0.033221427893269345,-2.6771448422081394,0.007425252776964246,-0.15405137652105794,-0.023825772149453375,0.03712626388482123,★,hunters,mean_min_fix_pupil_size_z,B
answer_B,answer_D,-0.15200098157008635,0.033187458995460564,-4.5800729001541605,4.6481388760324e-06,-0.2170472059395889,-0.0869547572005838,2.7888833256194402e-05,★,hunters,mean_min_fix_pupil_size_z,B
answer_C,answer_D,-0.06306240723483071,0.03337299168451935,-1.8896240358362393,0.05880826021580211,-0.12847226899284336,0.002347454523181927,0.1572216174113411,,hunters,mean_min_fix_pupil_size_z,B
answer_A,answer_B,-0.014158527465962245,0.04481286632723204,-0.31594782093548746,0.7520421137223345,-0.10199013151134477,0.07367307657942028,1.0,,hunters,mean_min_fix_pupil_size_z,C
answer_A,answer_C,-0.03738485916734485,0.04472343903331008,-0.8359119954863167,0.40320441359426407,-0.12504118893740546,0.05027147060271575,1.0,,hunters,mean_min_fix_pupil_size_z,C
answer_A,answer_D,-0.05338136830636314,0.045012912357452806,-1.1859123418288389,0.23565691868998573,-0.14160505536622858,0.0348423187535023,1.0,,hunters,mean_min_fix_pupil_size_z,C
answer_B,answer_C,-0.023226331701382608,0.0445451575370942,-0.5214109228829484,0.6020805439577588,-0.11053323615975016,0.06408057275698495,1.0,,hunters,mean_min_fix_pupil_size_z,C
answer_B,answer_D,-0.0392228408404009,0.04485454385517263,-0.8744452059761101,0.3818758479462848,-0.12713613133951163,0.04869044965870985,1.0,,hunters,mean_min_fix_pupil_size_z,C
answer_C,answer_D,-0.01599650913901829,0.0447454278117973,-0.35750041783712144,0.7207172134456188,-0.10369593612297788,0.0717029178449413,1.0,,hunters,mean_min_fix_pupil_size_z,C
answer_A,answer_B,-0.0997625317000328,0.07177963096014735,-1.3898445891345106,0.16457607476498892,-0.24044802320549782,0.04092295980543223,0.9874564485899335,,hunters,mean_min_fix_pupil_size_z,D
answer_A,answer_C,-0.06564355000220583,0.07177963096014735,-0.9145150110712003,0.36044629388069627,-0.20632904150767084,0.0750419415032592,1.0,,hunters,mean_min_fix_pupil_size_z,D
answer_A,answer_D,-0.06502732258406337,0.07192587931832187,-0.9040879750148398,0.3659487541505849,-0.20599945560434857,0.07594481043622182,1.0,,hunters,mean_min_fix_pupil_size_z,D
answer_B,answer_C,0.03411898169782696,0.07148793304774008,0.4772691032351166,0.6331705091514759,-0.1059947924049543,0.1742327558006082,1.0,,hunters,mean_min_fix_pupil_size_z,D
answer_B,answer_D,0.034735209115969425,0.07163331180069824,0.48490301848128214,0.6277451411348849,-0.10566350210672718,0.175133920338666,1.0,,hunters,mean_min_fix_pupil_size_z,D
answer_C,answer_D,0.0006162274181424621,0.07163331180069822,0.008602525873115581,0.9931362620787543,-0.1397824838045541,0.14101493864083903,1.0,,hunters,mean_min_fix_pupil_size_z,D
answer_A,answer_B,0.0007932538574416739,0.011814562330499117,0.06714204345885086,0.9464686235510746,-0.0223628628034402,0.02394937051832355,1.0,,hunters,first_encounter_avg_pupil_size_z,A
answer_A,answer_C,0.0068837515157008575,0.011813330866393615,0.5827104644367195,0.5600882275235466,-0.016269951519885983,0.030037454551287698,1.0,,hunters,first_encounter_avg_pupil_size_z,A
answer_A,answer_D,-0.02035022528380697,0.011807036868234705,-1.7235675225641585,0.0847859457817365,-0.04349159230968358,0.0027911417420696423,0.3827483099186665,,hunters,first_encounter_avg_pupil_size_z,A
answer_B,answer_C,0.0060904976582591835,0.011942711287699028,0.5099761278272201,0.6100681863533443,-0.017316786343390882,0.02949778165990925,1.0,,hunters,first_encounter_avg_pupil_size_z,A
answer_B,answer_D,-0.021143479141248644,0.011938275854760268,-1.7710663917032787,0.0765496619837333,-0.0445420698540829,0.0022551115715856093,0.3827483099186665,,hunters,first_encounter_avg_pupil_size_z,A
answer_C,answer_D,-0.027233976799507828,0.011933764104445055,-2.282094447414441,0.022483764755151597,-0.05062372464421702,-0.0038442289547986307,0.13490258853090958,,hunters,first_encounter_avg_pupil_size_z,A
answer_A,answer_B,-0.050659142959278106,0.037283702225450875,-1.3587476547513242,0.17422656560154026,-0.12373385653147768,0.022415570612921473,0.696906262406161,,hunters,first_encounter_avg_pupil_size_z,B
answer_A,answer_C,0.023844678628246158,0.03750031961358605,0.6358526773624467,0.52487244932658,-0.04965459722312349,0.0973439544796158,1.0,,hunters,first_encounter_avg_pupil_size_z,B
answer_A,answer_D,-0.03213608264946839,0.037454021651109906,-0.8580142060262861,0.3908846191295602,-0.10554461616182721,0.04127245086289043,1.0,,hunters,first_encounter_avg_pupil_size_z,B
answer_B,answer_C,0.07450382158752426,0.037177672321432015,2.003993712768689,0.045070733918721045,0.0016369228084858883,0.14737072036656262,0.2704244035123263,,hunters,first_encounter_avg_pupil_size_z,B
answer_B,answer_D,0.018523060309809714,0.03713860880380142,0.49875482433024626,0.6179521165720885,-0.05426727538156324,0.09131339600118267,1.0,,hunters,first_encounter_avg_pupil_size_z,B
answer_C,answer_D,-0.05598076127771455,0.03734767274558888,-1.4989089590415354,0.13389725187207613,-0.12918085476545693,0.01721933221002782,0.6694862593603806,,hunters,first_encounter_avg_pupil_size_z,B
answer_A,answer_B,-0.030318254846702378,0.0531345312369082,-0.5705941906502183,0.5682747573636072,-0.13446002240646093,0.07382351271305619,1.0,,hunters,first_encounter_avg_pupil_size_z,C
answer_A,answer_C,-0.18680220139658016,0.053026599702777545,-3.522801809726363,0.0004270105470083358,-0.2907324270366465,-0.08287197575651384,0.0021350527350416787,★,hunters,first_encounter_avg_pupil_size_z,C
answer_A,answer_D,0.009806210615289593,0.0533692183463587,0.1837428187845786,0.8542152162092675,-0.09479553522662776,0.11440795645720694,1.0,,hunters,first_encounter_avg_pupil_size_z,C
answer_B,answer_C,-0.15648394654987777,0.05282527388915334,-2.9622931416927067,0.0030535691324544705,-0.26001958084608245,-0.05294831225367311,0.012214276529817882,★,hunters,first_encounter_avg_pupil_size_z,C
answer_B,answer_D,0.04012446546199197,0.053188076327373095,0.7543883560485535,0.4506160613080483,-0.06412224854662672,0.14437117947061068,1.0,,hunters,first_encounter_avg_pupil_size_z,C
answer_C,answer_D,0.19660841201186974,0.05306109173519644,3.705321650618349,0.00021112264301993157,0.09261058323050879,0.3006062407932307,0.0012667358581195894,★,hunters,first_encounter_avg_pupil_size_z,C
answer_A,answer_B,-0.04480884394597856,0.07760301850191986,-0.5774110957406896,0.5636617804419874,-0.19690796530133695,0.10729027740937983,1.0,,hunters,first_encounter_avg_pupil_size_z,D
answer_A,answer_C,0.02637603130022967,0.07760301850191986,0.3398840896836653,0.7339438187308607,-0.12572309005512872,0.17847515265558805,1.0,,hunters,first_encounter_avg_pupil_size_z,D
answer_A,answer_D,-0.19647364325534963,0.07775826619326544,-2.526723561029786,0.011513208592069989,-0.34887704449442836,-0.04407024201627094,0.05756604296034994,,hunters,first_encounter_avg_pupil_size_z,D
answer_B,answer_C,0.07118487524620823,0.07728947577843205,0.9210164065580668,0.35704186135832916,-0.08029971366349944,0.2226694641559159,1.0,,hunters,first_encounter_avg_pupil_size_z,D
answer_B,answer_D,-0.15166479930937107,0.07744530982300488,-1.958347118192037,0.05018929543091285,-0.3034548173340067,0.0001252187152645523,0.2007571817236514,,hunters,first_encounter_avg_pupil_size_z,D
answer_C,answer_D,-0.2228496745555793,0.07744530982300488,-2.8775102722796846,0.004008268599920431,-0.3746396925802149,-0.07105965653094368,0.024049611599522583,★,hunters,first_encounter_avg_pupil_size_z,D
answer_A,answer_B,0.5889454373298617,0.010495255277526741,56.11539898328701,0.0,0.5683751149773554,0.609515759682368,0.0,★,hunters,num_label_visits,A
answer_A,answer_C,0.6381820333767312,0.010495255277526738,60.80671851243642,0.0,0.6176117110242249,0.6587523557292375,0.0,★,hunters,num_label_visits,A
answer_A,answer_D,0.6545153272576638,0.010495255277526741,62.36297354854846,0.0,0.6339450049051575,0.6750856496101701,0.0,★,hunters,num_label_visits,A
answer_B,answer_C,0.049236596046869474,0.010495255277526741,4.691319529149396,2.714486492184821e-06,0.028666273694363132,0.06980691839937582,5.428972984369642e-06,★,hunters,num_label_visits,A
answer_B,answer_D,0.0655698899278021,0.010495255277526743,6.247574565261452,4.168752871005537e-10,0.04499956757529576,0.08614021228030845,1.2506258613016611e-09,★,hunters,num_label_visits,A
answer_C,answer_D,0.01633329388093263,0.010495255277526741,1.5562550361120566,0.11964745887785143,-0.004237028471573711,0.03690361623343898,0.11964745887785143,,hunters,num_label_visits,A
answer_A,answer_B,-0.6706989247311825,0.046656664154808285,-14.375200989633171,7.405475894007314e-47,-0.7621443061133877,-0.5792535433489774,2.9621903576029257e-46,★,hunters,num_label_visits,B
answer_A,answer_C,0.19489247311827973,0.046656664154808285,4.177162612218061,2.9516801394038143e-05,0.10344709173607457,0.2863378545004849,5.9033602788076285e-05,★,hunters,num_label_visits,B
answer_A,answer_D,0.20295698924731176,0.046656664154808285,4.350010720309838,1.361308766718326e-05,0.1115116078651066,0.2944023706295169,4.083926300154978e-05,★,hunters,num_label_visits,B
answer_B,answer_C,0.8655913978494623,0.04665666415480828,18.552363601851237,7.804351303974517e-77,0.7741460164672571,0.9570367792316674,3.9021756519872585e-76,★,hunters,num_label_visits,B
answer_B,answer_D,0.8736559139784943,0.046656664154808285,18.72521170994301,3.084428373342977e-78,0.7822105325962891,0.9651012953606994,1.8506570240057864e-77,★,hunters,num_label_visits,B
answer_C,answer_D,0.008064516129032029,0.04665666415480828,0.1728481080917768,0.8627708213206964,-0.08338086525317312,0.09950989751123718,0.8627708213206964,,hunters,num_label_visits,B
answer_A,answer_B,0.18983957219251324,0.06277124708865003,3.024307800104851,0.0024920275797857628,0.06681018863409445,0.31286895575093204,0.0049840551595715255,★,hunters,num_label_visits,C
answer_A,answer_C,-0.6684491978609635,0.06277124708865003,-10.64897112712978,1.763028199078902e-26,-0.7914785814193822,-0.5454198143025447,7.052112796315609e-26,★,hunters,num_label_visits,C
answer_A,answer_D,0.22727272727272663,0.06277124708865005,3.620650183224109,0.00029386361402927735,0.10424334371430781,0.35030211083114543,0.000881590842087832,★,hunters,num_label_visits,C
answer_B,answer_C,-0.8582887700534767,0.06277124708865003,-13.67327892723463,1.4663578647052362e-42,-0.9813181536118954,-0.735259386495058,7.331789323526181e-42,★,hunters,num_label_visits,C
answer_B,answer_D,0.03743315508021339,0.06277124708865003,0.5963423831192586,0.5509465226385031,-0.0855962284782054,0.1604625386386322,0.5509465226385031,,hunters,num_label_visits,C
answer_C,answer_D,0.8957219251336901,0.06277124708865003,14.26962131035389,3.3841125038395244e-46,0.7726925415752713,1.018751308692109,2.0304675023037146e-45,★,hunters,num_label_visits,C
answer_A,answer_B,0.40131578947368496,0.12243381741759446,3.277818154643388,0.0010461276506957722,0.16134991684544706,0.6412816621019228,0.0020922553013915444,★,hunters,num_label_visits,D
answer_A,answer_C,0.42763157894736903,0.12243381741759446,3.492757050029838,0.00047806123650041436,0.18766570631913113,0.6675974515756069,0.001434183709501243,★,hunters,num_label_visits,D
answer_A,answer_D,-0.6315789473684221,0.12243381741759446,-5.15853348927484,2.488915946562124e-07,-0.87154481999666,-0.39161307474018425,9.955663786248497e-07,★,hunters,num_label_visits,D
answer_B,answer_C,0.02631578947368407,0.12243381741759446,0.21493889538645014,0.8298149593858126,-0.21365008315455383,0.26628166210192195,0.8298149593858126,,hunters,num_label_visits,D
answer_B,answer_D,-1.032894736842107,0.12243381741759445,-8.436351643918227,3.273967887213539e-17,-1.272860609470345,-0.7929288642138692,1.6369839436067694e-16,★,hunters,num_label_visits,D
answer_C,answer_D,-1.0592105263157912,0.12243381741759443,-8.65129053930468,5.092028224717193e-18,-1.299176398944029,-0.8192446536875533,3.0552169348303156e-17,★,hunters,num_label_visits,D
answer_A,answer_B,89.84862811168051,1.9944715480076363,45.04883922833303,0.0,85.9395357093957,93.75772051396532,0.0,★,gatherers,mean_dwell_time,A
answer_A,answer_C,111.40641728712063,1.9944715480076358,55.857611705922466,0.0,107.49732488483582,115.31550968940545,0.0,★,gatherers,mean_dwell_time,A
answer_A,answer_D,111.63108184133844,1.9944715480076354,55.97025535553595,0.0,107.72198943905363,115.54017424362326,0.0,★,gatherers,mean_dwell_time,A
answer_B,answer_C,21.55778917544012,1.9944715480076367,10.808772477589425,3.1282797115836006e-27,17.648696773155304,25.466881577724937,6.256559423167201e-27,★,gatherers,mean_dwell_time,A
answer_B,answer_D,21.78245372965793,1.9944715480076367,10.921416127202896,9.106473471932608e-28,17.873361327373114,25.691546131942747,2.7319420415797824e-27,★,gatherers,mean_dwell_time,A
answer_C,answer_D,0.22466455421781006,1.9944715480076363,0.11264364961347138,0.9103130778685029,-3.6844278480670063,4.133756956502626,0.9103130778685029,,gatherers,mean_dwell_time,A
answer_A,answer_B,-119.46335611267813,9.30277432123039,-12.841691304930833,9.575930657569469e-38,-137.69645873859375,-101.23025348676252,3.8303722630277875e-37,★,gatherers,mean_dwell_time,B
answer_A,answer_C,56.14513738875499,9.302774321230387,6.035311128705229,1.5865669987872563e-09,37.91203476283938,74.3782400146706,3.1731339975745127e-09,★,gatherers,mean_dwell_time,B
answer_A,answer_D,62.05005431186453,9.302774321230387,6.670059077995323,2.5570047200296787e-11,43.81695168594892,80.28315693778013,7.671014160089036e-11,★,gatherers,mean_dwell_time,B
answer_B,answer_C,175.60849350143312,9.302774321230387,18.877002433636065,1.7631276354036178e-79,157.3753908755175,193.84159612734874,8.81563817701809e-79,★,gatherers,mean_dwell_time,B
answer_B,answer_D,181.51341042454266,9.302774321230387,19.51175038292616,8.724311276748015e-85,163.28030779862706,199.74651305045825,5.234586766048809e-84,★,gatherers,mean_dwell_time,B
answer_C,answer_D,5.904916923109539,9.30277432123039,0.6347479492900944,0.525592815652246,-12.32818570280607,24.13801954902515,0.525592815652246,,gatherers,mean_dwell_time,B
answer_A,answer_B,5.705593584818956,10.792529705384384,0.528661374169991,0.5970403765589896,-15.447375939813117,26.85856310945103,0.5970403765589896,,gatherers,mean_dwell_time,C
answer_A,answer_C,-118.9250489719305,10.792529705384384,-11.019200522802258,3.0878939371621846e-28,-140.07801849656258,-97.77207944729842,1.2351575748648738e-27,★,gatherers,mean_dwell_time,C
answer_A,answer_D,29.37659713192548,10.792529705384386,2.7219380380551113,0.006490030981903446,8.223627607293402,50.529566656557556,0.019470092945710338,★,gatherers,mean_dwell_time,C
answer_B,answer_C,-124.63064255674945,10.792529705384384,-11.547861896972249,7.567976964212933e-31,-145.78361208138153,-103.47767303211738,3.783988482106467e-30,★,gatherers,mean_dwell_time,C
answer_B,answer_D,23.671003547106523,10.792529705384387,2.1932766638851198,0.028287451921043406,2.518034022474442,44.82397307173861,0.05657490384208681,,gatherers,mean_dwell_time,C
answer_C,answer_D,148.30164610385597,10.792529705384384,13.741138560857369,5.7563367915437474e-43,127.1486765792239,169.45461562848806,3.453802074926248e-42,★,gatherers,mean_dwell_time,C
answer_A,answer_B,55.57429691431793,17.06687546570912,3.256266621619064,0.001128876912631738,22.12383567289779,89.02475815573806,0.003386630737895214,★,gatherers,mean_dwell_time,D
answer_A,answer_C,42.00439948423141,17.066875465709128,2.4611651715996237,0.013848659403131573,8.553938242811263,75.45486072565157,0.027697318806263145,★,gatherers,mean_dwell_time,D
answer_A,answer_D,-92.48708754780205,17.066875465709124,-5.419098987018901,5.990014717569395e-08,-125.93754878922219,-59.036626306381905,2.396005887027758e-07,★,gatherers,mean_dwell_time,D
answer_B,answer_C,-13.569897430086513,17.066875465709135,-0.7951014500194385,0.4265544912572151,-47.02035867150668,19.88056381133365,0.4265544912572151,,gatherers,mean_dwell_time,D
answer_B,answer_D,-148.06138446211997,17.06687546570914,-8.675365608637957,4.122239515194241e-18,-181.51184570354013,-114.6109232206998,2.4733437091165447e-17,★,gatherers,mean_dwell_time,D
answer_C,answer_D,-134.49148703203346,17.06687546570913,-7.880264158618521,3.266896856307678e-15,-167.94194827345362,-101.0410257906133,1.6334484281538388e-14,★,gatherers,mean_dwell_time,D
answer_A,answer_B,0.3949744675228348,0.008209918982900011,48.109423289743226,0.0,0.37888332200035907,0.4110656130453106,0.0,★,gatherers,mean_fixations_count,A
answer_A,answer_C,0.49878646421505957,0.008209918982900011,60.754127446806045,0.0,0.4826953186925838,0.5148776097375353,0.0,★,gatherers,mean_fixations_count,A
answer_A,answer_D,0.4934716616770406,0.008209918982900011,60.10676386756868,0.0,0.47738051615456484,0.5095628071995163,0.0,★,gatherers,mean_fixations_count,A
answer_B,answer_C,0.10381199669222474,0.008209918982900015,12.644704157062815,1.1967415009729173e-36,0.087720851169749,0.11990314221470048,3.590224502918752e-36,★,gatherers,mean_fixations_count,A
answer_B,answer_D,0.09849719415420577,0.008209918982900011,11.997340577825453,3.668968072671283e-33,0.08240604863173004,0.1145883396766815,7.337936145342566e-33,★,gatherers,mean_fixations_count,A
answer_C,answer_D,-0.00531480253801897,0.008209918982900011,-0.6473635792373689,0.5173966617174328,-0.021405948060494704,0.010776342984456764,0.5173966617174328,,gatherers,mean_fixations_count,A
answer_A,answer_B,-0.48712463541360584,0.034895060166952374,-13.959701834099167,2.745801549421895e-44,-0.5555176965791907,-0.41873157424802093,1.098320619768758e-43,★,gatherers,mean_fixations_count,B
answer_A,answer_C,0.24478989303180465,0.034895060166952374,7.015029974461393,2.2989966287054176e-12,0.17639683186621974,0.31318295419738956,4.597993257410835e-12,★,gatherers,mean_fixations_count,B
answer_A,answer_D,0.2646022621985856,0.034895060166952374,7.582799998986079,3.3817595132397415e-14,0.1962092010330007,0.33299532336417054,1.0145278539719224e-13,★,gatherers,mean_fixations_count,B
answer_B,answer_C,0.7319145284454105,0.034895060166952374,20.97473180856056,1.1159395714074647e-97,0.6635214672798256,0.8003075896109954,5.579697857037323e-97,★,gatherers,mean_fixations_count,B
answer_B,answer_D,0.7517268976121915,0.034895060166952374,21.542501833085247,6.225224344285069e-103,0.6833338364466066,0.8201199587777763,3.735134606571041e-102,★,gatherers,mean_fixations_count,B
answer_C,answer_D,0.019812369166780974,0.034895060166952374,0.567770024524687,0.5701911362930705,-0.048580691998803924,0.08820543033236587,0.5701911362930705,,gatherers,mean_fixations_count,B
answer_A,answer_B,0.004003722906477769,0.040871150026950416,0.09795963421234088,0.9219643463824867,-0.0761022591530783,0.08410970496603384,0.9219643463824867,,gatherers,mean_fixations_count,C
answer_A,answer_C,-0.5094080365,0.040871150026950416,-12.463755880715286,1.1769423487989047e-35,-0.5895140185595561,-0.4293020544404439,4.707769395195619e-35,★,gatherers,mean_fixations_count,C
answer_A,answer_D,0.1161983096531567,0.04087115002695041,2.843039884528221,0.0044685478064373915,0.036092327593600634,0.19630429171271274,0.013405643419312174,★,gatherers,mean_fixations_count,C
answer_B,answer_C,-0.5134117594064778,0.040871150026950416,-12.561715514927627,3.428181852846136e-36,-0.5935177414660339,-0.43330577734692166,1.7140909264230678e-35,★,gatherers,mean_fixations_count,C
answer_B,answer_D,0.11219458674667893,0.04087115002695041,2.74508025031588,0.0060496102219180425,0.032088604687122865,0.19230056880623497,0.013405643419312174,★,gatherers,mean_fixations_count,C
answer_C,answer_D,0.6256063461531567,0.04087115002695041,15.30679576524351,6.887443151167183e-53,0.5455003640936006,0.7057123282127128,4.13246589070031e-52,★,gatherers,mean_fixations_count,C
answer_A,answer_B,0.19957554873521266,0.06834651684693248,2.920054421824863,0.0034997026417670587,0.06561883724646494,0.3335322602239604,0.010499107925301177,★,gatherers,mean_fixations_count,D
answer_A,answer_C,0.16590553250217122,0.06834651684693249,2.4274175211259115,0.01520674409479688,0.03194882101342347,0.299862243990919,0.03041348818959376,★,gatherers,mean_fixations_count,D
answer_A,answer_D,-0.4025417203988635,0.06834651684693249,-5.889718144677189,3.8685484288369056e-09,-0.5364984318876113,-0.2685850089101157,1.5474193715347622e-08,★,gatherers,mean_fixations_count,D
answer_B,answer_C,-0.033670016233041444,0.06834651684693248,-0.49263690069895083,0.6222691697725811,-0.16762672772178916,0.10028669525570627,0.6222691697725811,,gatherers,mean_fixations_count,D
answer_B,answer_D,-0.6021172691340761,0.06834651684693248,-8.809772566502053,1.2540001968490225e-18,-0.7360739806228238,-0.46816055764532843,7.524001181094135e-18,★,gatherers,mean_fixations_count,D
answer_C,answer_D,-0.5684472529010347,0.06834651684693248,-8.317135665803102,9.011458365685443e-17,-0.7024039643897824,-0.434490541412287,4.505729182842722e-16,★,gatherers,mean_fixations_count,D
answer_A,answer_B,7.514374307773352,0.7997950909329901,9.395374381465084,5.701469647292131e-21,5.946804734532754,9.08194388101395,2.2805878589168523e-20,★,gatherers,mean_first_fixation_duration,A
answer_A,answer_C,10.324848459588111,0.8001983870591944,12.902860873705228,4.336921663197789e-38,8.756488440465048,11.893208478711173,2.1684608315988944e-37,★,gatherers,mean_first_fixation_duration,A
answer_A,answer_D,10.652084854653765,0.7992645774864968,13.327357616863393,1.6048174927813074e-40,9.085555068661607,12.218614640645923,9.628904956687844e-40,★,gatherers,mean_first_fixation_duration,A
answer_B,answer_C,2.810474151814759,0.8061607724315095,3.4862452353491733,0.0004898517200950227,1.23042807210001,4.390520231529508,0.0009797034401900454,★,gatherers,mean_first_fixation_duration,A
answer_B,answer_D,3.137710546880413,0.8052267712365093,3.8966793690454837,9.752058852051691e-05,1.5594950758693817,4.715926017891444,0.0002925617655615507,★,gatherers,mean_first_fixation_duration,A
answer_C,answer_D,0.32723639506565405,0.8056472881742971,0.40617823688976207,0.68461164355198,-1.2518032739983305,1.9062760641296386,0.68461164355198,,gatherers,mean_first_fixation_duration,A
answer_A,answer_B,-11.849350257365472,2.6583401649126466,-4.457424378476727,8.29502850057191e-06,-17.059601239250526,-6.639099275480417,3.318011400228764e-05,★,gatherers,mean_first_fixation_duration,B
answer_A,answer_C,3.654544100949664,2.67475054598021,1.3663121244865069,0.17184101707123467,-1.5878706368003934,8.896958838699721,0.515523051213704,,gatherers,mean_first_fixation_duration,B
answer_A,answer_D,1.9572839286646797,2.6707399789033963,0.7328620322927651,0.46364258220894705,-3.2772702420572406,7.1918380993866,0.9272851644178941,,gatherers,mean_first_fixation_duration,B
answer_B,answer_C,15.503894358315137,2.6573504208782346,5.8343432000929765,5.4002864471091095e-09,10.295583239091442,20.71220547753883,3.240171868265466e-08,★,gatherers,mean_first_fixation_duration,B
answer_B,answer_D,13.806634186030152,2.6538773269486264,5.202438728358532,1.966902170416427e-07,8.605130205823414,19.00813816623689,9.834510852082135e-07,★,gatherers,mean_first_fixation_duration,B
answer_C,answer_D,-1.6972601722849845,2.670252284586184,-0.6356179084958683,0.5250254940897465,-6.930858479709704,3.5363381351397347,0.9272851644178941,,gatherers,mean_first_fixation_duration,B
answer_A,answer_B,7.340786196802981,3.545262060560327,2.070590571700297,0.03839707400208118,0.39220024234847983,14.289372151257481,0.15358829600832472,,gatherers,mean_first_fixation_duration,C
answer_A,answer_C,-5.078644368008469,3.537029702495514,-1.4358500762448458,0.15104500695702286,-12.011095197148098,1.8538064611311613,0.4531350208710686,,gatherers,mean_first_fixation_duration,C
answer_A,answer_D,3.4371814353666537,3.546946659491856,0.9690536016854204,0.3325184459122812,-3.514706272322039,10.389069143055346,0.5406443831929664,,gatherers,mean_first_fixation_duration,C
answer_B,answer_C,-12.41943056481145,3.5317855539082093,-3.516473572714044,0.0004373201920991153,-19.341603051590386,-5.497258078032513,0.0026239211525946916,★,gatherers,mean_first_fixation_duration,C
answer_B,answer_D,-3.903604761436327,3.541259904142388,-1.1023208877919652,0.2703221915964832,-10.84434663345117,3.0371371105785174,0.5406443831929664,,gatherers,mean_first_fixation_duration,C
answer_C,answer_D,8.515825803375122,3.5334954128869165,2.4100288265034338,0.015951260134068036,1.5903020545792783,15.441349552170966,0.07975630067034017,,gatherers,mean_first_fixation_duration,C
answer_A,answer_B,0.5455601975068589,4.138503485835262,0.13182547734323102,0.8951223344038941,-7.565757584623723,8.656877979637441,1.0,,gatherers,mean_first_fixation_duration,D
answer_A,answer_C,6.28264409660423,4.148429364296825,1.514463317291932,0.12990837077840445,-1.848128049825938,14.413416243034398,0.6495418538920222,,gatherers,mean_first_fixation_duration,D
answer_A,answer_D,-2.9903747601347845,4.135031146280365,-0.723180709974761,0.46956886843810364,-11.094886881795677,5.114137361526108,1.0,,gatherers,mean_first_fixation_duration,D
answer_B,answer_C,5.737083899097371,4.143679329713732,1.384538580955713,0.1661936031273873,-2.3843783506246172,13.858546148819359,0.6647744125095492,,gatherers,mean_first_fixation_duration,D
answer_B,answer_D,-3.5359349576416435,4.13002453598696,-0.8561534990485604,0.3919128798510325,-11.630634303442834,4.558764388159547,1.0,,gatherers,mean_first_fixation_duration,D
answer_C,answer_D,-9.273018856739014,4.139047366307654,-2.2403751482098295,0.02506657828157223,-17.38540262500738,-1.1606350884706487,0.15039946968943338,,gatherers,mean_first_fixation_duration,D
answer_A,answer_B,-0.11550660466590901,0.002898940272779919,-39.84442375390672,0.0,-0.12118842319389037,-0.10982478613792765,0.0,★,gatherers,skip_rate,A
answer_A,answer_C,-0.15081264647692727,0.002898940272779919,-52.0233713998897,0.0,-0.15649446500490863,-0.1451308279489459,0.0,★,gatherers,skip_rate,A
answer_A,answer_D,-0.13726113352091868,0.002898940272779919,-47.34872767464542,0.0,-0.14294295204890003,-0.13157931499293732,0.0,★,gatherers,skip_rate,A
answer_B,answer_C,-0.03530604181101826,0.0028989402727799176,-12.178947645982989,4.024409620080417e-34,-0.04098786033899962,-0.029624223283036905,1.2073228860241252e-33,★,gatherers,skip_rate,A
answer_B,answer_D,-0.02175452885500967,0.0028989402727799176,-7.504303920738705,6.175587380269625e-14,-0.027436347382991028,-0.01607271032702831,1.235117476053925e-13,★,gatherers,skip_rate,A
answer_C,answer_D,0.013551512956008593,0.002898940272779919,4.674643725244281,2.94464357517899e-06,0.007869694428027232,0.019233331483989955,2.94464357517899e-06,★,gatherers,skip_rate,A
answer_A,answer_B,0.11316175940072987,0.008269060047891307,13.684960412107207,1.248751412249488e-42,0.09695469952086386,0.12936881928059588,4.995005648997952e-42,★,gatherers,skip_rate,B
answer_A,answer_C,-0.035359700593524,0.008269060047891307,-4.276145098564266,1.9015731133284513e-05,-0.05156676047339002,-0.019152640713657985,3.803146226656903e-05,★,gatherers,skip_rate,B
answer_A,answer_D,-0.03838203814159685,0.008269060047891307,-4.641644626995381,3.4564695956639635e-06,-0.05458909802146287,-0.022174978261730836,1.036940878699189e-05,★,gatherers,skip_rate,B
answer_B,answer_C,-0.14852145999425387,0.008269060047891305,-17.961105510671477,3.929039548207253e-72,-0.16472851987411988,-0.13231440011438786,1.9645197741036263e-71,★,gatherers,skip_rate,B
answer_B,answer_D,-0.15154379754232672,0.008269060047891305,-18.326605039102592,5.076160215607085e-75,-0.16775085742219273,-0.1353367376624607,3.045696129364251e-74,★,gatherers,skip_rate,B
answer_C,answer_D,-0.003022337548072851,0.008269060047891305,-0.36549952843111566,0.7147385587572526,-0.019229397427938864,0.013184722331793162,0.7147385587572526,,gatherers,skip_rate,B
answer_A,answer_B,-0.00993083656194682,0.010398293273529449,-0.9550448617589374,0.3395550106777524,-0.03031111687874964,0.010449443754856,0.6791100213555048,,gatherers,skip_rate,C
answer_A,answer_C,0.09747929938743943,0.010398293273529449,9.374547997755448,6.947279570233089e-21,0.07709901907063661,0.11785957970424225,2.7789118280932354e-20,★,gatherers,skip_rate,C
answer_A,answer_D,-0.015773336198460497,0.010398293273529449,-1.5169158806680416,0.1292879235681981,-0.03615361651526332,0.004606944118342324,0.3878637707045943,,gatherers,skip_rate,C
answer_B,answer_C,0.10741013594938625,0.01039829327352945,10.329592859514385,5.177989301929891e-25,0.08702985563258343,0.1277904162661891,2.5889946509649456e-24,★,gatherers,skip_rate,C
answer_B,answer_D,-0.005842499636513676,0.010398293273529449,-0.5618710189091043,0.5742039005555126,-0.026222779953316497,0.014537780680289145,0.6791100213555048,,gatherers,skip_rate,C
answer_C,answer_D,-0.11325263558589993,0.010398293273529449,-10.89146387842349,1.2658891843979542e-27,-0.13363291590270276,-0.09287235526909711,7.595335106387725e-27,★,gatherers,skip_rate,C
answer_A,answer_B,-0.004394140003383784,0.014703062802780937,-0.29885882025564614,0.7650477685530123,-0.03321161355926497,0.024423333552497397,0.8299739596151787,,gatherers,skip_rate,D
answer_A,answer_C,-0.016379328144034144,0.014703062802780937,-1.114007901873082,0.26527579673327617,-0.04519680169991533,0.012438145411847037,0.7958273901998285,,gatherers,skip_rate,D
answer_A,answer_D,0.08573364644793208,0.014703062802780937,5.831005933792,5.509422522814103e-09,0.05691617289205089,0.11455112000381326,2.203769009125641e-08,★,gatherers,skip_rate,D
answer_B,answer_C,-0.01198518814065036,0.014703062802780937,-0.8151490816174357,0.41498697980758936,-0.040802661696531545,0.01683228541523082,0.8299739596151787,,gatherers,skip_rate,D
answer_B,answer_D,0.09012778645131586,0.014703062802780937,6.129864754047647,8.795380797377189e-10,0.06131031289543468,0.11894526000719705,4.397690398688594e-09,★,gatherers,skip_rate,D
answer_C,answer_D,0.10211297459196622,0.014703062802780937,6.945013835665082,3.784232349339605e-12,0.07329550103608504,0.1309304481478474,2.2705394096037632e-11,★,gatherers,skip_rate,D
answer_A,answer_B,0.1112634583309455,0.0017683673143013385,62.91874851515473,0.0,0.10779752208347705,0.11472939457841395,0.0,★,gatherers,area_dwell_proportion,A
answer_A,answer_C,0.13174076453996525,0.0017683673143013385,74.4985295048922,0.0,0.1282748282924968,0.1352067007874337,0.0,★,gatherers,area_dwell_proportion,A
answer_A,answer_D,0.15365882230237485,0.0017683673143013383,86.89304595243759,0.0,0.1501928860549064,0.15712475854984329,0.0,★,gatherers,area_dwell_proportion,A
answer_B,answer_C,0.020477306209019747,0.0017683673143013385,11.579780989737472,5.217918991969785e-31,0.017011369961551302,0.02394324245648819,5.217918991969785e-31,★,gatherers,area_dwell_proportion,A
answer_B,answer_D,0.042395363971429345,0.0017683673143013383,23.974297437282857,5.1568813299500614e-127,0.0389294277239609,0.04586130021889779,1.5470643989850184e-126,★,gatherers,area_dwell_proportion,A
answer_C,answer_D,0.0219180577624096,0.0017683673143013383,12.394516447545385,2.7982858843729624e-35,0.018452121514941154,0.025383994009878043,5.596571768745925e-35,★,gatherers,area_dwell_proportion,A
answer_A,answer_B,-0.13723452918671983,0.004981520731687733,-27.548721882007495,4.584179061480765e-167,-0.1469981304090674,-0.12747092796437226,1.833671624592306e-166,★,gatherers,area_dwell_proportion,B
answer_A,answer_C,0.0034789968716051056,0.004981520731687733,0.6983804863994667,0.4849392764952086,-0.006284604350742469,0.01324259809395268,0.4849392764952086,,gatherers,area_dwell_proportion,B
answer_A,answer_D,0.038229482137723425,0.004981520731687733,7.674259367133323,1.66377133298225e-14,0.02846588091537585,0.047993083360071,4.9913139989467497e-14,★,gatherers,area_dwell_proportion,B
answer_B,answer_C,0.14071352605832493,0.004981520731687733,28.247102368406964,1.544906738942535e-175,0.13094992483597737,0.1504771272806725,7.724533694712674e-175,★,gatherers,area_dwell_proportion,B
answer_B,answer_D,0.17546401132444325,0.004981520731687733,35.22298124914082,8.896400451102518e-272,0.16570041010209569,0.18522761254679082,5.337840270661511e-271,★,gatherers,area_dwell_proportion,B
answer_C,answer_D,0.03475048526611832,0.004981520731687733,6.975878880733856,3.0396451940560133e-12,0.024986884043770745,0.044514086488465894,6.079290388112027e-12,★,gatherers,area_dwell_proportion,B
answer_A,answer_B,-0.0009630700873378695,0.005971534057662894,-0.16127683071689464,0.871875370778028,-0.012667061772811473,0.010740921598135734,0.871875370778028,,gatherers,area_dwell_proportion,C
answer_A,answer_C,-0.13648664712097702,0.005971534057662894,-22.856211787962977,1.267640906678076e-115,-0.14819063880645061,-0.12478265543550342,6.338204533390379e-115,★,gatherers,area_dwell_proportion,C
answer_A,answer_D,0.019576708308385454,0.005971534057662894,3.2783382158331484,0.0010442020134683705,0.00787271662291185,0.03128069999385906,0.002088404026936741,★,gatherers,area_dwell_proportion,C
answer_B,answer_C,-0.13552357703363915,0.005971534057662894,-22.69493495724608,5.026877095501647e-114,-0.14722756871911274,-0.12381958534816555,2.0107508382006588e-113,★,gatherers,area_dwell_proportion,C
answer_B,answer_D,0.020539778395723324,0.005971534057662894,3.4396150465500432,0.0005825421330596572,0.00883578671024972,0.03224377008119693,0.0017476263991789715,★,gatherers,area_dwell_proportion,C
answer_C,answer_D,0.15606335542936248,0.005971534057662894,26.134550003796125,1.4768385312265667e-150,0.14435936374388889,0.16776734711483607,8.8610311873594e-150,★,gatherers,area_dwell_proportion,C
answer_A,answer_B,0.009652886511889058,0.009219999059061061,1.0469509215841593,0.2951222143636444,-0.008417979581363807,0.027723752605141923,0.8853666430909332,,gatherers,area_dwell_proportion,D
answer_A,answer_C,0.0037583069687744386,0.009219999059061061,0.40762552628255627,0.6835486208809003,-0.014312559124478427,0.021829173062027304,1.0,,gatherers,area_dwell_proportion,D
answer_A,answer_D,-0.07256947861178242,0.00921999905906106,-7.870877008437863,3.52163721713844e-15,-0.09064034470503529,-0.05449861251852956,1.408654886855376e-14,★,gatherers,area_dwell_proportion,D
answer_B,answer_C,-0.00589457954311462,0.00921999905906106,-0.639325395301603,0.522611271104486,-0.02396544563636748,0.012176286550138242,1.0,,gatherers,area_dwell_proportion,D
answer_B,answer_D,-0.08222236512367148,0.00921999905906106,-8.917827930022023,4.755224961514577e-19,-0.10029323121692435,-0.06415149903041861,2.853134976908746e-18,★,gatherers,area_dwell_proportion,D
answer_C,answer_D,-0.07632778558055686,0.00921999905906106,-8.278502534720419,1.2473384446875026e-16,-0.09439865167380973,-0.058256919487304,6.236692223437513e-16,★,gatherers,area_dwell_proportion,D
answer_A,answer_B,0.03879767006987835,0.010355617119059864,3.746533849582941,0.00017929481943347846,0.018501033478834587,0.05909430666092212,0.0007171792777339139,★,gatherers,mean_avg_fix_pupil_size_z,A
answer_A,answer_C,0.06376629470964698,0.010362598055397696,6.153504591103216,7.578918179040031e-10,0.0434559757348027,0.08407661368449126,4.547350907424019e-09,★,gatherers,mean_avg_fix_pupil_size_z,A
answer_A,answer_D,0.04405859486434784,0.010347680508229458,4.257823270568536,2.0642703279019795e-05,0.023777513744690983,0.0643396759840047,0.00010321351639509897,★,gatherers,mean_avg_fix_pupil_size_z,A
answer_B,answer_C,0.024968624639768622,0.01044029012935135,2.391564250649796,0.016776747258779246,0.004506031998090954,0.04543121728144629,0.05033024177633774,,gatherers,mean_avg_fix_pupil_size_z,A
answer_B,answer_D,0.00526092479446949,0.010427362476563737,0.50453072925141,0.6138884737839495,-0.015176330113339818,0.0256981797022788,0.6138884737839495,,gatherers,mean_avg_fix_pupil_size_z,A
answer_C,answer_D,-0.01970769984529913,0.010433126780031964,-1.8889543145414316,0.058897950598729425,-0.04015625258030212,0.0007408528897038594,0.11779590119745885,,gatherers,mean_avg_fix_pupil_size_z,A
answer_A,answer_B,-0.04196691236607466,0.027760216047708338,-1.5117646164551055,0.1305937538187341,-0.09637593602263383,0.012442111290484524,0.7137555340482065,,gatherers,mean_avg_fix_pupil_size_z,B
answer_A,answer_C,-0.016675970137418873,0.02794933944351158,-0.5966498840204322,0.5507411588788487,-0.07145566883838633,0.03810372856354858,1.0,,gatherers,mean_avg_fix_pupil_size_z,B
answer_A,answer_D,-0.043485083809043944,0.027890127405906493,-1.5591568721136353,0.11895925567470107,-0.09814872904885419,0.011178561430766308,0.7137555340482065,,gatherers,mean_avg_fix_pupil_size_z,B
answer_B,answer_C,0.025290942228655786,0.02775795157383683,0.9111242290837369,0.3622299215514243,-0.029113643140671316,0.07969552759798289,1.0,,gatherers,mean_avg_fix_pupil_size_z,B
answer_B,answer_D,-0.001518171442969285,0.02770357216537957,-0.05480056629182659,0.9562973492465907,-0.05581617513021956,0.05277983224428099,1.0,,gatherers,mean_avg_fix_pupil_size_z,B
answer_C,answer_D,-0.02680911367162507,0.027887901339969528,-0.9613170006880971,0.336392802423614,-0.08146839590237165,0.027850168559121515,1.0,,gatherers,mean_avg_fix_pupil_size_z,B
answer_A,answer_B,-0.007859186539755635,0.03628799389553498,-0.2165781487502582,0.8285371163312845,-0.07898234764621352,0.06326397456670226,1.0,,gatherers,mean_avg_fix_pupil_size_z,C
answer_A,answer_C,-0.033533127864893736,0.03620689145370821,-0.9261531857206527,0.3543663773306406,-0.1044973311063129,0.03743107537652543,1.0,,gatherers,mean_avg_fix_pupil_size_z,C
answer_A,answer_D,0.05563321179701924,0.036308156380420196,1.5322510791823187,0.1254604881585591,-0.015529467053652511,0.12679589064769098,0.5018419526342364,,gatherers,mean_avg_fix_pupil_size_z,C
answer_B,answer_C,-0.025673941325138103,0.03614644032237166,-0.7102757863890695,0.47753313211200255,-0.09651966252631293,0.045171779876036725,1.0,,gatherers,mean_avg_fix_pupil_size_z,C
answer_B,answer_D,0.06349239833677486,0.036247377475951206,1.7516411602163418,0.07983553032384841,-0.0075511560501178715,0.13453595272366758,0.399177651619242,,gatherers,mean_avg_fix_pupil_size_z,C
answer_C,answer_D,0.08916633966191298,0.036166581816223925,2.4654345305564362,0.013684718111506632,0.018281141858192865,0.1600515374656331,0.08210830866903979,,gatherers,mean_avg_fix_pupil_size_z,C
answer_A,answer_B,0.08019895060116194,0.05284582062661239,1.5176025208845922,0.12911463098738837,-0.02337695456046225,0.18377485576278613,0.7718771539686985,,gatherers,mean_avg_fix_pupil_size_z,D
answer_A,answer_C,0.05544683875831474,0.05297440958451815,1.0466721421378362,0.2952508163696236,-0.048381096129614276,0.15927477364624376,1.0,,gatherers,mean_avg_fix_pupil_size_z,D
answer_A,answer_D,-4.173370000436216e-06,0.05282160419060997,-7.9008770452642e-05,0.9999369601219534,-0.10353261518922596,0.1035242684492251,1.0,,gatherers,mean_avg_fix_pupil_size_z,D
answer_B,answer_C,-0.02475211184284721,0.05290894562195302,-0.46782470434597057,0.6399099524727629,-0.1284517397218633,0.0789475160361689,1.0,,gatherers,mean_avg_fix_pupil_size_z,D
answer_B,answer_D,-0.08020312397116239,0.052783888436156466,-1.5194622137050442,0.12864619232811642,-0.1836576442700093,0.023251396327684526,0.7718771539686985,,gatherers,mean_avg_fix_pupil_size_z,D
answer_C,answer_D,-0.05545101212831518,0.052885570163772544,-1.0485092995423542,0.2944040199856328,-0.15910482495117542,0.04820280069454506,1.0,,gatherers,mean_avg_fix_pupil_size_z,D
answer_A,answer_B,0.1266251060943896,0.010839669334997668,11.681639188527592,1.5821468276552965e-31,0.10537974459347092,0.14787046759530825,6.328587310621186e-31,★,gatherers,mean_max_fix_pupil_size_z,A
answer_A,answer_C,0.16796270281832829,0.010846932295097329,15.484811580712568,4.3934785423409235e-54,0.14670310617719312,0.18922229945946345,2.6360871254045543e-53,★,gatherers,mean_max_fix_pupil_size_z,A
answer_A,answer_D,0.15562605020820416,0.010831401659997296,14.368043499205164,8.211846284027145e-47,0.13439689305252212,0.1768552073638862,4.1059231420135726e-46,★,gatherers,mean_max_fix_pupil_size_z,A
answer_B,answer_C,0.04133759672393872,0.010928400749479808,3.782584265671845,0.00015520852436249938,0.01991832484633776,0.06275686860153967,0.00046562557308749814,★,gatherers,mean_max_fix_pupil_size_z,A
answer_B,answer_D,0.029000944113814587,0.010914871040421159,2.6570120715503722,0.007883662001493158,0.007608189978689887,0.050393698248939287,0.015767324002986315,★,gatherers,mean_max_fix_pupil_size_z,A
answer_C,answer_D,-0.012336652610124128,0.010920892759251835,-1.129637739522065,0.2586289018214627,-0.03374120909728198,0.009067903877033722,0.2586289018214627,,gatherers,mean_max_fix_pupil_size_z,A
answer_A,answer_B,-0.1309243384088653,0.030113229710560817,-4.347734854987994,1.3755074759018879e-05,-0.18994518409974603,-0.07190349271798459,5.5020299036075516e-05,★,gatherers,mean_max_fix_pupil_size_z,B
answer_A,answer_C,0.02948897812007023,0.030318079916293324,0.9726532221528474,0.33072568138550873,-0.02993336659627182,0.08891132283641229,0.9921770441565262,,gatherers,mean_max_fix_pupil_size_z,B
answer_A,answer_D,0.006536693485032052,0.030254527697366515,0.21605670233619392,0.8289435491053864,-0.05276109117107585,0.06583447814113996,0.9921770441565262,,gatherers,mean_max_fix_pupil_size_z,B
answer_B,answer_C,0.16041331652893553,0.030110583062128018,5.327472941920461,9.958860895249808e-08,0.10139765817366284,0.21942897488420823,5.975316537149885e-07,★,gatherers,mean_max_fix_pupil_size_z,B
answer_B,answer_D,0.13746103189389736,0.030051982327132163,4.574108636081284,4.782516576915014e-06,0.0785602288686841,0.1963618349191106,2.391258288457507e-05,★,gatherers,mean_max_fix_pupil_size_z,B
answer_C,answer_D,-0.022952284635038178,0.030251932444237836,-0.7587047431546793,0.4480291989181975,-0.0822449826884831,0.03634041341840675,0.9921770441565262,,gatherers,mean_max_fix_pupil_size_z,B
answer_A,answer_B,0.014074909356257714,0.039213762917676385,0.35892779241323886,0.7196491077550221,-0.06278265366068031,0.09093247237319574,0.7196491077550221,,gatherers,mean_max_fix_pupil_size_z,C
answer_A,answer_C,-0.09909901973366608,0.039125980506436404,-2.5328188188757044,0.011314942066369493,-0.17578453238609765,-0.022413507081234504,0.02587968455479384,★,gatherers,mean_max_fix_pupil_size_z,C
answer_A,answer_D,0.11695597073735903,0.03923537441292945,2.9808807100058634,0.002874207295113704,0.04005604996807294,0.19385589150664512,0.01437103647556852,★,gatherers,mean_max_fix_pupil_size_z,C
answer_B,answer_C,-0.1131739290899238,0.03906108178886579,-2.8973577767675547,0.0037632032256165785,-0.18973224259327415,-0.03661561558657346,0.015052812902466314,★,gatherers,mean_max_fix_pupil_size_z,C
answer_B,answer_D,0.10288106138110131,0.03917026233230581,2.6265093786785743,0.008626561518264613,0.02610875794479603,0.1796533648174066,0.02587968455479384,★,gatherers,mean_max_fix_pupil_size_z,C
answer_C,answer_D,0.2160549904710251,0.03908264793589535,5.528156403972567,3.2361348581381266e-08,0.13945440809621154,0.29265557284583865,1.941680914882876e-07,★,gatherers,mean_max_fix_pupil_size_z,C
answer_A,answer_B,0.1533608521581768,0.056982992351301165,2.691344308714158,0.007116470637323707,0.041676239418305144,0.2650454648980485,0.028465882549294826,★,gatherers,mean_max_fix_pupil_size_z,D
answer_A,answer_C,0.1342185722974996,0.05712228136358213,2.349671075691133,0.01879000725385841,0.022260958110115095,0.2461761864848841,0.05637002176157523,,gatherers,mean_max_fix_pupil_size_z,D
answer_A,answer_D,-0.04775203473111872,0.05695873740652901,-0.8383618897711915,0.4018274864397383,-0.15938910865278993,0.0638850391905525,0.8036549728794766,,gatherers,mean_max_fix_pupil_size_z,D
answer_B,answer_C,-0.019142279860677208,0.05705139292276252,-0.33552695000089594,0.737227618583391,-0.13096095525713508,0.09267639553578066,0.8036549728794766,,gatherers,mean_max_fix_pupil_size_z,D
answer_B,answer_D,-0.20111288688929552,0.05691814073606847,-3.5333706317264197,0.000410296836697965,-0.31267039279897185,-0.0895553809796192,0.0024617810201877904,★,gatherers,mean_max_fix_pupil_size_z,D
answer_C,answer_D,-0.1819706070286183,0.057027879743762715,-3.1909060593914313,0.0014182738661041034,-0.2937431974410745,-0.0701980166161621,0.007091369330520517,★,gatherers,mean_max_fix_pupil_size_z,D
answer_A,answer_B,-0.04775743863437443,0.010502484772604955,-4.547251404633938,5.435105999782162e-06,-0.06834193053686048,-0.027172946731888376,2.717552999891081e-05,★,gatherers,mean_min_fix_pupil_size_z,A
answer_A,answer_C,-0.039999943035105484,0.010509533336287851,-3.8060627199298795,0.00014119659059977813,-0.06059824986855275,-0.019401636201658218,0.0005647863623991125,★,gatherers,mean_min_fix_pupil_size_z,A
answer_A,answer_D,-0.06739356025316251,0.010494409263552868,-6.421853632792906,1.346248372040188e-10,-0.08796222444874964,-0.04682489605757538,8.077490232241127e-10,★,gatherers,mean_min_fix_pupil_size_z,A
answer_B,answer_C,0.007757495599268943,0.010588262970807718,0.7326504470711278,0.46377165424268807,-0.012995118482353261,0.028510109680891148,0.46377165424268807,,gatherers,mean_min_fix_pupil_size_z,A
answer_B,answer_D,-0.019636121618788083,0.010575160995581237,-1.8568153834246977,0.06333742432098939,-0.04036305630084005,0.0010908130632638832,0.12667484864197878,,gatherers,mean_min_fix_pupil_size_z,A
answer_C,answer_D,-0.027393617218057026,0.010581016740523683,-2.5889399752240863,0.009627187414087992,-0.04813202894929884,-0.006655205486815214,0.028881562242263976,★,gatherers,mean_min_fix_pupil_size_z,A
answer_A,answer_B,0.049412744076174936,0.028433151108066844,1.7378567675587642,0.08223605503370962,-0.0063152080626212095,0.10514069621497107,0.16447211006741924,,gatherers,mean_min_fix_pupil_size_z,B
answer_A,answer_C,-0.05955324762926678,0.028626588158377462,-2.0803473784506434,0.03749368207951149,-0.1156603294199474,-0.00344616583858616,0.11248104623853447,,gatherers,mean_min_fix_pupil_size_z,B
answer_A,answer_D,-0.09056358510895017,0.02856627534271474,-3.170297283157939,0.0015228304884343964,-0.14655245595312566,-0.03457471426477469,0.006091321953737586,★,gatherers,mean_min_fix_pupil_size_z,B
answer_B,answer_C,-0.10896599170544172,0.028430660517569054,-3.8326929350834082,0.00012674812299336645,-0.16468906237656195,-0.05324292103432148,0.0006337406149668323,★,gatherers,mean_min_fix_pupil_size_z,B
answer_B,answer_D,-0.1399763291851251,0.028375357110642947,-4.9330244070346225,8.096603325348284e-07,-0.1955910071704478,-0.08436165119980238,4.857961995208971e-06,★,gatherers,mean_min_fix_pupil_size_z,B
answer_C,answer_D,-0.03101033747968339,0.02856384018507207,-1.0856501534373484,0.2776338017356559,-0.08699443550258255,0.024973760543215776,0.2776338017356559,,gatherers,mean_min_fix_pupil_size_z,B
answer_A,answer_B,-0.03102605924093363,0.03713179311199509,-0.8355658760500564,0.4033991725692747,-0.10380303642183646,0.0417509179399692,1.0,,gatherers,mean_min_fix_pupil_size_z,C
answer_A,answer_C,0.0309721095949253,0.03704876316997791,0.835982282399733,0.40316487052393934,-0.04164213188998542,0.10358635107983602,1.0,,gatherers,mean_min_fix_pupil_size_z,C
answer_A,answer_D,-0.0009923504571555664,0.03715242337481893,-0.026710248404096273,0.9786908390052471,-0.07380976221018472,0.07182506129587359,1.0,,gatherers,mean_min_fix_pupil_size_z,C
answer_B,answer_C,0.06199816883585893,0.036986878975976176,1.6762206099121841,0.09369498866590482,-0.010494781857596086,0.13449111952931395,0.562169931995429,,gatherers,mean_min_fix_pupil_size_z,C
answer_B,answer_D,0.030033708783778063,0.0370902268181051,0.8097472396452833,0.41808546154243476,-0.042661799958129576,0.1027292175256857,1.0,,gatherers,mean_min_fix_pupil_size_z,C
answer_C,answer_D,-0.03196446005208087,0.037007514793036045,-0.8637289002204449,0.38773683370410217,-0.10449785620376478,0.04056893609960305,1.0,,gatherers,mean_min_fix_pupil_size_z,C
answer_A,answer_B,0.0010592172295301183,0.05496577930206883,0.0192704850723412,0.9846253290555819,-0.10667173058470193,0.10879016504376217,1.0,,gatherers,mean_min_fix_pupil_size_z,D
answer_A,answer_C,-0.028990313608236756,0.05509852165406224,-0.5261541097282669,0.598781135672297,-0.13698143165159904,0.07900080443512553,1.0,,gatherers,mean_min_fix_pupil_size_z,D
answer_A,answer_D,0.04951660448844744,0.05493819613651892,0.9013147130896131,0.36742101313815045,-0.0581602813147272,0.15719349029162208,1.0,,gatherers,mean_min_fix_pupil_size_z,D
answer_B,answer_C,-0.030049530837766875,0.05503080334569363,-0.5460492853248228,0.585032059286104,-0.13790792343563268,0.07780886176009895,1.0,,gatherers,mean_min_fix_pupil_size_z,D
answer_B,answer_D,0.04845738725891732,0.054898543661849486,0.8826716343769188,0.37741371227019294,-0.059141781122007325,0.15605655563984197,1.0,,gatherers,mean_min_fix_pupil_size_z,D
answer_C,answer_D,0.0785069180966842,0.0550040559798401,1.4272932549821105,0.15349538399389967,-0.029299050627427395,0.18631288682079578,0.920972303963398,,gatherers,mean_min_fix_pupil_size_z,D
answer_A,answer_B,0.010303287780854823,0.012285153060137322,0.8386780148703865,0.4016500187061708,-0.013775169761576361,0.03438174532328601,1.0,,gatherers,first_encounter_avg_pupil_size_z,A
answer_A,answer_C,0.01396760820563903,0.01229304892252267,1.1362200129252167,0.2558644968059165,-0.010126324942694321,0.038061541353972383,1.0,,gatherers,first_encounter_avg_pupil_size_z,A
answer_A,answer_D,0.004717763321561236,0.012275918181240287,0.38431042402765353,0.7007483828787266,-0.01934259419083017,0.02877812083395264,1.0,,gatherers,first_encounter_avg_pupil_size_z,A
answer_B,answer_C,0.0036643204247842065,0.01238586784173334,0.2958468854671231,0.7673470153790849,-0.020611534462285988,0.0279401753118544,1.0,,gatherers,first_encounter_avg_pupil_size_z,A
answer_B,answer_D,-0.005585524459293587,0.012370668576490017,-0.4515135479345606,0.6516194628864328,-0.0298315893338954,0.018660540415308225,1.0,,gatherers,first_encounter_avg_pupil_size_z,A
answer_C,answer_D,-0.009249844884077794,0.01237746138674416,-0.7473135722308989,0.4548743017777649,-0.03350922342213154,0.015009533653975955,1.0,,gatherers,first_encounter_avg_pupil_size_z,A
answer_A,answer_B,-0.03618405576778122,0.03293615192864597,-1.098612122210622,0.2719372879198323,-0.10073772733726676,0.028369615801704315,1.0,,gatherers,first_encounter_avg_pupil_size_z,B
answer_A,answer_C,0.007046186093990853,0.03315856342894924,0.21249973959484467,0.8317171809165054,-0.05794340400583661,0.07203577619381832,1.0,,gatherers,first_encounter_avg_pupil_size_z,B
answer_A,answer_D,-0.035165095513971234,0.03309190510710562,-1.0626494727382876,0.2879409425477838,-0.10002403770371533,0.029693846675772864,1.0,,gatherers,first_encounter_avg_pupil_size_z,B
answer_B,answer_C,0.04323024186177207,0.03293213950377373,1.3127067513125976,0.18928178177733423,-0.021315565499473207,0.10777604922301735,1.0,,gatherers,first_encounter_avg_pupil_size_z,B
answer_B,answer_D,0.0010189602538099862,0.03287070110419403,0.030999042295449405,0.9752703034445388,-0.0634064300569913,0.06544435056461127,1.0,,gatherers,first_encounter_avg_pupil_size_z,B
answer_C,answer_D,-0.04221128160796209,0.03308804827480517,-1.275725943621274,0.20205241423228115,-0.10706266454530289,0.022640101329378715,1.0,,gatherers,first_encounter_avg_pupil_size_z,B
answer_A,answer_B,0.03352920063265201,0.042630773672735316,0.7865022786132484,0.43157328467244127,-0.05002558039898754,0.11708398166429156,0.8683864297286916,,gatherers,first_encounter_avg_pupil_size_z,C
answer_A,answer_C,-0.011454446522290218,0.04253474994406894,-0.26929619986839565,0.7877017562706826,-0.09482102450408242,0.07191213145950198,0.8683864297286916,,gatherers,first_encounter_avg_pupil_size_z,C
answer_A,answer_D,0.1147431911403968,0.04265376954190175,2.690106698018252,0.0071429177005246465,0.03114333903339786,0.19834304324739574,0.03571458850262323,★,gatherers,first_encounter_avg_pupil_size_z,C
answer_B,answer_C,-0.04498364715494223,0.04246535535010388,-1.0593022661432219,0.2894621432428972,-0.12821421423184112,0.03824691992195667,0.8683864297286916,,gatherers,first_encounter_avg_pupil_size_z,C
answer_B,answer_D,0.08121399050774479,0.04258396025192925,1.9071497819197176,0.056501194307768246,-0.0022490379051217507,0.16467701892061132,0.22600477723107298,,gatherers,first_encounter_avg_pupil_size_z,C
answer_C,answer_D,0.12619763766268702,0.04248833199673293,2.970171614936326,0.0029763342679012873,0.04292203718590967,0.20947323813946436,0.017858005607407725,★,gatherers,first_encounter_avg_pupil_size_z,C
answer_A,answer_B,0.1347494663304461,0.06039483576182467,2.231142193379731,0.02567171162902847,0.016377763385058072,0.2531211692758341,0.12835855814514235,,gatherers,first_encounter_avg_pupil_size_z,D
answer_A,answer_C,0.013249509677646376,0.06053717625879276,0.2188656705923237,0.8267546890238184,-0.10540117551534064,0.1319001948706334,0.8267546890238184,,gatherers,first_encounter_avg_pupil_size_z,D
answer_A,answer_D,-0.05322753200665917,0.06035978603811612,-0.8818376521919236,0.3778646070708591,-0.17153053875591034,0.06507547474259202,0.8139422434076176,,gatherers,first_encounter_avg_pupil_size_z,D
answer_B,answer_C,-0.12149995665279971,0.06046549309936908,-2.009409837328648,0.04449368782247878,-0.24001014543501825,-0.002989767870581153,0.1779747512899151,,gatherers,first_encounter_avg_pupil_size_z,D
answer_B,answer_D,-0.18797699833710527,0.06031194571293689,-3.1167457145522715,0.0018285922384499583,-0.3061862397719965,-0.06976775690221405,0.01097155343069975,★,gatherers,first_encounter_avg_pupil_size_z,D
answer_C,answer_D,-0.06647704168430554,0.06043139946112106,-1.100041406902615,0.2713140811358725,-0.18492040816345606,0.05196632479484496,0.8139422434076176,,gatherers,first_encounter_avg_pupil_size_z,D
answer_A,answer_B,0.6368821292775675,0.011231424920854802,56.70537209352556,0.0,0.6148689409376265,0.6588953176175085,0.0,★,gatherers,num_label_visits,A
answer_A,answer_C,0.6832699619771874,0.011231424920854802,60.83555441914355,0.0,0.6612567736372463,0.7052831503171284,0.0,★,gatherers,num_label_visits,A
answer_A,answer_D,0.711913814955641,0.0112314249208548,63.38588558195683,0.0,0.6899006266157,0.733927003295582,0.0,★,gatherers,num_label_visits,A
answer_B,answer_C,0.04638783269961988,0.0112314249208548,4.1301823256179855,3.624756498616814e-05,0.024374644359678843,0.06840102103956092,7.249512997233628e-05,★,gatherers,num_label_visits,A
answer_B,answer_D,0.0750316856780735,0.011231424920854797,6.680513488431263,2.3810646390818387e-11,0.05301849733813247,0.09704487401801454,7.143193917245516e-11,★,gatherers,num_label_visits,A
answer_C,answer_D,0.02864385297845362,0.0112314249208548,2.550331162813275,0.01076206372907811,0.0066306646385125845,0.05065704131839466,0.01076206372907811,★,gatherers,num_label_visits,A
answer_A,answer_B,-0.7419999999999995,0.04000869654414748,-18.545967854294926,8.79039847152445e-77,-0.8204156042949208,-0.6635843957050783,3.51615938860978e-76,★,gatherers,num_label_visits,B
answer_A,answer_C,0.1849999999999996,0.04000869654414748,4.62399468065304,3.7641952238290407e-06,0.10658439570507842,0.2634156042949208,7.5283904476580815e-06,★,gatherers,num_label_visits,B
answer_A,answer_D,0.2779999999999998,0.04000869654414749,6.948489303900252,3.692184911312436e-12,0.1995843957050786,0.35641560429492103,1.1076554733937308e-11,★,gatherers,num_label_visits,B
answer_B,answer_C,0.9269999999999992,0.04000869654414748,23.169962534947963,9.148060822798229e-119,0.8485843957050779,1.0054156042949203,4.574030411399115e-118,★,gatherers,num_label_visits,B
answer_B,answer_D,1.0199999999999994,0.04000869654414749,25.49445715819517,2.2709774244628242e-143,0.9415843957050781,1.0984156042949205,1.3625864546776945e-142,★,gatherers,num_label_visits,B
answer_C,answer_D,0.0930000000000002,0.04000869654414749,2.324494623247213,0.02009899940579597,0.014584395705078995,0.1714156042949214,0.02009899940579597,★,gatherers,num_label_visits,B
answer_A,answer_B,0.0985915492957743,0.05575106585813496,1.7684244736531478,0.07698996813602904,-0.010678531885890866,0.20786163047743944,0.15397993627205558,,gatherers,num_label_visits,C
answer_A,answer_C,-0.691901408450704,0.05575106585813497,-12.410550324030165,2.2907284187638184e-35,-0.8011714896323692,-0.5826313272690389,9.162913675055273e-35,★,gatherers,num_label_visits,C
answer_A,answer_D,0.19718309859154903,0.05575106585813497,3.5368489473063027,0.00040493118812744285,0.08791301740988386,0.3064531797732142,0.0012147935643823287,★,gatherers,num_label_visits,C
answer_B,answer_C,-0.7904929577464783,0.05575106585813497,-14.178974797683312,1.2363961170802869e-45,-0.8997630389281435,-0.6812228765648132,6.181980585401434e-45,★,gatherers,num_label_visits,C
answer_B,answer_D,0.09859154929577474,0.05575106585813497,1.7684244736531554,0.07698996813602779,-0.010678531885890435,0.2078616304774399,0.15397993627205558,,gatherers,num_label_visits,C
answer_C,answer_D,0.8890845070422531,0.05575106585813497,15.947399271336467,2.970104952181081e-57,0.7798144258605879,0.9983545882239182,1.7820629713086487e-56,★,gatherers,num_label_visits,C
answer_A,answer_B,0.35135135135135176,0.09964534167952828,3.526018832685035,0.0004218569692683755,0.15605007043228838,0.5466526322704152,0.000843713938536751,★,gatherers,num_label_visits,D
answer_A,answer_C,0.4092664092664098,0.09964534167952825,4.10723072818257,4.004311788681985e-05,0.21396512834734646,0.6045676901854731,0.00012012935366045955,★,gatherers,num_label_visits,D
answer_A,answer_D,-0.494208494208495,0.09964534167952825,-4.959674841578954,7.061127035130013e-07,-0.6895097751275583,-0.2989072132894317,2.824450814052005e-06,★,gatherers,num_label_visits,D
answer_B,answer_C,0.05791505791505802,0.09964534167952825,0.5812118954975338,0.5610976514418005,-0.1373862230040053,0.2532163388341213,0.5610976514418005,,gatherers,num_label_visits,D
answer_B,answer_D,-0.8455598455598468,0.09964534167952825,-8.48569367426399,2.1443565196696685e-17,-1.04086112647891,-0.6502585646407835,1.0721782598348342e-16,★,gatherers,num_label_visits,D
answer_C,answer_D,-0.9034749034749048,0.09964534167952824,-9.066905569761525,1.2244495326144126e-19,-1.098776184393968,-0.7081736225558415,7.346697195686476e-19,★,gatherers,num_label_visits,D
answer_A,answer_B,92.79645702798749,1.3558721222726897,68.44041964108212,0.0,90.13899650069112,95.45391755528385,0.0,★,all_participants,mean_dwell_time,A
answer_A,answer_C,113.41963733669445,1.3558721222726897,83.65068908311382,0.0,110.76217680939808,116.07709786399082,0.0,★,all_participants,mean_dwell_time,A
answer_A,answer_D,112.70569458527973,1.3558721222726893,83.12413297233695,0.0,110.04823405798336,115.3631551125761,0.0,★,all_participants,mean_dwell_time,A
answer_B,answer_C,20.623180308706964,1.3558721222726897,15.210269442031702,3.022963803538132e-52,17.965719781410602,23.280640836003325,9.068891410614396e-52,★,all_participants,mean_dwell_time,A
answer_B,answer_D,19.909237557292244,1.3558721222726897,14.68371333125481,8.19754957028028e-49,17.251777029995882,22.566698084588605,1.639509914056056e-48,★,all_participants,mean_dwell_time,A
answer_C,answer_D,-0.7139427514147201,1.3558721222726897,-0.5265561107768935,0.5985018770012731,-3.3714032787110804,1.9435177758816402,0.5985018770012731,,all_participants,mean_dwell_time,A
answer_A,answer_B,-119.70174136969834,6.403340465113138,-18.693639987106852,5.577458048818001e-78,-132.25205806206804,-107.15142467732863,2.2309832195272006e-77,★,all_participants,mean_dwell_time,B
answer_A,answer_C,48.48859017619182,6.403340465113137,7.572389823775378,3.664199499940202e-14,35.938273483822115,61.038906868561526,7.328398999880404e-14,★,all_participants,mean_dwell_time,B
answer_A,answer_D,50.07346230481647,6.403340465113138,7.819896908126022,5.2866614691865325e-15,37.52314561244677,62.62377899718618,1.5859984407559598e-14,★,all_participants,mean_dwell_time,B
answer_B,answer_C,168.19033154589016,6.403340465113137,26.26602981088223,4.68919556384036e-152,155.64001485352046,180.74064823825987,2.34459778192018e-151,★,all_participants,mean_dwell_time,B
answer_B,answer_D,169.7752036745148,6.403340465113139,26.51353689523287,6.766647524685887e-155,157.2248869821451,182.32552036688452,4.0599885148115326e-154,★,all_participants,mean_dwell_time,B
answer_C,answer_D,1.584872128624653,6.403340465113137,0.24750708435064456,0.8045158095098551,-10.965444563745054,14.13518882099436,0.8045158095098551,,all_participants,mean_dwell_time,B
answer_A,answer_B,7.613078359427618,8.24926097246819,0.9228800476595633,0.356069719446621,-8.555176045681893,23.78133276453713,0.356069719446621,,all_participants,mean_dwell_time,C
answer_A,answer_C,-112.1077354362503,8.24926097246819,-13.590033799440766,4.588684595697801e-42,-128.2759898413598,-95.93948103114079,1.8354738382791204e-41,★,all_participants,mean_dwell_time,C
answer_A,answer_D,34.96365399540514,8.24926097246819,4.238398337996085,2.251200814686318e-05,18.795399590295627,51.13190840051465,6.753602444058954e-05,★,all_participants,mean_dwell_time,C
answer_B,answer_C,-119.72081379567791,8.24926097246819,-14.512913847100329,1.0036489240190157e-47,-135.88906820078742,-103.5525593905684,5.018244620095078e-47,★,all_participants,mean_dwell_time,C
answer_B,answer_D,27.35057563597752,8.24926097246819,3.3155182903365215,0.0009147335490997798,11.182321230868009,43.51883004108703,0.0018294670981995596,★,all_participants,mean_dwell_time,C
answer_C,answer_D,147.07138943165543,8.24926097246819,17.828432137436852,4.251780248089257e-71,130.90313502654593,163.23964383676494,2.551068148853554e-70,★,all_participants,mean_dwell_time,C
answer_A,answer_B,46.04993174593332,12.932964299762297,3.560663331203945,0.0003699191286154812,20.70178750505694,71.3980759868097,0.0011097573858464436,★,all_participants,mean_dwell_time,D
answer_A,answer_C,40.04774814899335,12.932964299762295,3.0965637282188596,0.0019577777448058073,14.699603908116973,65.39589238986973,0.0039155554896116145,★,all_participants,mean_dwell_time,D
answer_A,answer_D,-99.10867819782595,12.932964299762304,-7.663260788529933,1.812707349481642e-14,-124.45682243870235,-73.76053395694956,7.250829397926568e-14,★,all_participants,mean_dwell_time,D
answer_B,answer_C,-6.002183596939972,12.932964299762293,-0.46409960298508607,0.6425763861890965,-31.350327837816348,19.345960643936404,0.6425763861890965,,all_participants,mean_dwell_time,D
answer_B,answer_D,-145.15860994375927,12.932964299762299,-11.223924119733882,3.1115037680188523e-29,-170.50675418463567,-119.8104657028829,1.8669022608113115e-28,★,all_participants,mean_dwell_time,D
answer_C,answer_D,-139.1564263468193,12.932964299762297,-10.759824516748797,5.327151090451121e-27,-164.5045705876957,-113.80828210594292,2.66357554522556e-26,★,all_participants,mean_dwell_time,D
answer_A,answer_B,0.40824171500269524,0.005593439028209573,72.98581658686123,0.0,0.39727877595768374,0.41920465404770674,0.0,★,all_participants,mean_fixations_count,A
answer_A,answer_C,0.5091790857799117,0.0055934390282095636,91.03148943109116,0.0,0.4982161467349002,0.5201420248249231,0.0,★,all_participants,mean_fixations_count,A
answer_A,answer_D,0.5005654933260038,0.005593439028209569,89.49154371782474,0.0,0.48960255428099225,0.5115284323710152,0.0,★,all_participants,mean_fixations_count,A
answer_B,answer_C,0.10093737077721643,0.0055934390282095636,18.0456728442298,8.531905460456129e-73,0.08997443173220496,0.1119003098222279,2.559571638136839e-72,★,all_participants,mean_fixations_count,A
answer_B,answer_D,0.09232377832330851,0.0055934390282095636,16.505727130963468,3.33689382360786e-61,0.08136083927829704,0.10328671736831999,6.67378764721572e-61,★,all_participants,mean_fixations_count,A
answer_C,answer_D,-0.008613592453907915,0.0055934390282095636,-1.539945713266332,0.12357358664355454,-0.01957653149891938,0.00234934659110355,0.12357358664355454,,all_participants,mean_fixations_count,A
answer_A,answer_B,-0.49341777414623667,0.024967378986515083,-19.762497874235507,6.262755503620724e-87,-0.5423529377481684,-0.44448261054430493,2.5051022014482895e-86,★,all_participants,mean_fixations_count,B
answer_A,answer_C,0.22030813434069896,0.024967378986515083,8.823839076568177,1.1060113023893996e-18,0.17137297073876723,0.2692432979426307,3.318033907168199e-18,★,all_participants,mean_fixations_count,B
answer_A,answer_D,0.21771298708823927,0.024967378986515083,8.719897559364416,2.7845360278022727e-18,0.16877782348630754,0.266648150690171,5.5690720556045454e-18,★,all_participants,mean_fixations_count,B
answer_B,answer_C,0.7137259084869356,0.024967378986515083,28.586336950803684,9.934826157742119e-180,0.6647907448850039,0.7626610720888674,5.9608956946452714e-179,★,all_participants,mean_fixations_count,B
answer_B,answer_D,0.7111307612344759,0.024967378986515076,28.482395433599933,1.9355960115342248e-178,0.6621955976325442,0.7600659248364077,9.677980057671124e-178,★,all_participants,mean_fixations_count,B
answer_C,answer_D,-0.002595147252459684,0.024967378986515083,-0.10394151720376123,0.9172157595628126,-0.0515303108543914,0.04634001634947203,0.9172157595628126,,all_participants,mean_fixations_count,B
answer_A,answer_B,0.021669804495769274,0.0314157765845716,0.6897745926297233,0.49033594879717335,-0.039903986156347805,0.08324359514788635,0.49033594879717335,,all_participants,mean_fixations_count,C
answer_A,answer_C,-0.4809513252937758,0.0314157765845716,-15.30922923388667,6.634549140725667e-53,-0.5425251159458929,-0.4193775346416587,2.6538196562902666e-52,★,all_participants,mean_fixations_count,C
answer_A,answer_D,0.14740524789934684,0.0314157765845716,4.692077163922094,2.7044507877181044e-06,0.08583145724722976,0.2089790385514639,8.113352363154314e-06,★,all_participants,mean_fixations_count,C
answer_B,answer_C,-0.5026211297895451,0.0314157765845716,-15.999003826516393,1.298359406624821e-57,-0.5641949204416622,-0.441047339137428,6.491797033124105e-57,★,all_participants,mean_fixations_count,C
answer_B,answer_D,0.12573544340357756,0.0314157765845716,4.002302571292371,6.272900642468704e-05,0.06416165275146049,0.18730923405569463,0.00012545801284937408,★,all_participants,mean_fixations_count,C
answer_C,answer_D,0.6283565731931227,0.031415776584571606,20.001306397808758,5.3648653677625685e-89,0.5667827825410056,0.6899303638452398,3.218919220657541e-88,★,all_participants,mean_fixations_count,C
answer_A,answer_B,0.1731437320531355,0.053848029079951815,3.2154144731287615,0.0013025630284071723,0.06760353441796443,0.2786839296883066,0.003907689085221517,★,all_participants,mean_fixations_count,D
answer_A,answer_C,0.17138486285115762,0.05384802907995181,3.1827508969119545,0.0014588306305183243,0.06584466521598657,0.27692506048632864,0.003907689085221517,★,all_participants,mean_fixations_count,D
answer_A,answer_D,-0.4260040545463486,0.05384802907995181,-7.911228355523127,2.548615436115486e-15,-0.5315442521815197,-0.32046385691117757,1.0194461744461944e-14,★,all_participants,mean_fixations_count,D
answer_B,answer_C,-0.001758869201977875,0.053848029079951815,-0.032663576216807544,0.9739428703503098,-0.10729906683714893,0.10378132843319318,0.9739428703503098,,all_participants,mean_fixations_count,D
answer_B,answer_D,-0.5991477865994841,0.053848029079951815,-11.126642828651887,9.307523931232166e-29,-0.7046879842346552,-0.493607588964313,5.5845143587393e-28,★,all_participants,mean_fixations_count,D
answer_C,answer_D,-0.5973889173975062,0.05384802907995181,-11.093979252435082,1.3418303571280358e-28,-0.7029291150326773,-0.4918487197623352,6.709151785640179e-28,★,all_participants,mean_fixations_count,D
answer_A,answer_B,9.18018098292859,0.5718282633327114,16.05408751471106,5.352022602765874e-58,8.05941818145439,10.30094378440279,2.1408090411063497e-57,★,all_participants,mean_first_fixation_duration,A
answer_A,answer_C,11.885877839580672,0.5719285109234838,20.782104078687624,6.284323815978123e-96,10.76491855643902,13.006837122722324,3.770594289586874e-95,★,all_participants,mean_first_fixation_duration,A
answer_A,answer_D,11.385031139524244,0.5714619849339762,19.922639545025227,2.589728598779345e-88,10.264986230519881,12.505076048528608,1.2948642993896724e-87,★,all_participants,mean_first_fixation_duration,A
answer_B,answer_C,2.7056968566520823,0.5771603023763672,4.687946910956625,2.7595958014812516e-06,1.5744834506881553,3.8369102626160094,8.278787404443755e-06,★,all_participants,mean_first_fixation_duration,A
answer_B,answer_D,2.204850156595654,0.5767118574490342,3.8231399755648403,0.0001317629285563453,1.0745156865383494,3.335184626652959,0.0002635258571126906,★,all_participants,mean_first_fixation_duration,A
answer_C,answer_D,-0.5008467000564281,0.5768057655067944,-0.8683108422405816,0.38522418828466753,-1.6313652265248009,0.6296718264119447,0.38522418828466753,,all_participants,mean_first_fixation_duration,A
answer_A,answer_B,-10.199122023551439,1.9605151663885012,-5.202266321835917,1.968728244486793e-07,-14.041661140817453,-6.356582906285425,7.874912977947172e-07,★,all_participants,mean_first_fixation_duration,B
answer_A,answer_C,3.9493288727310016,1.9720414755907032,2.0026601476766728,0.04521377911401102,0.08419860455399908,7.814459140908005,0.13546969487915908,,all_participants,mean_first_fixation_duration,B
answer_A,answer_D,3.9454425389529604,1.9695767321888225,2.0031931097034876,0.045156564959719696,0.08514307907477692,7.805741998831143,0.13546969487915908,,all_participants,mean_first_fixation_duration,B
answer_B,answer_C,14.14845089628244,1.9579655768999937,7.22609787587961,4.97069562401427e-13,10.310908882589263,17.985992909975618,2.8529340219953746e-12,★,all_participants,mean_first_fixation_duration,B
answer_B,answer_D,14.1445645625044,1.955796069749381,7.232126488686987,4.754890036658958e-13,10.311274704690625,17.977854420318174,2.8529340219953746e-12,★,all_participants,mean_first_fixation_duration,B
answer_C,answer_D,-0.003886333778041262,1.9671595914390445,-0.001975606755524231,0.9984236948969417,-3.8594482848410956,3.851675617285013,0.9984236948969417,,all_participants,mean_first_fixation_duration,B
answer_A,answer_B,3.3926816477591046,2.5042512829429313,1.3547688568106124,0.17549121188893546,-1.515560675047265,8.300923970565474,0.5264736356668064,,all_participants,mean_first_fixation_duration,C
answer_A,answer_C,-4.518914339712012,2.4986554216364727,-1.8085384245389018,0.07052274211460466,-9.416188975895242,0.37836029647121805,0.28209096845841863,,all_participants,mean_first_fixation_duration,C
answer_A,answer_D,2.999099349752669,2.5091725857700253,1.1952543108278433,0.23198768483787646,-1.9187885493518202,7.916987248857158,0.5264736356668064,,all_participants,mean_first_fixation_duration,C
answer_B,answer_C,-7.911595987471117,2.493271366581562,-3.173178857910855,0.001507796059989443,-12.798318069655942,-3.0248739052862925,0.009046776359936658,★,all_participants,mean_first_fixation_duration,C
answer_B,answer_D,-0.39358229800643585,2.503776506949332,-0.15719545930478715,0.8750908067635639,-5.300894076964627,4.513729480951755,0.8750908067635639,,all_participants,mean_first_fixation_duration,C
answer_C,answer_D,7.518013689464681,2.4982540817584056,3.009307077434293,0.002618443155073236,2.621525664988022,12.41450171394134,0.013092215775366182,★,all_participants,mean_first_fixation_duration,C
answer_A,answer_B,1.2595327162830188,3.1341050868492872,0.40187954180860785,0.6877726796043033,-4.8832003777053625,7.4022658102714,0.7369847514137189,,all_participants,mean_first_fixation_duration,D
answer_A,answer_C,5.188173122463525,3.1387998363666982,1.6529162077659172,0.0983479180621227,-0.9637615114954192,11.34010775642247,0.49173959031061354,,all_participants,mean_first_fixation_duration,D
answer_A,answer_D,-2.8935642397754577,3.1345397729475124,-0.9231225153843056,0.3559433624039302,-9.03714930286094,3.2500208233100247,0.7369847514137189,,all_participants,mean_first_fixation_duration,D
answer_B,answer_C,3.928640406180506,3.13217732704797,1.254284159538052,0.20973873942095156,-2.2103143480264498,10.067595160387462,0.7369847514137189,,all_participants,mean_first_fixation_duration,D
answer_B,answer_D,-4.1530969560584765,3.1278173636343793,-1.3277939448589702,0.18424618785342972,-10.283506339000882,1.9773124268839286,0.7369847514137189,,all_participants,mean_first_fixation_duration,D
answer_C,answer_D,-8.081737362238982,3.1321430037743268,-2.5802581020407573,0.009872649618061564,-14.220624844065766,-1.942849880412199,0.05923589770836939,,all_participants,mean_first_fixation_duration,D
answer_A,answer_B,-0.12623208240992095,0.002036899996619986,-61.97264599115781,0.0,-0.1302243330434059,-0.12223983177643602,0.0,★,all_participants,skip_rate,A
answer_A,answer_C,-0.1630955535166137,0.002036899996619986,-80.07047660035005,0.0,-0.16708780415009863,-0.15910330288312877,0.0,★,all_participants,skip_rate,A
answer_A,answer_D,-0.14964986998946678,0.002036899996619986,-73.46942424163898,0.0,-0.1536421206229517,-0.14565761935598184,0.0,★,all_participants,skip_rate,A
answer_B,answer_C,-0.03686347110669275,0.002036899996619987,-18.09783060919223,3.314682360177436e-73,-0.04085572174017768,-0.03287122047320781,9.944047080532308e-73,★,all_participants,skip_rate,A
answer_B,answer_D,-0.023417787579545823,0.002036899996619986,-11.496778250481169,1.369316726610839e-30,-0.027410038213030754,-0.019425536946060893,2.738633453221678e-30,★,all_participants,skip_rate,A
answer_C,answer_D,0.013445683527146923,0.002036899996619987,6.601052358711064,4.082493250089881e-11,0.009453432893661991,0.017437934160631857,4.082493250089881e-11,★,all_participants,skip_rate,A
answer_A,answer_B,0.11834919438172598,0.006295998442047056,18.79752599545536,7.912182211093271e-79,0.10600926418859345,0.13068912457485848,3.1648728844373085e-78,★,all_participants,skip_rate,B
answer_A,answer_C,-0.038856766462760095,0.006295998442047056,-6.171660749351514,6.757637744071571e-10,-0.05119669665589262,-0.026516836269627576,2.027291323221471e-09,★,all_participants,skip_rate,B
answer_A,answer_D,-0.03433862470053767,0.006295998442047056,-5.4540395803168185,4.92382347248296e-08,-0.04667855489367019,-0.02199869450740515,9.84764694496592e-08,★,all_participants,skip_rate,B
answer_B,answer_C,-0.15720596084448607,0.006295998442047056,-24.969186744806873,1.3217847867352943e-137,-0.16954589103761858,-0.14486603065135356,7.930708720411766e-137,★,all_participants,skip_rate,B
answer_B,answer_D,-0.15268781908226364,0.006295998442047056,-24.25156557577218,6.3654186968824954e-130,-0.16502774927539615,-0.14034788888913113,3.182709348441248e-129,★,all_participants,skip_rate,B
answer_C,answer_D,0.004518141762222427,0.006295998442047056,0.7176211690346952,0.47299090141161515,-0.007821788430910092,0.016858071955354947,0.47299090141161515,,all_participants,skip_rate,B
answer_A,answer_B,-0.0134746406196386,0.008195658694998683,-1.6441192979231019,0.10015156249055084,-0.02953783649141856,0.002588555252141359,0.20030312498110167,,all_participants,skip_rate,C
answer_A,answer_C,0.09289272272833526,0.008195658694998683,11.33438155312911,8.865612735963549e-30,0.07682952685655531,0.10895591860011522,3.5462450943854197e-29,★,all_participants,skip_rate,C
answer_A,answer_D,-0.024513368762150933,0.008195658694998683,-2.99101874228974,0.0027804842723181764,-0.04057656463393089,-0.008450172890370974,0.00834145281695453,★,all_participants,skip_rate,C
answer_B,answer_C,0.10636736334797386,0.008195658694998683,12.97850085105221,1.620208200610369e-38,0.09030416747619391,0.12243055921975382,8.101041003051845e-38,★,all_participants,skip_rate,C
answer_B,answer_D,-0.011038728142512333,0.008195658694998683,-1.346899444366638,0.17801262052073008,-0.027101924014292293,0.005024467729267627,0.20030312498110167,,all_participants,skip_rate,C
answer_C,answer_D,-0.1174060914904862,0.008195658694998683,-14.325400295418849,1.5185060683917433e-46,-0.13346928736226615,-0.10134289561870624,9.11103641035046e-46,★,all_participants,skip_rate,C
answer_A,answer_B,-0.00033426789008578206,0.011824633664440231,-0.02826877344124521,0.9774477858259752,-0.02351012400276852,0.022841588222596954,0.9774477858259752,,all_participants,skip_rate,D
answer_A,answer_C,-0.016429355673666546,0.011824633664440231,-1.3894177308066564,0.16470576171212048,-0.03960521178634928,0.0067465004390161905,0.49411728513636144,,all_participants,skip_rate,D
answer_A,answer_D,0.09173992681936022,0.011824633664440231,7.758373698734211,8.602535503895779e-15,0.06856407070667749,0.11491578293204295,3.4410142015583116e-14,★,all_participants,skip_rate,D
answer_B,answer_C,-0.016095087783580764,0.01182463366444023,-1.3611489573654114,0.17346662081691033,-0.0392709438962635,0.007080768329101969,0.49411728513636144,,all_participants,skip_rate,D
answer_B,answer_D,0.092074194709446,0.011824633664440231,7.786642472175456,6.881331682375511e-15,0.06889833859676327,0.11525005082212873,3.4406658411877554e-14,★,all_participants,skip_rate,D
answer_C,answer_D,0.10816928249302676,0.011824633664440231,9.147791429540867,5.810935689130223e-20,0.08499342638034403,0.1313451386057095,3.4865614134781333e-19,★,all_participants,skip_rate,D
answer_A,answer_B,0.12128121899253669,0.001244872945635599,97.42457607239083,0.0,0.11884131285376262,0.12372112513131076,0.0,★,all_participants,area_dwell_proportion,A
answer_A,answer_C,0.14211291198564574,0.0012448729456355993,114.1585673332202,0.0,0.13967300584687167,0.1445528181244198,0.0,★,all_participants,area_dwell_proportion,A
answer_A,answer_D,0.16141347326404293,0.0012448729456355993,129.66260840509267,0.0,0.15897356712526886,0.163853379402817,0.0,★,all_participants,area_dwell_proportion,A
answer_B,answer_C,0.020831692993109052,0.001244872945635599,16.733991260829388,7.410188921660746e-63,0.01839178685433499,0.023271599131883116,1.4820377843321493e-62,★,all_participants,area_dwell_proportion,A
answer_B,answer_D,0.04013225427150624,0.001244872945635599,32.238032332701856,5.176549594529607e-228,0.03769234813273218,0.0425721604102803,1.552964878358882e-227,★,all_participants,area_dwell_proportion,A
answer_C,answer_D,0.019300561278397188,0.0012448729456355993,15.504041071872463,3.257436150468526e-54,0.016860655139623124,0.021740467417171252,3.257436150468526e-54,★,all_participants,area_dwell_proportion,A
answer_A,answer_B,-0.1354954986079698,0.003785731930309861,-35.79109696678379,1.519293383599751e-280,-0.14291539684650043,-0.12807560036943919,6.077173534399004e-280,★,all_participants,area_dwell_proportion,B
answer_A,answer_C,0.010092654417127034,0.003785731930309861,2.665971759997532,0.0076766141111979675,0.0026727561785964086,0.01751255265565766,0.0076766141111979675,★,all_participants,area_dwell_proportion,B
answer_A,answer_D,0.04192188165110858,0.003785731930309861,11.07365297459857,1.6839336389829862e-28,0.03450198341257795,0.049341779889639205,5.051800916948958e-28,★,all_participants,area_dwell_proportion,B
answer_B,answer_C,0.14558815302509684,0.003785731930309861,38.45706872678132,0.0,0.13816825478656622,0.15300805126362746,0.0,★,all_participants,area_dwell_proportion,B
answer_B,answer_D,0.17741738025907838,0.003785731930309861,46.864749941382364,0.0,0.16999748202054776,0.184837278497609,0.0,★,all_participants,area_dwell_proportion,B
answer_C,answer_D,0.031829227233981544,0.0037857319303098605,8.40768121460104,4.181959340456476e-17,0.02440932899545092,0.03924912547251217,8.363918680912952e-17,★,all_participants,area_dwell_proportion,B
answer_A,answer_B,-0.0022807521328133407,0.004707191805697978,-0.48452500491960576,0.6280133228731813,-0.011506678540303442,0.006945174274676761,0.6280133228731813,,all_participants,area_dwell_proportion,C
answer_A,answer_C,-0.13843947380713467,0.004707191805697978,-29.410204538416295,4.0666367773513e-190,-0.14766540021462476,-0.12921354739964458,2.0333183886756502e-189,★,all_participants,area_dwell_proportion,C
answer_A,answer_D,0.02786542472926859,0.004707191805697979,5.919755531427027,3.2242052254344614e-09,0.018639498321778487,0.037091351136758696,6.448410450868923e-09,★,all_participants,area_dwell_proportion,C
answer_B,answer_C,-0.13615872167432133,0.004707191805697978,-28.92567953349669,5.677302038955221e-184,-0.14538464808181142,-0.12693279526683124,2.2709208155820886e-183,★,all_participants,area_dwell_proportion,C
answer_B,answer_D,0.03014617686208193,0.004707191805697978,6.404280536346635,1.510800967943433e-10,0.02092025045459183,0.03937210326957203,4.5324029038302984e-10,★,all_participants,area_dwell_proportion,C
answer_C,answer_D,0.16630489853640326,0.004707191805697978,35.329960069843324,2.036777462766856e-273,0.15707897212891317,0.17553082494389335,1.2220664776601134e-272,★,all_participants,area_dwell_proportion,C
answer_A,answer_B,0.004882181703904809,0.007163469502158729,0.6815387016631468,0.49553068675135226,-0.00915796052467737,0.018922323932486988,1.0,,all_participants,area_dwell_proportion,D
answer_A,answer_C,0.003383731315529409,0.007163469502158728,0.4723592826785559,0.6366703622825645,-0.010656410913052769,0.01742387354411159,1.0,,all_participants,area_dwell_proportion,D
answer_A,answer_D,-0.07641190760216837,0.007163469502158728,-10.666885310133791,1.454194820871452e-26,-0.09045204983075054,-0.06237176537358619,5.816779283485808e-26,★,all_participants,area_dwell_proportion,D
answer_B,answer_C,-0.0014984503883753997,0.007163469502158729,-0.20917941898459091,0.834308178300534,-0.01553859261695758,0.01254169184020678,1.0,,all_participants,area_dwell_proportion,D
answer_B,answer_D,-0.08129408930607318,0.007163469502158729,-11.348424011796938,7.551145400850026e-30,-0.09533423153465537,-0.067253947077491,4.5306872405100155e-29,★,all_participants,area_dwell_proportion,D
answer_C,answer_D,-0.07979563891769778,0.007163469502158728,-11.139244592812348,8.080178805683e-29,-0.09383578114627995,-0.06575549668911561,4.0400894028415e-28,★,all_participants,area_dwell_proportion,D
answer_A,answer_B,0.02685719350800981,0.007233569658839128,3.7128547556311164,0.00020493450801033507,0.012679657497023433,0.041034729518996185,0.0010246725400516754,★,all_participants,mean_avg_fix_pupil_size_z,A
answer_A,answer_C,0.044027407238055545,0.007235605784238727,6.084826696053585,1.166173822202041e-09,0.02984588049461795,0.05820893398149314,6.997042933212246e-09,★,all_participants,mean_avg_fix_pupil_size_z,A
answer_A,answer_D,0.022875688792069963,0.007228490495806463,3.164656411368468,0.0015526618350170493,0.008708107757699217,0.03704326982644071,0.006210647340068197,★,all_participants,mean_avg_fix_pupil_size_z,A
answer_B,answer_C,0.017170213730045736,0.007302526319850438,2.35127036562292,0.018709433912508504,0.002857525146983054,0.03148290231310842,0.03741886782501701,★,all_participants,mean_avg_fix_pupil_size_z,A
answer_B,answer_D,-0.003981504715939846,0.007296753299559349,-0.5456542865688345,0.5853036005661487,-0.018282878387149974,0.010319868955270282,0.5853036005661487,,all_participants,mean_avg_fix_pupil_size_z,A
answer_C,answer_D,-0.02115171844598558,0.007297188224655894,-2.898612149610957,0.0037481823384654844,-0.03545394455472091,-0.0068494923372502525,0.011244547015396454,★,all_participants,mean_avg_fix_pupil_size_z,A
answer_A,answer_B,-0.03652926448214275,0.02115094953269525,-1.727074447682626,0.08415429397264328,-0.07798436380504972,0.004925834840764233,0.3366171758905731,,all_participants,mean_avg_fix_pupil_size_z,B
answer_A,answer_C,-0.00184399422941868,0.02128589874037578,-0.08662985067766636,0.9309657376803666,-0.04356358913912171,0.03987560068028435,1.0,,all_participants,mean_avg_fix_pupil_size_z,B
answer_A,answer_D,-0.04317644890039431,0.02124901863985213,-2.031926727167423,0.04216107432881536,-0.08482376014132477,-0.0015291376594638445,0.25296644597289214,,all_participants,mean_avg_fix_pupil_size_z,B
answer_B,answer_C,0.03468527025272407,0.021123872437858324,1.6419939267651007,0.10059126271219487,-0.00671675893949656,0.07608729944494469,0.3366171758905731,,all_participants,mean_avg_fix_pupil_size_z,B
answer_B,answer_D,-0.006647184418251559,0.021091028672446128,-0.31516643979227127,0.7526352851979324,-0.0479848410131476,0.034690472176644484,1.0,,all_participants,mean_avg_fix_pupil_size_z,B
answer_C,answer_D,-0.04133245467097563,0.021221799283230494,-1.9476413907861532,0.0514578874984254,-0.08292641695324532,0.000261507611294072,0.257289437492127,,all_participants,mean_avg_fix_pupil_size_z,B
answer_A,answer_B,-0.0033821859815731867,0.028062172545684546,-0.12052473756502882,0.9040674847331065,-0.05838303349906358,0.05161866153591721,0.9040674847331065,,all_participants,mean_avg_fix_pupil_size_z,C
answer_A,answer_C,-0.06764274488462442,0.02800215561644249,-2.415626347169698,0.015708171652004787,-0.1225259613823377,-0.012759528386911141,0.07854085826002394,,all_participants,mean_avg_fix_pupil_size_z,C
answer_A,answer_D,0.029327201212946588,0.028121055218724513,1.0428912067787186,0.2969986826169859,-0.02578905422301559,0.08444345664890876,0.7308916913206499,,all_participants,mean_avg_fix_pupil_size_z,C
answer_B,answer_C,-0.06426055890305124,0.027929985743319282,-2.300773064963775,0.0214044616806949,-0.1190023250486742,-0.009518792757428278,0.0856178467227796,,all_participants,mean_avg_fix_pupil_size_z,C
answer_B,answer_D,0.032709387194519775,0.02805360682185533,1.1659601349027724,0.24363056377354997,-0.022274671812763838,0.08769344620180339,0.7308916913206499,,all_participants,mean_avg_fix_pupil_size_z,C
answer_C,answer_D,0.09696994609757101,0.0279888713370212,3.4645893694651324,0.0005310416596104213,0.042112766309084025,0.15182712588605798,0.0031862499576625278,★,all_participants,mean_avg_fix_pupil_size_z,C
answer_A,answer_B,0.027045764884275823,0.04239797186544541,0.6379023263213748,0.5235372633291369,-0.05605273298953968,0.11014426275809132,1.0,,all_participants,mean_avg_fix_pupil_size_z,D
answer_A,answer_C,0.031800479211782695,0.04246262084478446,0.7489052389871184,0.45391432242182206,-0.0514247283331746,0.11502568675673999,1.0,,all_participants,mean_avg_fix_pupil_size_z,D
answer_A,answer_D,-0.05423870131108338,0.04241801373900485,-1.2786714070302871,0.20101279262619876,-0.13737648053525808,0.02889907791309132,0.804051170504795,,all_participants,mean_avg_fix_pupil_size_z,D
answer_B,answer_C,0.004754714327506876,0.0423661187551547,0.11222916961040641,0.9106417012628568,-0.07828135259734324,0.087790781252357,1.0,,all_participants,mean_avg_fix_pupil_size_z,D
answer_B,answer_D,-0.0812844661953592,0.0423348328293062,-1.9200374907135618,0.0548531640090003,-0.16425921383232328,0.0016902814416048795,0.2742658200450015,,all_participants,mean_avg_fix_pupil_size_z,D
answer_C,answer_D,-0.08603918052286608,0.04238627638848931,-2.0298829681163366,0.042368436732381616,-0.1691147556830656,-0.0029636053626665576,0.2542106203942897,,all_participants,mean_avg_fix_pupil_size_z,D
answer_A,answer_B,0.11361617534946905,0.007554982929296603,15.03857472779851,4.102887896024732e-51,0.0988086809042328,0.12842366979470532,1.6411551584098928e-50,★,all_participants,mean_max_fix_pupil_size_z,A
answer_A,answer_C,0.14675478413580467,0.007557093443746149,19.41947459406515,5.282761358523114e-84,0.13194315315825844,0.1615664151133509,3.1696568151138686e-83,★,all_participants,mean_max_fix_pupil_size_z,A
answer_A,answer_D,0.12955134735834464,0.00754969436772558,17.159813503466797,5.308382247020323e-66,0.11475421830331761,0.14434847641337167,2.6541911235101615e-65,★,all_participants,mean_max_fix_pupil_size_z,A
answer_B,answer_C,0.03313860878633562,0.007627107542702093,4.344846142630296,1.3937331385129772e-05,0.018189752696425726,0.04808746487624552,4.1811994155389315e-05,★,all_participants,mean_max_fix_pupil_size_z,A
answer_B,answer_D,0.015935172008875585,0.007621075756740732,2.09093473382431,0.03653391496674695,0.0009981380022124117,0.030872206015538757,0.04798964121176771,★,all_participants,mean_max_fix_pupil_size_z,A
answer_C,answer_D,-0.017203436777460036,0.007621541758435434,-2.2572121655594777,0.023994820605883854,-0.03214138413066156,-0.0022654894242585127,0.04798964121176771,★,all_participants,mean_max_fix_pupil_size_z,A
answer_A,answer_B,-0.12612300596627984,0.022790308257535533,-5.53406318778412,3.1289616692184235e-08,-0.17079118934761528,-0.08145482258494441,1.2515846676873694e-07,★,all_participants,mean_max_fix_pupil_size_z,B
answer_A,answer_C,0.04376378875173931,0.022935593187973967,1.908116715929823,0.05637613267283917,-0.0011891478607518671,0.08871672536423048,0.1691283980185175,,all_participants,mean_max_fix_pupil_size_z,B
answer_A,answer_D,0.0033770709461461157,0.022896094581006894,0.1474955012173785,0.8827409304043599,-0.0414984498192501,0.04825259171154233,0.8827409304043599,,all_participants,mean_max_fix_pupil_size_z,B
answer_B,answer_C,0.16988679471801915,0.022761067501055138,7.46392034161595,8.398538750998032e-14,0.12527592216626598,0.21449766726977232,5.039123250598819e-13,★,all_participants,mean_max_fix_pupil_size_z,B
answer_B,answer_D,0.12950007691242596,0.02272575864579311,5.6983830080584985,1.2094908811434054e-08,0.08495840844532171,0.1740417453795302,6.047454405717027e-08,★,all_participants,mean_max_fix_pupil_size_z,B
answer_C,answer_D,-0.04038671780559319,0.022866771569148358,-1.7661748919590636,0.07736651201122417,-0.08520476652382844,0.004431330912642049,0.1691283980185175,,all_participants,mean_max_fix_pupil_size_z,B
answer_A,answer_B,0.012895948895364967,0.030561715855449124,0.4219641644585748,0.6730511743847345,-0.047003913487062045,0.07279581127779197,0.6730511743847345,,all_participants,mean_max_fix_pupil_size_z,C
answer_A,answer_C,-0.13683137781133609,0.03049606970079872,-4.486852868379704,7.228295475225081e-06,-0.19660257609492476,-0.07706017952774741,2.8913181900900324e-05,★,all_participants,mean_max_fix_pupil_size_z,C
answer_A,answer_D,0.08471545700536129,0.03062561646718751,2.766163322659186,0.005672011979237685,0.024690351725336963,0.14474056228538562,0.017016035937713055,★,all_participants,mean_max_fix_pupil_size_z,C
answer_B,answer_C,-0.14972732670670105,0.030418449876446416,-4.922253675478637,8.555321482669009e-07,-0.2093463929300729,-0.09010826048332922,4.277660741334505e-06,★,all_participants,mean_max_fix_pupil_size_z,C
answer_B,answer_D,0.07181950810999632,0.030552845891025648,2.3506650858698572,0.018739892709306108,0.011937030538383478,0.13170198568160918,0.037479785418612216,★,all_participants,mean_max_fix_pupil_size_z,C
answer_C,answer_D,0.22154683481669737,0.03048229959649128,7.268048597035603,3.647175943256245e-13,0.16180262544161464,0.2812910441917801,2.188305565953747e-12,★,all_participants,mean_max_fix_pupil_size_z,C
answer_A,answer_B,0.0863232286208114,0.04493718158806962,1.920975583473828,0.05473478577133195,-0.0017520288585414767,0.17439848610016428,0.1094695715426639,,all_participants,mean_max_fix_pupil_size_z,D
answer_A,answer_C,0.09974938757195526,0.045005679192328826,2.216373341366159,0.026665943892864655,0.011539877255227052,0.18795889788868347,0.07999783167859396,,all_participants,mean_max_fix_pupil_size_z,D
answer_A,answer_D,-0.1133672843162516,0.04495932912664983,-2.5215519563669972,0.011683841962058118,-0.2014859501735679,-0.025248618458935293,0.04673536784823247,★,all_participants,mean_max_fix_pupil_size_z,D
answer_B,answer_C,0.013426158951143852,0.04490324135926799,0.2990019995154026,0.764938519915618,-0.07458257690213078,0.10143489480441849,0.764938519915618,,all_participants,mean_max_fix_pupil_size_z,D
answer_B,answer_D,-0.199690512937063,0.04486959657708815,-4.450463747628865,8.568505763468825e-06,-0.28763330622899747,-0.11174771964512853,4.284252881734413e-05,★,all_participants,mean_max_fix_pupil_size_z,D
answer_C,answer_D,-0.21311667188820685,0.04492541128814476,-4.743788999978406,2.0975733437904757e-06,-0.30116886000361975,-0.12506448377279392,1.2585440062742853e-05,★,all_participants,mean_max_fix_pupil_size_z,D
answer_A,answer_B,-0.06010463441629957,0.0073364143778535795,-8.192644433735547,2.5554827780704823e-16,-0.07448374237255441,-0.04572552646004473,1.2777413890352411e-15,★,all_participants,mean_min_fix_pupil_size_z,A
answer_A,answer_C,-0.05964632872703676,0.007338474782702558,-8.127891761327367,4.368209940338259e-16,-0.07402947500258918,-0.04526318245148435,1.7472839761353035e-15,★,all_participants,mean_min_fix_pupil_size_z,A
answer_A,answer_D,-0.08503168329402425,0.0073312505759488555,-11.598523664295696,4.1924820082169055e-31,-0.09940067038452254,-0.07066269620352596,2.5154892049301433e-30,★,all_participants,mean_min_fix_pupil_size_z,A
answer_B,answer_C,0.0004583056892628057,0.007406280836395194,0.06188067930271377,0.9506578536897519,-0.014057738009460963,0.014974349387986575,0.9506578536897519,,all_participants,mean_min_fix_pupil_size_z,A
answer_B,answer_D,-0.024927048877724678,0.007400426602271641,-3.3683259381388972,0.0007562613307669884,-0.03943161848840922,-0.010422479267040138,0.0018104271138746995,★,all_participants,mean_min_fix_pupil_size_z,A
answer_C,answer_D,-0.025385354566987484,0.0074008756229874744,-3.4300474511609624,0.0006034757046248998,-0.03989080424210337,-0.010879904891871598,0.0018104271138746995,★,all_participants,mean_min_fix_pupil_size_z,A
answer_A,answer_B,0.055879455295099245,0.02162439105991401,2.5840938198109633,0.009763523131731299,0.013496427630057858,0.09826248296014063,0.029290569395193897,★,all_participants,mean_min_fix_pupil_size_z,B
answer_A,answer_C,-0.04455887520527997,0.021762255668852273,-2.0475301771707373,0.040606057025919316,-0.08721211253858305,-0.0019056378719768882,0.07888759726946033,,all_participants,mean_min_fix_pupil_size_z,B
answer_A,answer_D,-0.08924411655927472,0.021724660672625004,-4.107963659553505,3.991628897871408e-05,-0.13182366905397344,-0.04666456406457601,0.00015966515591485633,★,all_participants,mean_min_fix_pupil_size_z,B
answer_B,answer_C,-0.10043833050037922,0.021596715550977776,-4.650629873014739,3.309227714553032e-06,-0.14276711516465176,-0.05810954583610667,1.654613857276516e-05,★,all_participants,mean_min_fix_pupil_size_z,B
answer_B,answer_D,-0.14512357185437397,0.021563346802540493,-6.730104245101516,1.695415763850046e-11,-0.18738695497350027,-0.10286018873524766,1.0172494583100275e-10,★,all_participants,mean_min_fix_pupil_size_z,B
answer_C,answer_D,-0.04468524135399475,0.02169684849738456,-2.059526818347896,0.039443798634730166,-0.08721028298689047,-0.0021601997210990292,0.07888759726946033,,all_participants,mean_min_fix_pupil_size_z,B
answer_A,answer_B,-0.024413972664347278,0.028613591141702296,-0.8532299403958992,0.3935318029498942,-0.08049558077043811,0.03166763544174355,1.0,,all_participants,mean_min_fix_pupil_size_z,C
answer_A,answer_C,0.003908461609361313,0.02855245572772249,0.1368870561128815,0.8911200702462732,-0.05205332328714915,0.05987024650587178,1.0,,all_participants,mean_min_fix_pupil_size_z,C
answer_A,answer_D,-0.021593626784085884,0.028673679361158347,-0.7530818250460326,0.451400745346053,-0.07779300563620571,0.03460575206803394,1.0,,all_participants,mean_min_fix_pupil_size_z,C
answer_B,answer_C,0.02832243427370859,0.028478864351881485,0.994507151821784,0.3199760253238223,-0.02749511417658075,0.08413998272399793,1.0,,all_participants,mean_min_fix_pupil_size_z,C
answer_B,answer_D,0.0028203458802613934,0.028604953276917554,0.0985964162555455,0.9214587155711355,-0.05324433232194801,0.058885024082470795,1.0,,all_participants,mean_min_fix_pupil_size_z,C
answer_C,answer_D,-0.025502088393447198,0.0285389528275471,-0.8935887923971554,0.37154194508443816,-0.08143740809192705,0.030433231305032657,1.0,,all_participants,mean_min_fix_pupil_size_z,C
answer_A,answer_B,-0.03660396809743477,0.043625265687101095,-0.8390543305793012,0.40143882223141725,-0.12210791766014394,0.0488999814652744,1.0,,all_participants,mean_min_fix_pupil_size_z,D
answer_A,answer_C,-0.04267251814938158,0.043691974775455396,-0.9766671881664065,0.32873394435158665,-0.12830721512270668,0.042962178823943514,1.0,,all_participants,mean_min_fix_pupil_size_z,D
answer_A,answer_D,0.0071355900924137405,0.04364560042738854,0.16348933277444402,0.8701331713675668,-0.07840821482889379,0.09267939501372127,1.0,,all_participants,mean_min_fix_pupil_size_z,D
answer_B,answer_C,-0.006068550051946814,0.04359253739442396,-0.1392107552042396,0.8892836098370195,-0.0915083533397333,0.07937125323583967,1.0,,all_participants,mean_min_fix_pupil_size_z,D
answer_B,answer_D,0.04373955818984851,0.043560709921513,1.0041057243708322,0.3153276565439669,-0.04163786439731358,0.12911698077701061,1.0,,all_participants,mean_min_fix_pupil_size_z,D
answer_C,answer_D,0.049808108241795324,0.04361315828258773,1.1420431402621187,0.25343608818576624,-0.03567211124412138,0.13528832772771204,1.0,,all_participants,mean_min_fix_pupil_size_z,D
answer_A,answer_B,0.005408971555286322,0.008516171127945806,0.6351412476361341,0.525336297406386,-0.011282417141667306,0.02210036025223995,1.0,,all_participants,first_encounter_avg_pupil_size_z,A
answer_A,answer_C,0.010309732825036937,0.008518399390515583,1.210289909218841,0.22616766834373125,-0.006386023186301552,0.027005488836375425,0.904670673374925,,all_participants,first_encounter_avg_pupil_size_z,A
answer_A,answer_D,-0.00809130877690873,0.008510248332457445,-0.9507723465658562,0.3417199533147296,-0.024771089008017375,0.008588471454199914,1.0,,all_participants,first_encounter_avg_pupil_size_z,A
answer_B,answer_C,0.004900761269750614,0.008597622832336033,0.5700135217979834,0.5686685269870827,-0.01195026983428726,0.02175179237378849,1.0,,all_participants,first_encounter_avg_pupil_size_z,A
answer_B,answer_D,-0.013500280332195053,0.008590812069355847,-1.571478950209107,0.11607144009693185,-0.030337962586084528,0.0033374019216944224,0.5803572004846592,,all_participants,first_encounter_avg_pupil_size_z,A
answer_C,answer_D,-0.018401041601945667,0.008591484921780171,-2.1417766276115326,0.03221146106327702,-0.03524004262235372,-0.001562040581537607,0.19326876637966212,,all_participants,first_encounter_avg_pupil_size_z,A
answer_A,answer_B,-0.042350044830437555,0.024694632922336292,-1.7149493561466123,0.08635451246049386,-0.0907506359696538,0.00605054630877868,0.34541804984197544,,all_participants,first_encounter_avg_pupil_size_z,B
answer_A,answer_C,0.01419138091110174,0.024851225899817274,0.5710535555996892,0.5679633401034763,-0.03451612682420911,0.06289888864641259,1.0,,all_participants,first_encounter_avg_pupil_size_z,B
answer_A,answer_D,-0.03386931610564156,0.02480982431374118,-1.3651574343024544,0.17220357356232963,-0.08249567822334045,0.014757046012057316,0.5166107206869889,,all_participants,first_encounter_avg_pupil_size_z,B
answer_B,answer_C,0.056541425741539295,0.02466302921264014,2.292558033080585,0.0218734628478108,0.008202776735105374,0.10488007474797321,0.1312407770868648,,all_participants,first_encounter_avg_pupil_size_z,B
answer_B,answer_D,0.008480728724795994,0.024625697217509596,0.3443853243986914,0.7305565240845966,-0.039784750915711035,0.05674620836530302,1.0,,all_participants,first_encounter_avg_pupil_size_z,B
answer_C,answer_D,-0.0480606970167433,0.024778098142681743,-1.939644307645868,0.05242293220980401,-0.09662487698179832,0.0005034829483117204,0.26211466104902004,,all_participants,first_encounter_avg_pupil_size_z,B
answer_A,answer_B,0.008376355007588682,0.03327513611758891,0.2517301500432037,0.8012496509067009,-0.05684171336355354,0.0735944233787309,0.8012496509067009,,all_participants,first_encounter_avg_pupil_size_z,C
answer_A,answer_C,-0.08072349746685044,0.0332032916359409,-2.431189604691822,0.015049336836179875,-0.14580075324147462,-0.015646241692226268,0.0601973473447195,,all_participants,first_encounter_avg_pupil_size_z,C
answer_A,answer_D,0.07349091929800969,0.03334420732802679,2.2040085876097106,0.027523740151688937,0.008137473842040638,0.13884436475397874,0.08257122045506682,,all_participants,first_encounter_avg_pupil_size_z,C
answer_B,answer_C,-0.08909985247443912,0.03312083333344535,-2.6901452501941208,0.007142092532039735,-0.15401549294594571,-0.024184212002932526,0.03571046266019868,★,all_participants,first_encounter_avg_pupil_size_z,C
answer_B,answer_D,0.065114564290421,0.03326654219458593,1.95735895572033,0.050305280519333244,-8.666030114945489e-05,0.13031578888199147,0.10061056103866649,,all_participants,first_encounter_avg_pupil_size_z,C
answer_C,answer_D,0.1542144167648601,0.033189891117253505,4.646427317885745,3.3773304938401625e-06,0.0891634255242374,0.21926540800548283,2.0263982963040976e-05,★,all_participants,first_encounter_avg_pupil_size_z,C
answer_A,answer_B,0.0677774891616922,0.04772101354913271,1.4202860358762015,0.15552442483654333,-0.025753978700355853,0.16130895702374026,0.46657327450963,,all_participants,first_encounter_avg_pupil_size_z,D
answer_A,answer_C,0.018291904243721013,0.047792247335586034,0.3827378971170684,0.7019141122854613,-0.07537917927425797,0.1119629877617,0.7019141122854613,,all_participants,first_encounter_avg_pupil_size_z,D
answer_A,answer_D,-0.1062702486574863,0.04774047537153228,-2.225998962734573,0.02601425089618286,-0.19983986099051104,-0.01270063632446157,0.10405700358473144,,all_participants,first_encounter_avg_pupil_size_z,D
answer_B,answer_C,-0.049485584917971184,0.047685442698816534,-1.037750351412787,0.2993862966517016,-0.14294733519450006,0.043976165358557695,0.5987725933034032,,all_participants,first_encounter_avg_pupil_size_z,D
answer_B,answer_D,-0.17404773781917848,0.04764643067150215,-3.65290191450329,0.0002592932964749745,-0.2674330259272073,-0.08066244971114969,0.0015557597788498471,★,all_participants,first_encounter_avg_pupil_size_z,D
answer_C,answer_D,-0.12456215290120731,0.04770499354497615,-2.6110925428334966,0.009025346688914518,-0.21806222213207632,-0.031062083670338303,0.04512673344457259,★,all_participants,first_encounter_avg_pupil_size_z,D
answer_A,answer_B,0.6120937633882126,0.007673695862021605,79.76518412953611,0.0,0.5970535958703362,0.627133930906089,0.0,★,all_participants,num_label_visits,A
answer_A,answer_C,0.6599547095905507,0.007673695862021605,86.00219782709608,0.0,0.6449145420726743,0.6749948771084271,0.0,★,all_participants,num_label_visits,A
answer_A,answer_D,0.6822326947793629,0.007673695862021605,88.90536021317261,0.0,0.6671925272614865,0.6972728622972393,0.0,★,all_participants,num_label_visits,A
answer_B,answer_C,0.04786094620233805,0.007673695862021605,6.237013697559975,4.460029501963213e-10,0.03282077868446166,0.06290111372021444,8.920059003926426e-10,★,all_participants,num_label_visits,A
answer_B,answer_D,0.07013893139115024,0.007673695862021603,9.1401760836365,6.235072496479209e-20,0.05509876387327385,0.08517909890902663,1.8705217489437626e-19,★,all_participants,num_label_visits,A
answer_C,answer_D,0.022277985188812188,0.007673695862021603,2.903162386076524,0.003694150360544127,0.007237817670935802,0.037318152706688576,0.003694150360544127,★,all_participants,num_label_visits,A
answer_A,answer_B,-0.7115825688073378,0.030379728365761614,-23.422940463460545,2.495288969797136e-121,-0.7711257422643405,-0.6520393953503352,9.981155879188543e-121,★,all_participants,num_label_visits,B
answer_A,answer_C,0.18922018348623837,0.03037972836576161,6.228501493103942,4.709176024841926e-10,0.12967701002923573,0.248763356943241,9.418352049683851e-10,★,all_participants,num_label_visits,B
answer_A,answer_D,0.24598623853210988,0.030379728365761614,8.097051941035124,5.630703533478431e-16,0.18644306507510724,0.30552941198911254,1.6892110600435292e-15,★,all_participants,num_label_visits,B
answer_B,answer_C,0.9008027522935762,0.030379728365761614,29.651441956564486,3.2494365609194756e-193,0.8412595788365735,0.9603459257505789,1.6247182804597377e-192,★,all_participants,num_label_visits,B
answer_B,answer_D,0.9575688073394477,0.030379728365761617,31.519992404495667,4.623593858376511e-218,0.898025633882445,1.0171119807964504,2.7741563150259066e-217,★,all_participants,num_label_visits,B
answer_C,answer_D,0.05676605504587151,0.030379728365761617,1.8685504479311823,0.06168538525633507,-0.002777118411131131,0.11630922850287415,0.06168538525633507,,all_participants,num_label_visits,B
answer_A,answer_B,0.1348195329087052,0.04183458075255259,3.2226815826397157,0.0012699664265422917,0.05282526132536955,0.21681380449204082,0.0025399328530845834,★,all_participants,num_label_visits,C
answer_A,answer_C,-0.6825902335456484,0.04183458075255259,-16.316411477459333,7.544203007358518e-60,-0.764584505128984,-0.6005959619623128,3.0176812029434074e-59,★,all_participants,num_label_visits,C
answer_A,answer_D,0.20912951167728244,0.04183458075255259,4.998962769921439,5.763952948525185e-07,0.1271352400939468,0.29112378326061805,1.7291858845575556e-06,★,all_participants,num_label_visits,C
answer_B,answer_C,-0.8174097664543536,0.04183458075255261,-19.53909306009904,5.108179681494835e-85,-0.8994040380376893,-0.7354154948710179,2.5540898407474173e-84,★,all_participants,num_label_visits,C
answer_B,answer_D,0.07430997876857726,0.0418345807525526,1.7762811872817232,0.07568658241153788,-0.007684292814758395,0.15630425035191292,0.07568658241153788,,all_participants,num_label_visits,C
answer_C,answer_D,0.8917197452229308,0.0418345807525526,21.31537424738077,8.175123226480942e-101,0.8097254736395952,0.9737140168062665,4.905073935888566e-100,★,all_participants,num_label_visits,C
answer_A,answer_B,0.3698296836982964,0.07737502472272388,4.779703593292462,1.7555381854629201e-06,0.2181774219388613,0.5214819454577315,3.5110763709258402e-06,★,all_participants,num_label_visits,D
answer_A,answer_C,0.4160583941605829,0.07737502472272388,5.377166542454012,7.566717620341449e-08,0.2644061324011478,0.567710655920018,2.2700152861024345e-07,★,all_participants,num_label_visits,D
answer_A,answer_D,-0.5450121654501214,0.0773750247227239,-7.043773716431001,1.8710191113720315e-12,-0.6966644272095566,-0.3933599036906863,7.484076445488126e-12,★,all_participants,num_label_visits,D
answer_B,answer_C,0.04622871046228649,0.07737502472272388,0.5974629491615505,0.5501983367592505,-0.10542355129714859,0.19788097222172157,0.5501983367592505,,all_participants,num_label_visits,D
answer_B,answer_D,-0.9148418491484178,0.07737502472272388,-11.823477309723463,2.952070817792856e-32,-1.066494110907853,-0.7631895873889827,1.476035408896428e-31,★,all_participants,num_label_visits,D
answer_C,answer_D,-0.9610705596107043,0.07737502472272388,-12.420940258885015,2.0118299982198858e-35,-1.1127228213701394,-0.8094182978512692,1.2070979989319315e-34,★,all_participants,num_label_visits,D
