area_i,area_j,diff_i_minus_j,se,t,p_unc,ci_low,ci_high,p_adj_holm,sig
answer_A,answer_B,0.004419407511368156,0.007360916341536599,0.6003882269969666,0.5482475320647211,-0.010007723411255913,0.018846538433992227,1.0,
answer_A,answer_C,-0.000792893354857771,0.007379669597892188,-0.10744293417746513,0.9144375950703142,-0.015256779984531642,0.0136709932748161,1.0,
answer_A,answer_D,0.007999908770744302,0.007358158764811871,1.0872161129495332,0.27694131144914813,-0.0064218174008146955,0.0224216349423033,1.0,
answer_B,answer_C,-0.005212300866225927,0.00737096021250451,-0.7071400083510814,0.4794794752980456,-0.01965911741421247,0.009234515681760615,1.0,
answer_B,answer_D,0.0035805012593761454,0.007351806127242856,0.48702335146029474,0.6262417827366102,-0.010828773971340746,0.017989776490093035,1.0,
answer_C,answer_D,0.008792802125602073,0.007368308935408074,1.193327017458329,0.2327413253775582,-0.00564881801476242,0.023234422265966566,1.0,
