area,term,estimate,ci_low,ci_high
answer_A,C(area_label)[answer_A],2.409213190286598,2.3603873774540114,2.4580390031191843
answer_B,C(area_label)[answer_B],2.4133886397654263,2.36456514590099,2.4622121336298624
answer_C,C(area_label)[answer_C],2.405549678354311,2.356732373091704,2.4543669836169184
answer_D,C(area_label)[answer_D],2.4104084839852153,2.3615840701161326,2.459232897854298
