area,term,estimate,ci_low,ci_high
answer_A,C(area_label)[answer_A],2.423755558640293,2.376051317921838,2.471459799358748
answer_B,C(area_label)[answer_B],2.4301118378543247,2.3824059817839447,2.4778176939247047
answer_C,C(area_label)[answer_C],2.4291247043043915,2.381418749986133,2.4768306586226503
answer_D,C(area_label)[answer_D],2.4323127013454457,2.3846069825731564,2.480018420117735
