area,term,estimate,ci_low,ci_high
answer_A,C(area_label)[answer_A],2.4411348882702986,2.3840588923150676,2.4982108842255295
answer_B,C(area_label)[answer_B],2.4367154807589304,2.3796432135598202,2.4937877479580406
answer_C,C(area_label)[answer_C],2.4419277816251563,2.3848414589636255,2.499014104286687
answer_D,C(area_label)[answer_D],2.4331349794995543,2.376066619953935,2.4902033390451734
