area_i,area_j,diff_i_minus_j,se,t,p_unc,ci_low,ci_high,p_adj_holm,sig
answer_A,answer_B,-0.004175449478828419,0.005002711236542895,-0.8346373159274826,0.40392194509580415,-0.013980583327506332,0.005629684369849494,1.0,
answer_A,answer_C,0.003663511932286756,0.004991399042770327,0.7339649466802465,0.46297010222390267,-0.006119450424010785,0.013446474288584297,1.0,
answer_A,answer_D,-0.0011952936986174834,0.005005443119281953,-0.2387987776772403,0.8112616180881774,-0.011005781939073938,0.008615194541838971,1.0,
answer_B,answer_C,0.007838961411115175,0.00498300250864074,1.5731401695106675,0.11568636542392062,-0.0019275440406934154,0.017605466862923767,0.6941181925435237,
answer_B,answer_D,0.0029801557802109357,0.0049968921190928755,0.5964018652361753,0.5509067947070496,-0.006813572807843131,0.012773884368265003,1.0,
answer_C,answer_D,-0.004858805630904239,0.004985832871887407,-0.9745223628133606,0.3297972410596476,-0.014630858492739462,0.0049132472309309835,1.0,
