area,term,estimate,ci_low,ci_high
answer_A,C(area_label)[answer_A],2.4391541304704316,2.3907228757741557,2.4875853851667076
answer_B,C(area_label)[answer_B],2.434142024892595,2.385720053403768,2.482563996381422
answer_C,C(area_label)[answer_C],2.4478815812533328,2.3994503281785344,2.496312834328131
answer_D,C(area_label)[answer_D],2.453387134423671,2.404957645800381,2.501816623046961
