area_i,area_j,diff_i_minus_j,se,t,p_unc,ci_low,ci_high,p_adj_holm,sig
answer_A,answer_B,-0.0063562792140317015,0.0014348011934913407,-4.430076614701439,9.419961593548124e-06,-0.009168437878249815,-0.0035441205498135883,4.709980796774062e-05,★
answer_A,answer_C,-0.005369145664098518,0.0014357377401566286,-3.739642355234587,0.0001842822624126701,-0.008183139926050437,-0.0025551514021465997,0.0007371290496506804,★
answer_A,answer_D,-0.008557142705152732,0.0014337457920599326,-5.96838208875108,2.3961771294614005e-09,-0.011367232820576053,-0.00574705258972941,1.4377062776768403e-08,★
answer_B,answer_C,0.0009871335499331835,0.0014463735298629757,0.6824886722219682,0.49493000318375713,-0.001847706476790317,0.003821973576656684,0.49493000318375713,
answer_B,answer_D,-0.00220086349112103,0.0014446317907015535,-1.523477127726941,0.1276393787365302,-0.00503228977181768,0.00063056278957562,0.2552787574730604,
answer_C,answer_D,-0.0031879970410542136,0.0014454116057411857,-2.2055980652095677,0.02741215467688176,-0.006020951731143146,-0.00035504235096528143,0.08223646403064527,
