area_i,area_j,diff_i_minus_j,se,t,p_unc,ci_low,ci_high,p_adj_holm,sig
answer_A,answer_B,0.00501210557783649,0.0037626409062479983,1.3320711975234498,0.1828367938685438,-0.002362535085166737,0.012386746240839717,0.29045993825059524,
answer_A,answer_C,-0.008727450782901158,0.0037883431899398442,-2.303764560211279,0.021235863537514103,-0.016152466996260835,-0.0013024345695414824,0.0637075906125423,
answer_A,answer_D,-0.014233003953239454,0.003779839004119062,-3.765505339706031,0.00016621257113083387,-0.02164135226867256,-0.0068246556378063475,0.0008310628556541693,★
answer_B,answer_C,-0.013739556360737648,0.003762253399560267,-3.65194868648229,0.00026025789622381783,-0.021113437524589152,-0.006365675196886143,0.0010410315848952713,★
answer_B,answer_D,-0.019245109531075943,0.0037549068449462156,-5.125322764525628,2.9702846393664595e-07,-0.026604591712473452,-0.011885627349678435,1.7821707836198757e-06,★
answer_C,answer_D,-0.005505553170338295,0.003779758451285232,-1.4565886263092398,0.14522996912529762,-0.012913743605118242,0.0019026372644416522,0.29045993825059524,
