area,term,estimate,ci_low,ci_high
answer_A,C(area_label)[answer_A],1.3842566246338524,1.268943781709316,1.4995694675583886
answer_B,C(area_label)[answer_B],1.219628707665875,1.1043158647413387,1.3349415505904112
answer_C,C(area_label)[answer_C],1.2153048518070257,1.0999920088824895,1.330617694731562
answer_D,C(area_label)[answer_D],1.8151268592288616,1.6998140163043254,1.9304397021533979
