area_i,area_j,diff_i_minus_j,se,t,p_unc,ci_low,ci_high,p_adj_holm,sig
answer_A,answer_B,0.40732366616249616,0.005598490559314272,72.7559798211729,0.0,0.3963508262984527,0.4182965060265396,0.0,★
answer_A,answer_C,0.5085976548477851,0.005598490559314272,90.84549656007286,0.0,0.4976248149837416,0.5195704947118286,0.0,★
answer_A,answer_D,0.5000452656498905,0.005598490559314272,89.31787244294974,0.0,0.48907242578584703,0.511018105513934,0.0,★
answer_B,answer_C,0.10127398868528892,0.005598490559314272,18.08951673889996,3.854521911108443e-73,0.09030114882124544,0.11224682854933239,1.1563565733325328e-72,★
answer_B,answer_D,0.09272159948739433,0.005598490559314272,16.56189262177684,1.3139504808375431e-61,0.08174875962335086,0.10369443935143781,2.6279009616750863e-61,★
answer_C,answer_D,-0.008552389197894583,0.005598490559314272,-1.5276241171231193,0.12660589034081354,-0.01952522906193806,0.002420450666148894,0.12660589034081354,
