area,term,estimate,ci_low,ci_high
answer_A,C(area_label)[answer_A],1.1616368967021877,1.1054064750493573,1.2178673183550182
answer_B,C(area_label)[answer_B],1.6550546708484244,1.598824249195594,1.7112850925012548
answer_C,C(area_label)[answer_C],0.9413287623614887,0.8850983407086583,0.997559184014319
answer_D,C(area_label)[answer_D],0.9439239096139482,0.8876934879611179,1.0001543312667787
