area_i,area_j,diff_i_minus_j,se,t,p_unc,ci_low,ci_high,p_adj_holm,sig
answer_A,answer_B,0.021669804495769274,0.0314157765845716,0.6897745926297233,0.49033594879717335,-0.039903986156347805,0.08324359514788635,0.49033594879717335,
answer_A,answer_C,-0.4809513252937758,0.0314157765845716,-15.30922923388667,6.634549140725667e-53,-0.5425251159458929,-0.4193775346416587,2.6538196562902666e-52,★
answer_A,answer_D,0.14740524789934684,0.0314157765845716,4.692077163922094,2.7044507877181044e-06,0.08583145724722976,0.2089790385514639,8.113352363154314e-06,★
answer_B,answer_C,-0.5026211297895451,0.0314157765845716,-15.999003826516393,1.298359406624821e-57,-0.5641949204416622,-0.441047339137428,6.491797033124105e-57,★
answer_B,answer_D,0.12573544340357756,0.0314157765845716,4.002302571292371,6.272900642468704e-05,0.06416165275146049,0.18730923405569463,0.00012545801284937408,★
answer_C,answer_D,0.6283565731931227,0.0314157765845716,20.001306397808765,5.364865367761956e-89,0.5667827825410056,0.6899303638452398,3.2189192206571737e-88,★
