area_i,area_j,diff_i_minus_j,se,t,p_unc,ci_low,ci_high,p_adj_holm,sig
answer_A,answer_B,0.1646279169679774,0.053890384540493344,3.054866250662503,0.002251609096666995,0.059004704155596346,0.2702511297803585,0.005153856934899332,★
answer_A,answer_C,0.1689517728268266,0.05389038454049334,3.1351005242851055,0.0017179523116331106,0.06332856001444556,0.2745749856392077,0.005153856934899332,★
answer_A,answer_D,-0.4308702345950093,0.05389038454049334,-7.9953082218452645,1.2925011593497692e-15,-0.5364934474073904,-0.3252470217826282,5.170004637399077e-15,★
answer_B,answer_C,0.0043238558588492015,0.053890384540493344,0.08023427362260233,0.936050931611846,-0.10129935695353186,0.10994706867123026,0.936050931611846,
answer_B,answer_D,-0.5954981515629867,0.053890384540493344,-11.050174472507765,2.1878925703703887e-28,-0.7011213643753678,-0.4898749387506056,1.0939462851851944e-27,★
answer_C,answer_D,-0.5998220074218359,0.05389038454049334,-11.13040874613037,8.922541634076182e-29,-0.705445220234217,-0.4941987946094548,5.353524980445709e-28,★
