area,term,estimate,ci_low,ci_high
answer_A,C(area_label)[answer_A],1.2195834540322505,1.1475058342436013,1.2916610738208998
answer_B,C(area_label)[answer_B],1.1979136495364813,1.125836029747832,1.2699912693251305
answer_C,C(area_label)[answer_C],1.7005347793260264,1.6284571595373771,1.7726123991146756
answer_D,C(area_label)[answer_D],1.0721782061329037,1.0001005863442545,1.144255825921553
