area_i,area_j,diff_i_minus_j,se,t,p_unc,ci_low,ci_high,p_adj_holm,sig
answer_A,answer_B,-0.49341777414623667,0.024967378986515083,-19.762497874235507,6.262755503620724e-87,-0.5423529377481684,-0.44448261054430493,2.5051022014482895e-86,★
answer_A,answer_C,0.22030813434069907,0.024967378986515083,8.82383907656818,1.106011302389376e-18,0.17137297073876734,0.2692432979426308,3.318033907168128e-18,★
answer_A,answer_D,0.2177129870882395,0.02496737898651508,8.719897559364426,2.7845360278019923e-18,0.1687778234863078,0.2666481506901712,5.5690720556039846e-18,★
answer_B,answer_C,0.7137259084869357,0.024967378986515083,28.586336950803688,9.934826157740424e-180,0.664790744885004,0.7626610720888675,5.960895694644254e-179,★
answer_B,answer_D,0.7111307612344762,0.024967378986515083,28.482395433599933,1.9355960115342248e-178,0.6621955976325444,0.7600659248364079,9.677980057671124e-178,★
answer_C,answer_D,-0.002595147252459573,0.024967378986515083,-0.10394151720375677,0.9172157595628162,-0.05153031085439129,0.04634001634947214,0.9172157595628162,
