area,term,estimate,ci_low,ci_high
answer_A,C(area_label)[answer_A],1.2374087773477076,1.2055515135726318,1.2692660411227834
answer_B,C(area_label)[answer_B],0.8300851111852114,0.7982278474101355,0.8619423749602874
answer_C,C(area_label)[answer_C],0.7288111224999225,0.6969538587248466,0.7606683862749984
answer_D,C(area_label)[answer_D],0.7373635116978171,0.7055062479227412,0.769220775472893
