area_i,area_j,diff_i_minus_j,se,t,p_unc,ci_low,ci_high,p_adj_holm,sig
answer_A,answer_B,3.3981349312408895,3.1357125900577127,1.083688263399914,0.2785030411754832,-2.7477488111410384,9.544018673622817,0.2785030411754832,
answer_A,answer_C,-18.59289447685765,3.1357125900577127,-5.929400078249981,3.040434628969355e-09,-24.738778219239578,-12.447010734475723,1.216173851587742e-08,★
answer_A,answer_D,8.393972545140372,3.1357125900577127,2.6768947421249094,0.0074307975314895905,2.248088802758444,14.5398562875223,0.02229239259446877,★
answer_B,answer_C,-21.99102940809854,3.1357125900577127,-7.013088341649895,2.3311415243835834e-12,-28.136913150480467,-15.845145665716613,1.1655707621917917e-11,★
answer_B,answer_D,4.995837613899482,3.1357125900577127,1.593206478724995,0.11111387830704451,-1.1500461284824457,11.14172135628141,0.22222775661408903,
answer_C,answer_D,26.986867021998023,3.1357125900577127,8.60629482037489,7.54600337967794e-18,20.840983279616097,33.13275076437995,4.527602027806764e-17,★
