area_i,area_j,diff_i_minus_j,se,t,p_unc,ci_low,ci_high,p_adj_holm,sig
answer_A,answer_B,32.34691123384961,0.7059508636142428,45.820343739284866,0.0,30.963272966310747,33.730549501388474,0.0,★
answer_A,answer_C,40.420215199083955,0.7059508636142428,57.25641440842692,0.0,39.03657693154509,41.80385346662282,0.0,★
answer_A,answer_D,37.7929509870645,0.7059508636142428,53.534817980923876,0.0,36.40931271952564,39.176589254603364,0.0,★
answer_B,answer_C,8.073303965234345,0.705950863614243,11.436070669142053,2.7610955139283265e-30,6.689665697695482,9.456942232773208,8.28328654178498e-30,★
answer_B,answer_D,5.44603975321489,0.705950863614243,7.714474241639009,1.2148196568072726e-14,4.062401485676027,6.829678020753754,2.4296393136145453e-14,★
answer_C,answer_D,-2.6272642120194547,0.705950863614243,-3.7215964275030435,0.0001979672402371086,-4.010902479558318,-1.2436259444805908,0.0001979672402371086,★
