area_i,area_j,diff_i_minus_j,se,t,p_unc,ci_low,ci_high,p_adj_holm,sig
answer_A,answer_B,-29.805994523015954,2.49610259205384,-11.941013409425219,7.233643140587637e-33,-34.698265705158555,-24.913723340873354,2.893457256235055e-32,★
answer_A,answer_C,10.395825466437458,2.49610259205384,4.164822992264743,3.115942166977984e-05,5.503554284294856,15.288096648580058,9.347826500933952e-05,★
answer_A,answer_D,8.214708125304696,2.4961025920538398,3.291013819486274,0.00099827009060402,3.3224369431620957,13.106979307447297,0.00199654018120804,★
answer_B,answer_C,40.20181998945341,2.4961025920538398,16.105836401689967,2.3213771582771157e-58,35.30954880731081,45.09409117159601,1.3928262949662693e-57,★
answer_B,answer_D,38.02070264832065,2.4961025920538398,15.232027228911495,2.167646197568283e-52,33.12843146617805,42.91297383046325,1.0838230987841416e-51,★
answer_C,answer_D,-2.1811173411327616,2.4961025920538398,-0.8738091727784704,0.3822221842334621,-7.073388523275362,2.711153841009839,0.3822221842334621,
