area_i,area_j,diff_i_minus_j,se,t,p_unc,ci_low,ci_high,p_adj_holm,sig
answer_A,answer_B,-0.004281937699203986,0.007615828055130396,-0.5622419083266281,0.573951211712705,-0.01920868639970929,0.010644811001301316,0.573951211712705,
answer_A,answer_C,-0.141405264068466,0.007615828055130397,-18.567286845874687,5.91155657832797e-77,-0.15633201276897132,-0.1264785153679607,2.955778289163985e-76,★
answer_A,answer_D,0.0404536357641925,0.007615828055130397,5.311784282858243,1.0855705981782996e-07,0.0255268870636872,0.055380384464697806,2.1711411963565993e-07,★
answer_B,answer_C,-0.13712332636926203,0.007615828055130396,-18.005044937548064,1.7785536753748986e-72,-0.15205007506976734,-0.12219657766875673,7.114214701499594e-72,★
answer_B,answer_D,0.04473557346339649,0.007615828055130396,5.874026191184872,4.253361280486819e-09,0.029808824762891185,0.05966232216390179,1.2760083841460456e-08,★
answer_C,answer_D,0.18185889983265852,0.007615828055130397,23.879071128732928,5.0539133921465486e-126,0.1669321511321532,0.19678564853316383,3.032348035287929e-125,★
