area,term,estimate,ci_low,ci_high
answer_A,C(area_label)[answer_A],0.22063937137932452,0.21171671966285074,0.2295620230957983
answer_B,C(area_label)[answer_B],0.3537974632954261,0.34487481157895233,0.3627201150118999
answer_C,C(area_label)[answer_C],0.20165739230423801,0.19273474058776424,0.2105800440207118
answer_D,C(area_label)[answer_D],0.17375458715646172,0.16483193543998795,0.1826772388729355
