area,term,estimate,ci_low,ci_high
answer_A,C(area_label)[answer_A],0.20880247588792292,0.19644595349880814,0.2211589982770377
answer_B,C(area_label)[answer_B],0.2130844135871269,0.20072789119801213,0.22544093597624168
answer_C,C(area_label)[answer_C],0.35020773995638893,0.33785121756727415,0.3625642623455037
answer_D,C(area_label)[answer_D],0.16834884012373041,0.15599231773461564,0.1807053625128452
