area,term,estimate,ci_low,ci_high
answer_A,C(area_label)[answer_A],2.5002016985641435,2.46030015920423,2.540103237924057
answer_B,C(area_label)[answer_B],2.5003615182810295,2.4604610820463906,2.5402619545156684
answer_C,C(area_label)[answer_C],2.5114078962743784,2.4715131562675885,2.5513026362811684
answer_D,C(area_label)[answer_D],2.4929656324998977,2.4530603804730338,2.5328708845267616
