area,term,estimate,ci_low,ci_high
answer_A,C(area_label)[answer_A],2.5043370427262204,2.468480902982927,2.5401931824695136
answer_B,C(area_label)[answer_B],2.503582885824959,2.467725091778128,2.53944067987179
answer_C,C(area_label)[answer_C],2.502968274600465,2.467110453987602,2.538826095213328
answer_D,C(area_label)[answer_D],2.50561730389349,2.46975961793875,2.5414749898482296
