area,term,estimate,ci_low,ci_high
answer_A,C(area_label)[answer_A],2.4953520704046843,2.448489225383842,2.5422149154255265
answer_B,C(area_label)[answer_B],2.48807767835314,2.4412246361531817,2.534930720553098
answer_C,C(area_label)[answer_C],2.492398630682728,2.4455368731709495,2.5392603881945064
answer_D,C(area_label)[answer_D],2.5098872837160684,2.4630346633389504,2.5567399040931864
