area_i,area_j,diff_i_minus_j,se,t,p_unc,ci_low,ci_high,p_adj_holm,sig
answer_A,answer_B,0.0007541569012614602,0.0011558028039145927,0.6524961686433044,0.5140811436799154,-0.0015111749676415516,0.003019488770164472,1.0,
answer_A,answer_C,0.0013687681257552597,0.0011561021956716419,1.1839508054563195,0.2364325370566842,-0.0008971505402088366,0.003634686791719356,0.9457301482267368,
answer_A,answer_D,-0.0012802611672695363,0.0011550297060997773,-1.1084227189209115,0.2676792976968728,-0.0035440777922989834,0.0009835554577599108,0.9457301482267368,
answer_B,answer_C,0.0006146112244937996,0.0011667682976428354,0.5267637334125965,0.5983576706181242,-0.0016722126171892678,0.002901435066176867,1.0,
answer_B,answer_D,-0.0020344180685309965,0.0011658907988655262,-1.7449473574288379,0.08099403282095984,-0.0043195220442140605,0.00025068590715206706,0.4049701641047992,
answer_C,answer_D,-0.002649029293024796,0.0011659576663873242,-2.2719772504543094,0.023087884415174804,-0.004934264326642319,-0.0003637942594072732,0.13852730649104883,
