area_i,area_j,diff_i_minus_j,se,t,p_unc,ci_low,ci_high,p_adj_holm,sig
answer_A,answer_B,-0.005041428286587379,0.003405212042643745,-1.4805034821482967,0.13873893213404767,-0.01171552124989119,0.0016326646767164318,0.42561488132099556,
answer_A,answer_C,0.0015498161728473292,0.0034267079141743107,0.45227554015813115,0.6510704946191046,-0.005166407924472691,0.008266040270167349,1.0,
answer_A,answer_D,-0.005523304460221645,0.0034209123596538504,-1.614570582211737,0.10640372033024889,-0.012228169479411124,0.0011815605589678337,0.42561488132099556,
answer_B,answer_C,0.006591244459434709,0.0034006424845456837,1.9382350509907482,0.052594552253517744,-7.38923345716385e-05,0.013256381253441056,0.26297276126758873,
answer_B,answer_D,-0.0004818761736342658,0.0033959446664596498,-0.1418975339597134,0.8871609422231314,-0.0071378054133860655,0.006174053066117534,1.0,
answer_C,answer_D,-0.007073120633068974,0.003416452898013359,-2.0703111806932677,0.038423213238649036,-0.013769245268052652,-0.00037699599808529646,0.23053927943189423,
