area_i,area_j,diff_i_minus_j,se,t,p_unc,ci_low,ci_high,p_adj_holm,sig
answer_A,answer_B,0.007274392051544343,0.006732823039323812,1.0804371374470167,0.2799475657628784,-0.005921698619811833,0.02047048272290052,0.8398426972886351,
answer_A,answer_C,0.0029534397219563857,0.006743407819581061,0.43797435969694476,0.6614048703415891,-0.010263396737488268,0.016170276181401037,1.0,
answer_A,answer_D,-0.014535213311384076,0.006735540254521508,-2.157987742947081,0.03092878478084529,-0.027736629626665982,-0.0013337969961021712,0.12371513912338115,
answer_B,answer_C,-0.004320952329587957,0.006723310589626697,-0.642682242919834,0.5204303054327177,-0.017498398942133037,0.008856494282957124,1.0,
answer_B,answer_D,-0.02180960536292842,0.006716171449752897,-3.247327071099539,0.0011649443249477204,-0.03497305951844026,-0.00864615120741658,0.006989665949686323,★
answer_C,answer_D,-0.017488653033340462,0.006726029128209565,-2.6001453011839475,0.009318429549935954,-0.03067142788359855,-0.0043058781830823765,0.04659214774967977,★
