area_i,area_j,diff_i_minus_j,se,t,p_unc,ci_low,ci_high,p_adj_holm,sig
answer_A,answer_B,-0.00015981971688594498,0.004504919855602479,-0.03547670591457637,0.9716996206675977,-0.008989300387106184,0.008669660953334294,0.9716996206675977,
answer_A,answer_C,-0.0112061977102349,0.00449494249343139,-2.493068092998051,0.012664455639704607,-0.020016123109939093,-0.0023962723105307067,0.06332227819852304,
answer_A,answer_D,0.007236066064245872,0.004514350190608318,1.6029031330577386,0.1089560418809547,-0.0016118977229479595,0.016084029851439703,0.3014761360735862,
answer_B,answer_C,-0.011046377993348955,0.0044828973681275966,-2.4641157461882233,0.013735174856368264,-0.019832695381268438,-0.00226006060542947,0.06332227819852304,
answer_B,answer_D,0.007395885781131817,0.004502896786465895,1.642472863993067,0.10049204535786206,-0.0014296297464424842,0.01622140130870612,0.3014761360735862,
answer_C,answer_D,0.01844226377448077,0.004492390688403137,4.105222598312403,4.0392573670817226e-05,0.009637339820727522,0.02724718772823402,0.00024235544202490337,★
