area,term,estimate,ci_low,ci_high
answer_A,C(area_label)[answer_A],2.5172947385465383,2.480751667372275,2.5538378097208017
answer_B,C(area_label)[answer_B],2.5223361668331257,2.485804443887294,2.5588678897789574
answer_C,C(area_label)[answer_C],2.515744922373691,2.479203624392451,2.552286220354931
answer_D,C(area_label)[answer_D],2.52281804300676,2.4862784854571034,2.5593576005564165
