area_i,area_j,diff_i_minus_j,se,t,p_unc,ci_low,ci_high,p_adj_holm,sig
answer_A,answer_B,-0.005705110791137863,0.011362897659884857,-0.5020823879527639,0.615609568393324,-0.027975980964526644,0.016565759382250918,1.0,
answer_A,answer_C,0.0018046139018537688,0.011362897659884857,0.15881634736751254,0.8738135689426499,-0.020466256271535012,0.02407548407524255,1.0,
answer_A,answer_D,-0.08440586537603831,0.011362897659884857,-7.428199030078531,1.1008622956044369e-13,-0.10667673554942708,-0.06213499520264953,5.504311478022184e-13,★
answer_B,answer_C,0.007509724692991632,0.011362897659884857,0.6608987353202765,0.5086772571716187,-0.014761145480397149,0.029780594866380412,1.0,
answer_B,answer_D,-0.07870075458490045,0.011362897659884857,-6.926116642125767,4.325498614072089e-12,-0.10097162475828922,-0.056429884411511665,1.7301994456288357e-11,★
answer_C,answer_D,-0.08621047927789208,0.011362897659884859,-7.5870153774460425,3.273582503908853e-14,-0.10848134945128086,-0.06393960910450329,1.964149502345312e-13,★
