area,term,estimate,ci_low,ci_high
answer_A,C(area_label)[answer_A],0.3506677142791766,0.3481960380928388,0.3531393904655144
answer_B,C(area_label)[answer_B],0.220340480959234,0.2178688047728962,0.22281215714557182
answer_C,C(area_label)[answer_C],0.1990413751452949,0.1965696989589571,0.20151305133163272
answer_D,C(area_label)[answer_D],0.18218283005926225,0.17971115387292444,0.18465450624560006
