area_i,area_j,diff_i_minus_j,se,t,p_unc,ci_low,ci_high,p_adj_holm,sig
answer_A,answer_B,0.1303272333199426,0.0017520966084311456,74.38358860624678,0.0,0.12689318706998276,0.1337612795699024,0.0,★
answer_A,answer_C,0.15162633913388168,0.0017520966084311456,86.53994214945159,0.0,0.14819229288392186,0.1550603853838415,0.0,★
answer_A,answer_D,0.16848488421991434,0.0017520966084311456,96.1618688199952,0.0,0.1650508379699545,0.17191893046987416,0.0,★
answer_B,answer_C,0.021299105813939095,0.0017520966084311456,12.156353543204814,5.307537567261863e-34,0.017865059563979272,0.02473315206389892,1.0615075134523726e-33,★
answer_B,answer_D,0.03815765089997175,0.0017520966084311456,21.77828021374843,3.728061245117799e-105,0.03472360465001193,0.04159169714993157,1.1184183735353397e-104,★
answer_C,answer_D,0.016858545086032656,0.0017520966084311456,9.621926670543616,6.4609454992529555e-22,0.013424498836072832,0.02029259133599248,6.4609454992529555e-22,★
