area_i,area_j,diff_i_minus_j,se,t,p_unc,ci_low,ci_high,p_adj_holm,sig
answer_A,answer_B,-0.1331580919161016,0.005816661835782076,-22.89252765167805,5.514928055789974e-116,-0.1445585396244831,-0.12175764420772009,2.2059712223159896e-115,★
answer_A,answer_C,0.018981979075086503,0.005816661835782076,3.2633802017363265,0.001100917174953987,0.007581531366704999,0.030382426783468006,0.001100917174953987,★
answer_A,answer_D,0.046884784222862796,0.005816661835782076,8.06042805074965,7.602775081955532e-16,0.035484336514481296,0.0582852319312443,2.2808325245866597e-15,★
answer_B,answer_C,0.1521400709911881,0.005816661835782076,26.155907853414377,8.442414793570428e-151,0.1407396232828066,0.1635405186995696,4.221207396785214e-150,★
answer_B,answer_D,0.1800428761389644,0.005816661835782076,30.952955702427698,2.3183026126447466e-210,0.16864242843058289,0.1914433238473459,1.390981567586848e-209,★
answer_C,answer_D,0.027902805147776294,0.005816661835782076,4.797047849013323,1.6102114739507797e-06,0.01650235743939479,0.039303252856157794,3.2204229479015595e-06,★
