area_i,area_j,diff_i_minus_j,se,t,p_unc,ci_low,ci_high,p_adj_holm,sig
answer_A,answer_B,-0.0009630700873378972,0.005971534057662894,-0.16127683071689927,0.8718753707780244,-0.0126670617728115,0.010740921598135706,0.8718753707780244,
answer_A,answer_C,-0.13648664712097702,0.005971534057662894,-22.856211787962977,1.267640906678076e-115,-0.14819063880645061,-0.12478265543550342,6.338204533390379e-115,★
answer_A,answer_D,0.019576708308385482,0.005971534057662895,3.2783382158331524,0.0010442020134683544,0.007872716622911877,0.03128069999385909,0.002088404026936709,★
answer_B,answer_C,-0.13552357703363913,0.005971534057662894,-22.694934957246076,5.02687709550222e-114,-0.14722756871911272,-0.12381958534816552,2.010750838200888e-113,★
answer_B,answer_D,0.02053977839572338,0.005971534057662894,3.4396150465500526,0.0005825421330596373,0.008835786710249776,0.032243770081196985,0.001747626399178912,★
answer_C,answer_D,0.1560633554293625,0.005971534057662894,26.13455000379613,1.4768385312263982e-150,0.1443593637438889,0.1677673471148361,8.861031187358389e-150,★
