area_i,area_j,diff_i_minus_j,se,t,p_unc,ci_low,ci_high,p_adj_holm,sig
answer_A,answer_B,0.11090097951477709,0.0017702059079698726,62.64863257741682,0.0,0.10743143968993611,0.11437051933961807,0.0,★
answer_A,answer_C,0.1315844268511436,0.0017702059079698724,74.33283679526792,0.0,0.12811488702630264,0.13505396667598457,0.0,★
answer_A,answer_D,0.15350924102862512,0.0017702059079698726,86.71829663288962,0.0,0.15003970120378415,0.1569787808534661,0.0,★
answer_B,answer_C,0.02068344733636651,0.0017702059079698724,11.684204217851095,1.5351056272222466e-31,0.017213907511525538,0.024152987161207486,1.5351056272222466e-31,★
answer_B,answer_D,0.04260826151384803,0.0017702059079698726,24.069664055472796,5.196917668585136e-128,0.039138721689007054,0.046077801338689,1.559075300575541e-127,★
answer_C,answer_D,0.021924814177481516,0.0017702059079698724,12.385459837621703,3.1328404028907425e-35,0.018455274352640542,0.02539435400232249,6.265680805781485e-35,★
