area_i,area_j,diff_i_minus_j,se,t,p_unc,ci_low,ci_high,p_adj_holm,sig
answer_A,answer_B,-0.13723452918671958,0.004981520731687733,-27.548721882007445,4.584179061487029e-167,-0.14699813040906715,-0.127470927964372,1.8336716245948115e-166,★
answer_A,answer_C,0.003478996871605078,0.004981520731687733,0.698380486399461,0.4849392764952122,-0.006284604350742497,0.013242598093952652,0.4849392764952122,
answer_A,answer_D,0.0382294821377234,0.004981520731687733,7.674259367133318,1.6637713329823168e-14,0.028465880915375823,0.04799308336007097,4.9913139989469504e-14,★
answer_B,answer_C,0.14071352605832466,0.004981520731687733,28.247102368406907,1.5449067389449973e-175,0.1309499248359771,0.15047712728067222,7.724533694724986e-175,★
answer_B,answer_D,0.17546401132444298,0.004981520731687733,35.222981249140766,8.896400451120735e-272,0.1657004101020954,0.18522761254679054,5.337840270672442e-271,★
answer_C,answer_D,0.03475048526611832,0.004981520731687733,6.975878880733856,3.0396451940560133e-12,0.024986884043770745,0.044514086488465894,6.079290388112027e-12,★
