area,term,estimate,ci_low,ci_high
answer_A,C(area_label)[answer_A],0.2098533550651024,0.20154425388952033,0.21816245624068445
answer_B,C(area_label)[answer_B],0.34708788425182197,0.33877878307623993,0.355396985427404
answer_C,C(area_label)[answer_C],0.2063743581934973,0.19806525701791525,0.21468345936907937
answer_D,C(area_label)[answer_D],0.171623872927379,0.16331477175179693,0.17993297410296105
