area_i,area_j,diff_i_minus_j,se,t,p_unc,ci_low,ci_high,p_adj_holm,sig
answer_A,answer_B,-0.5018762939481629,0.034979584201768346,-14.347691815124298,1.1014235762492495e-46,-0.5704350191778151,-0.4333175687185107,4.405694304996998e-46,★
answer_A,answer_C,0.1874025447021178,0.034979584201768346,5.357483485828397,8.43890783048112e-08,0.1188438194724656,0.25596126993177004,2.531672349144336e-07,★
answer_A,answer_D,0.15468976785390465,0.034979584201768346,4.422287210780639,9.766151463379192e-06,0.08613104262425243,0.22324849308355688,1.9532302926758383e-05,★
answer_B,answer_C,0.6892788386502807,0.03497958420176835,19.70517530095269,1.9466686425380096e-86,0.6207201134206285,0.757837563879933,1.1680011855228058e-85,★
answer_B,answer_D,0.6565660618020676,0.034979584201768346,18.769979025904938,1.3293795420632552e-78,0.5880073365724153,0.7251247870317198,6.646897710316275e-78,★
answer_C,answer_D,-0.032712776848213165,0.034979584201768346,-0.9351962750477582,0.34968715784171855,-0.10127150207786538,0.03584594838143905,0.34968715784171855,
