area,term,estimate,ci_low,ci_high
answer_A,C(area_label)[answer_A],1.2107424847458579,1.1811965984527597,1.240288371038956
answer_B,C(area_label)[answer_B],0.7907622702028513,0.761216383909753,0.8203081564959496
answer_C,C(area_label)[answer_C],0.6923317994693581,0.6627859131762598,0.7218776857624564
answer_D,C(area_label)[answer_D],0.7039075711677166,0.6743616848746183,0.7334534574608149
