area_i,area_j,diff_i_minus_j,se,t,p_unc,ci_low,ci_high,p_adj_holm,sig
answer_A,answer_B,0.04849957546560235,0.049099180336008824,0.9877878843128726,0.3232565424154351,-0.04773304966341217,0.1447322005946169,0.3232565424154351,
answer_A,answer_C,-0.43773364624261135,0.04909918033600882,-8.915294374508777,4.865220375842563e-19,-0.5339662713716259,-0.3415010211135968,1.9460881503370253e-18,★
answer_A,answer_D,0.19479974234810626,0.04909918033600882,3.967474426558649,7.263830369427985e-05,0.09856711721909175,0.2910323674771208,0.00021791491108283956,★
answer_B,answer_C,-0.4862332217082137,0.04909918033600883,-9.903082258821646,4.0363937791084635e-23,-0.5824658468372282,-0.39000059657919917,2.0181968895542316e-22,★
answer_B,answer_D,0.1463001668825039,0.049099180336008824,2.979686542245776,0.0028854348235227644,0.05006754175348939,0.24253279201151845,0.005770869647045529,★
answer_C,answer_D,0.6325333885907176,0.049099180336008824,12.882768801067424,5.627967460894105e-38,0.5363007634617031,0.7287660137197322,3.376780476536463e-37,★
