area_i,area_j,diff_i_minus_j,se,t,p_unc,ci_low,ci_high,p_adj_holm,sig
answer_A,answer_B,0.10507899178564784,0.08827399830377015,1.1903730861272197,0.23389978645277276,-0.0679348656610915,0.2780928492323872,0.4677995729055455,
answer_A,answer_C,0.17414240601160103,0.08827399830377015,1.9727485936723843,0.0485242126010562,0.0011285485648616922,0.3471562634583404,0.1455726378031686,
answer_A,answer_D,-0.4791405318108113,0.08827399830377014,-5.427878435527344,5.702785852405383e-08,-0.6521543892575505,-0.306126674364072,2.2811143409621533e-07,★
answer_B,answer_C,0.06906341422595319,0.08827399830377015,0.7823755075451647,0.4339939234509501,-0.10395044322078614,0.24207727167269252,0.4677995729055455,
answer_B,answer_D,-0.5842195235964591,0.08827399830377015,-6.618251521654562,3.6347221870511436e-11,-0.7572333810431985,-0.41120566614971976,1.8173610935255718e-10,★
answer_C,answer_D,-0.6532829378224123,0.08827399830377015,-7.400627029199727,1.355429371795111e-13,-0.8262967952691517,-0.48026908037567295,8.132576230770667e-13,★
