area,term,estimate,ci_low,ci_high
answer_A,C(area_label)[answer_A],0.3651415968657244,0.33517832377213164,0.39510486995931715
answer_B,C(area_label)[answer_B],0.3695357368691081,0.33957246377551537,0.3994990099627009
answer_C,C(area_label)[answer_C],0.3815209250097586,0.35155765191616584,0.41148419810335135
answer_D,C(area_label)[answer_D],0.27940795041779226,0.2494446773241995,0.309371223511385
