area_i,area_j,diff_i_minus_j,se,t,p_unc,ci_low,ci_high,p_adj_holm,sig
answer_A,answer_B,29.590871142806307,0.5004477462248099,59.1287928980173,0.0,28.61001158406144,30.571730701551175,0.0,★
answer_A,answer_C,37.42454863031274,0.5004477462248099,74.78213042746121,0.0,36.443689071567874,38.40540818905761,0.0,★
answer_A,answer_D,35.23266391542755,0.5004477462248028,70.40228311788803,0.0,34.2518043566827,36.213523474172405,0.0,★
answer_B,answer_C,7.833677487506435,0.5004477462248099,15.653337529443903,3.1524387001655934e-55,6.852817928761567,8.814537046251303,9.45731610049678e-55,★
answer_B,answer_D,5.641792772621244,0.5004477462248028,11.273490219869892,1.773956294671168e-29,4.6609332138763895,6.6226523313660985,3.547912589342336e-29,★
answer_C,answer_D,-2.191884714885191,0.5004477462248028,-4.379847309574233,1.1876249631604477e-05,-3.1727442736300455,-1.2110251561403367,1.1876249631604477e-05,★
