area_i,area_j,diff_i_minus_j,se,t,p_unc,ci_low,ci_high,p_adj_holm,sig
answer_A,answer_B,5.452610713998368,2.1946879648382867,2.4844582926393994,0.01297487060024908,1.151101345611818,9.754120082384919,0.02594974120049816,★
answer_A,answer_C,-20.510885651493098,2.1946879648382867,-9.345695597781447,9.128742552430283e-21,-24.81239501987965,-16.209376283106547,3.651497020972113e-20,★
answer_A,answer_D,7.9531314773024775,2.194687964838286,3.6238096735034024,0.00029029525850838607,3.6516221089159284,12.254640845689027,0.0008708857755251583,★
answer_B,answer_C,-25.963496365491466,2.1946879648382867,-11.830153890420846,2.726414773105495e-32,-30.265005733878017,-21.661986997104915,1.3632073865527476e-31,★
answer_B,answer_D,2.5005207633041096,2.194687964838286,1.1393513808640028,0.25455662587448136,-1.8009886050824395,6.802030131690659,0.25455662587448136,
answer_C,answer_D,28.464017128795575,2.1946879648382867,12.969505271284849,1.822025309511119e-38,24.162507760409024,32.76552649718212,1.0932151857066714e-37,★
