area_i,area_j,diff_i_minus_j,se,t,p_unc,ci_low,ci_high,p_adj_holm,sig
answer_A,answer_B,-29.35524658345382,1.6387377698368415,-17.913327637756545,9.281696779969687e-72,-32.56711359243952,-26.14337957446812,3.712678711987875e-71,★
answer_A,answer_C,9.286017459634579,1.6387377698368415,5.666567055788997,1.4568683262449208e-08,6.074150450648881,12.497884468620276,4.3706049787347624e-08,★
answer_A,answer_D,8.553312201118146,1.6387377698368413,5.2194514330195405,1.7945386456152614e-07,5.341445192132449,11.765179210103843,3.589077291230523e-07,★
answer_B,answer_C,38.6412640430884,1.6387377698368415,23.579894693545544,6.198288892081185e-123,35.4293970341027,41.8531310520741,3.718973335248711e-122,★
answer_B,answer_D,37.908558784571966,1.6387377698368415,23.132779070776085,2.167133145840175e-118,34.69669177558627,41.120425793557665,1.0835665729200874e-117,★
answer_C,answer_D,-0.7327052585164324,1.6387377698368415,-0.4471156227694582,0.6547915795496411,-3.94457226750213,2.4791617504692653,0.6547915795496411,
