area,term,estimate,ci_low,ci_high
answer_A,C(area_label)[answer_A],117.11980578582335,113.06173291775221,121.17787865389448
answer_B,C(area_label)[answer_B],111.66719507182498,107.60912220375384,115.72526793989611
answer_C,C(area_label)[answer_C],137.63069143731644,133.5726185692453,141.6887643053876
answer_D,C(area_label)[answer_D],109.16667430852087,105.10860144044973,113.224747176592
