area_i,area_j,diff_i_minus_j,se,t,p_unc,ci_low,ci_high,p_adj_holm,sig
answer_A,answer_B,0.5109985920366142,3.024345291475431,0.16896172321227346,0.8658267489207692,-5.416609256068523,6.4386064401417515,0.8658267489207692,
answer_A,answer_C,5.188193937759237,3.0243452914754307,1.7154767190052465,0.08625786019595917,-0.739413910345899,11.115801785864374,0.2587735805878775,
answer_A,answer_D,-22.252432086583042,3.024345291475431,-7.357768357106857,1.8701019328070457e-13,-28.18003993468818,-16.324824238477905,7.480407731228183e-13,★
answer_B,answer_C,4.677195345722623,3.024345291475431,1.5465149957929727,0.12198024130879119,-1.2504125023825141,10.60480319382776,0.2587735805878775,
answer_B,answer_D,-22.763430678619656,3.0243452914754307,-7.526730080319132,5.202676438770478e-14,-28.691038526724792,-16.83582283051452,2.601338219385239e-13,★
answer_C,answer_D,-27.44062602434228,3.024345291475431,-9.073245076112103,1.1552406499889539e-19,-33.36823387244742,-21.513018176237143,6.931443899933723e-19,★
