area_i,area_j,diff_i_minus_j,se,t,p_unc,ci_low,ci_high,p_adj_holm,sig
answer_A,answer_B,0.19957554873521266,0.06834651684693246,2.9200544218248634,0.0034997026417670587,0.06561883724646497,0.3335322602239603,0.010499107925301177,★
answer_A,answer_C,0.16590553250217122,0.06834651684693246,2.4274175211259124,0.015206744094796838,0.03194882101342353,0.2998622439909189,0.030413488189593677,★
answer_A,answer_D,-0.4025417203988637,0.06834651684693246,-5.889718144677195,3.868548428836765e-09,-0.5364984318876114,-0.26858500891011605,1.547419371534706e-08,★
answer_B,answer_C,-0.033670016233041444,0.06834651684693246,-0.4926369006989509,0.6222691697725811,-0.16762672772178913,0.10028669525570624,0.6222691697725811,
answer_B,answer_D,-0.6021172691340764,0.06834651684693246,-8.809772566502058,1.2540001968489595e-18,-0.736073980622824,-0.4681605576453287,7.524001181093757e-18,★
answer_C,answer_D,-0.5684472529010349,0.06834651684693246,-8.317135665803107,9.01145836568505e-17,-0.7024039643897826,-0.43449054141228727,4.505729182842525e-16,★
