area_i,area_j,diff_i_minus_j,se,t,p_unc,ci_low,ci_high,p_adj_holm,sig
answer_A,answer_B,0.004003722906477769,0.04087115002695041,0.0979596342123409,0.9219643463824867,-0.07610225915307829,0.08410970496603383,0.9219643463824867,
answer_A,answer_C,-0.5094080365,0.04087115002695041,-12.463755880715288,1.1769423487989047e-35,-0.5895140185595561,-0.42930205444044395,4.707769395195619e-35,★
answer_A,answer_D,0.1161983096531567,0.04087115002695041,2.843039884528221,0.0044685478064373915,0.036092327593600634,0.19630429171271274,0.013405643419312174,★
answer_B,answer_C,-0.5134117594064778,0.04087115002695041,-12.561715514927629,3.4281818528460375e-36,-0.5935177414660339,-0.4333057773469217,1.7140909264230186e-35,★
answer_B,answer_D,0.11219458674667893,0.0408711500269504,2.7450802503158807,0.006049610221918031,0.03208860468712288,0.19230056880623497,0.013405643419312174,★
answer_C,answer_D,0.6256063461531567,0.0408711500269504,15.306795765243512,6.887443151166887e-53,0.5455003640936007,0.7057123282127127,4.1324658907001326e-52,★
