area_i,area_j,diff_i_minus_j,se,t,p_unc,ci_low,ci_high,p_adj_holm,sig
answer_A,answer_B,-0.48712463541360584,0.03489506016695236,-13.959701834099173,2.745801549421698e-44,-0.5555176965791907,-0.418731574248021,1.0983206197686792e-43,★
answer_A,answer_C,0.24478989303180454,0.03489506016695236,7.015029974461392,2.2989966287054176e-12,0.17639683186621968,0.3131829541973894,4.597993257410835e-12,★
answer_A,answer_D,0.2646022621985856,0.03489506016695236,7.582799998986082,3.38175951323968e-14,0.19620920103300077,0.3329953233641705,1.0145278539719041e-13,★
answer_B,answer_C,0.7319145284454104,0.03489506016695237,20.97473180856056,1.1159395714074647e-97,0.6635214672798255,0.8003075896109952,5.579697857037323e-97,★
answer_B,answer_D,0.7517268976121915,0.03489506016695237,21.54250183308525,6.225224344284716e-103,0.6833338364466066,0.8201199587777763,3.7351346065708296e-102,★
answer_C,answer_D,0.019812369166781085,0.03489506016695237,0.5677700245246902,0.5701911362930683,-0.0485806919988038,0.08820543033236597,0.5701911362930683,
