area_i,area_j,diff_i_minus_j,se,t,p_unc,ci_low,ci_high,p_adj_holm,sig
answer_A,answer_B,0.39377041175604144,0.008212403867101353,47.94825219610473,0.0,0.37767439595002533,0.40986642756205754,0.0,★
answer_A,answer_C,0.49808937929744246,0.008212403867101353,60.650862689884725,0.0,0.48199336349142635,0.5141853951034586,0.0,★
answer_A,answer_D,0.4927745767594236,0.008212403867101353,60.00369498795158,0.0,0.4766785609534075,0.5088705925654398,0.0,★
answer_B,answer_C,0.10431896754140102,0.008212403867101353,12.702610493779991,5.718969496747812e-37,0.0882229517353849,0.12041498334741714,1.7156908490243436e-36,★
answer_B,answer_D,0.09900416500338216,0.008212403867101353,12.055442791846845,1.8155416137354805e-33,0.08290814919736604,0.11510018080939828,3.631083227470961e-33,★
answer_C,answer_D,-0.005314802538018859,0.008212403867101353,-0.6471677019331454,0.5175234122324908,-0.021410818344034976,0.010781213267997258,0.5175234122324908,
