area_i,area_j,diff_i_minus_j,se,t,p_unc,ci_low,ci_high,p_adj_holm,sig
answer_A,answer_B,0.009652886511889142,0.009219999059061058,1.0469509215841686,0.29512221436364017,-0.008417979581363717,0.027723752605142,0.8853666430909205,
answer_A,answer_C,0.003758306968774383,0.009219999059061058,0.40762552628255044,0.6835486208809045,-0.014312559124478475,0.02182917306202724,1.0,
answer_A,answer_D,-0.07256947861178242,0.009219999059061058,-7.870877008437865,3.5216372171384038e-15,-0.09064034470503528,-0.05449861251852957,1.4086548868553615e-14,★
answer_B,answer_C,-0.0058945795431147585,0.009219999059061058,-0.6393253953016182,0.5226112711044761,-0.023965445636367617,0.0121762865501381,1.0,
answer_B,answer_D,-0.08222236512367156,0.009219999059061058,-8.917827930022034,4.755224961514065e-19,-0.10029323121692442,-0.06415149903041871,2.8531349769084387e-18,★
answer_C,answer_D,-0.0763277855805568,0.009219999059061058,-8.278502534720415,1.2473384446875474e-16,-0.09439865167380966,-0.05825691948730395,6.236692223437737e-16,★
