area,term,estimate,ci_low,ci_high
answer_A,C(area_label)[answer_A],0.21603603685546424,0.20217592745682214,0.22989614625410634
answer_B,C(area_label)[answer_B],0.2063831503435751,0.192523040944933,0.2202432597422172
answer_C,C(area_label)[answer_C],0.21227772988668986,0.19841762048804776,0.22613783928533196
answer_D,C(area_label)[answer_D],0.28860551546724666,0.2747454060686046,0.30246562486588874
