area,term,estimate,ci_low,ci_high
answer_A,C(area_label)[answer_A],0.20157273141402854,0.19208017916929385,0.21106528365876323
answer_B,C(area_label)[answer_B],0.20253580150136644,0.19304324925663174,0.21202835374610113
answer_C,C(area_label)[answer_C],0.33805937853500556,0.3285668262902709,0.3475519307797402
answer_D,C(area_label)[answer_D],0.18199602310564306,0.17250347086090836,0.19148857535037775
