area_i,area_j,diff_i_minus_j,se,t,p_unc,ci_low,ci_high,p_adj_holm,sig
answer_A,answer_B,6.805381739969036,2.9979752920326694,2.26999260402673,0.023208031790253145,0.9294581410440532,12.681305338894019,0.04641606358050629,★
answer_A,answer_C,-21.773788291129804,2.99797529203267,-7.262831134397665,3.7907106079955514e-13,-27.64971189005479,-15.89786469220482,1.5162842431982206e-12,★
answer_A,answer_D,7.66285936573324,2.9979752920326703,2.556011514203545,0.01058796152627208,1.7869357668082557,13.538782964658225,0.03176388457881624,★
answer_B,answer_C,-28.57917003109884,2.9979752920326694,-9.532823738424396,1.5306212890859473e-21,-34.455093630023825,-22.703246432173856,7.653106445429736e-21,★
answer_B,answer_D,0.8574776257642043,2.9979752920326703,0.2860189101768154,0.7748636380816802,-5.01844597316078,6.733401224689189,0.7748636380816802,
answer_C,answer_D,29.436647656863045,2.99797529203267,9.81884264860121,9.34097636122456e-23,23.56072405793806,35.31257125578803,5.604585816734736e-22,★
