area_i,area_j,diff_i_minus_j,se,t,p_unc,ci_low,ci_high,p_adj_holm,sig
answer_A,answer_B,-29.019890116419518,2.1613738968496183,-13.426594148619271,4.2239581468581686e-41,-33.25610511136976,-24.783675121469276,1.6895832587432674e-40,★
answer_A,answer_C,8.460320302573251,2.1613738968496183,3.914325196073141,9.065738635598305e-05,4.2241053076230095,12.696535297523493,0.0001813147727119661,★
answer_A,answer_D,8.805233633523358,2.161373896849619,4.073905790366819,4.623118908192991e-05,4.569018638573115,13.0414486284736,0.00013869356724578974,★
answer_B,answer_C,37.48021041899277,2.1613738968496183,17.340919344692413,2.3101229378043613e-67,33.243995424042524,41.716425413943014,1.1550614689021807e-66,★
answer_B,answer_D,37.825123749942875,2.1613738968496183,17.500499938986092,1.420171414312368e-68,33.58890875499263,42.06133874489312,8.521028485874208e-68,★
answer_C,answer_D,0.34491333095010646,2.161373896849619,0.15958059429367874,0.8732114665695621,-3.891301664000136,4.581128325900349,0.8732114665695621,
