area_i,area_j,diff_i_minus_j,se,t,p_unc,ci_low,ci_high,p_adj_holm,sig
answer_A,answer_B,1.6719966802949955,3.8464211922702596,0.43468892165398526,0.6637882407463402,-5.866850325926328,9.21084368651632,0.6637882407463402,
answer_A,answer_C,6.254003483520279,3.84642119227026,1.6259278874836378,0.10396499678889376,-1.2848435227010455,13.792850489741603,0.3118949903666813,
answer_A,answer_D,-20.50474477795902,3.8464211922702596,-5.330863094027562,9.774708910552711e-08,-28.043591784180343,-12.965897771737694,3.9098835642210844e-07,★
answer_B,answer_C,4.582006803225283,3.8464211922702596,1.1912389658296525,0.23355978661113674,-2.95684020299604,12.120853809446608,0.4671195732222735,
answer_B,answer_D,-22.176741458254014,3.8464211922702596,-5.765552015681546,8.139099370128385e-09,-29.71558846447534,-14.63789445203269,4.0695496850641924e-08,★
answer_C,answer_D,-26.758748261479298,3.8464211922702596,-6.956790981511199,3.4811083670956545e-12,-34.29759526770062,-19.219901255257973,2.0886650202573928e-11,★
