area_i,area_j,diff_i_minus_j,se,t,p_unc,ci_low,ci_high,p_adj_holm,sig
answer_A,answer_B,-0.008065681695058835,0.0010014218892396493,-8.054229472837742,7.998104336817247e-16,-0.010028432531298606,-0.006102930858819063,3.9990521684086236e-15,★
answer_A,answer_C,-0.00792748923344,0.0010016987948319417,-7.914044894872835,2.491583854621632e-15,-0.009890782794667782,-0.005964195672212217,9.966335418486529e-15,★
answer_A,answer_D,-0.011413437937529025,0.0010007466559374962,-11.404922384513945,3.9512955095679664e-30,-0.013374865340815414,-0.009452010534242637,2.3707773057407798e-29,★
answer_B,answer_C,0.0001381924616188357,0.0010108873948666505,0.13670410999344307,0.8912646807302518,-0.0018431104247453194,0.002119495347982991,0.8912646807302518,
answer_B,answer_D,-0.00334775624247019,0.0010101292805480531,-3.3141859234630244,0.0009191037080634575,-0.00532757325207373,-0.0013679392328666499,0.001838207416126915,★
answer_C,answer_D,-0.003485948704089026,0.0010101693630157303,-3.450855699763231,0.0005588122600229572,-0.005465844273885625,-0.0015060531342924268,0.0016764367800688714,★
