area,term,estimate,ci_low,ci_high
answer_A,C(area_label)[answer_A],2.468259587231735,2.432984203171511,2.503534971291959
answer_B,C(area_label)[answer_B],2.476325268926794,2.441048580553837,2.5116019572997508
answer_C,C(area_label)[answer_C],2.476187076465175,2.440910366422785,2.511463786507565
answer_D,C(area_label)[answer_D],2.479673025169264,2.444396421001937,2.514949629336591
