area,term,estimate,ci_low,ci_high
answer_A,C(area_label)[answer_A],2.4792515287112487,2.443517699331334,2.514985358091163
answer_B,C(area_label)[answer_B],2.4727712135208937,2.4370464703136063,2.508495956728181
answer_C,C(area_label)[answer_C],2.486018022562781,2.4502855928437093,2.521750452281853
answer_D,C(area_label)[answer_D],2.493184083087315,2.457453057921965,2.528915108252665
