area_i,area_j,diff_i_minus_j,se,t,p_unc,ci_low,ci_high,p_adj_holm,sig
answer_A,answer_B,-0.004971498065992286,0.006099272252667436,-0.8150969263288856,0.41501683090126373,-0.016925852013124944,0.006982855881140372,1.0,
answer_A,answer_C,-0.004052055849572689,0.006108962117241046,-0.6632969351924373,0.5071403990622276,-0.016025401582284694,0.007921289883139317,1.0,
answer_A,answer_D,0.0012468225588984083,0.006102239015059554,0.20432214402310495,0.8381017665416021,-0.01071334613567349,0.013206991253470307,1.0,
answer_B,answer_C,0.000919442216419597,0.006090405921636648,0.15096567096672586,0.8800027960805906,-0.011017534041217709,0.012856418474056903,1.0,
answer_B,answer_D,0.006218320624890694,0.006084682709352305,1.021963004797766,0.3067984104382998,-0.0057074383427934226,0.01814407959257481,1.0,
answer_C,answer_D,0.005298878408471097,0.006093383477279467,0.8696118385178189,0.38451256595018113,-0.006643933750988096,0.01724169056793029,1.0,
