area_i,area_j,diff_i_minus_j,se,t,p_unc,ci_low,ci_high,p_adj_holm,sig
answer_A,answer_B,-0.003737085375512983,0.003929344999657327,-0.9510708211772928,0.34156842574405166,-0.011438460057673894,0.003964289306647929,1.0,
answer_A,answer_C,0.00045368157533953735,0.003920778729060846,0.11571210891776308,0.9078807091922935,-0.007230903524970448,0.008138266675649522,1.0,
answer_A,answer_D,-0.003925247060228454,0.003937646281261511,-0.9968511084674968,0.3188367862550968,-0.011642891955359091,0.0037923978349021833,1.0,
answer_B,answer_C,0.00419076695085252,0.003910054560928358,1.0717924483021826,0.2838132657558269,-0.0034727991661536364,0.011854333067858677,1.0,
answer_B,answer_D,-0.000188161684715471,0.003927538240213631,-0.04790830113094872,0.9617893236433899,-0.007885995183438011,0.007509671814007068,1.0,
answer_C,answer_D,-0.004378928635567991,0.003918389561838129,-1.1175327430981163,0.26376660767269133,-0.012058831054168408,0.003300973783032425,1.0,
