area,term,estimate,ci_low,ci_high
answer_A,C(area_label)[answer_A],2.451512075446549,2.406047807241076,2.4969763436520225
answer_B,C(area_label)[answer_B],2.4564835735125414,2.411027646800997,2.501939500224086
answer_C,C(area_label)[answer_C],2.455564131296122,2.4101008888844837,2.50102737370776
answer_D,C(area_label)[answer_D],2.4502652528876507,2.404809689703846,2.4957208160714557
