area,term,estimate,ci_low,ci_high
answer_A,C(area_label)[answer_A],2.459509652753907,2.4206049538099643,2.49841435169785
answer_B,C(area_label)[answer_B],2.46324673812942,2.4243429271885355,2.5021505490703047
answer_C,C(area_label)[answer_C],2.4590559711785676,2.420156669595035,2.4979552727621
answer_D,C(area_label)[answer_D],2.4634348998141355,2.4245272949991894,2.5023425046290817
