area_i,area_j,diff_i_minus_j,se,t,p_unc,ci_low,ci_high,p_adj_holm,sig
answer_A,answer_B,0.006480315190354968,0.0029760125065135135,2.1775161146573434,0.029442080794942344,0.0006474378600477091,0.012313192520662227,0.04917572174587294,★
answer_A,answer_C,-0.006766493851532385,0.0029948793785371437,-2.2593543833600056,0.023861349544697773,-0.012636349571506885,-0.0008966381315578835,0.04917572174587294,★
answer_A,answer_D,-0.013932554376066442,0.0029896479402211702,-4.660265909114278,3.158011381055307e-06,-0.01979215666535429,-0.008072952086778593,1.5790056905276535e-05,★
answer_B,answer_C,-0.013246809041887353,0.002972060032178273,-4.457113550354009,8.307060633211566e-06,-0.01907193966484772,-0.0074216784189269835,3.3228242532846265e-05,★
answer_B,answer_D,-0.02041286956642141,0.002967792051997884,-6.878133376184391,6.064188212804981e-12,-0.026229635101941484,-0.014596104030901334,3.638512927682989e-11,★
answer_C,answer_D,-0.007166060524534057,0.0029857706437726025,-2.4000706616498664,0.016391907248624313,-0.01301806345242533,-0.0013140575966427842,0.04917572174587294,★
