area,term,estimate,ci_low,ci_high
answer_A,C(area_label)[answer_A],0.21469450063135231,0.2080652572238947,0.22132374403880992
answer_B,C(area_label)[answer_B],0.3501899992393221,0.3435607558318645,0.35681924264677967
answer_C,C(area_label)[answer_C],0.20460184621422528,0.19797260280676768,0.21123108962168288
answer_D,C(area_label)[answer_D],0.1727726189802437,0.1661433755727861,0.1794018623877013
