area,term,estimate,ci_low,ci_high
answer_A,C(area_label)[answer_A],0.21512952711191463,0.20476254607592484,0.22549650814790442
answer_B,C(area_label)[answer_B],0.2111564838848433,0.2007895028488535,0.22152346492083308
answer_C,C(area_label)[answer_C],0.21209375383212298,0.20172677279613319,0.22246073486811277
answer_D,C(area_label)[answer_D],0.2920764528968528,0.281709471860863,0.3024434339328426
