area,term,estimate,ci_low,ci_high
answer_A,C(area_label)[answer_A],0.20453526978097886,0.1968073816116517,0.212263157950306
answer_B,C(area_label)[answer_B],0.2068160219137922,0.19908813374446505,0.21454391008311935
answer_C,C(area_label)[answer_C],0.34297474358811353,0.33524685541878635,0.3507026317574407
answer_D,C(area_label)[answer_D],0.17666984505171027,0.16894195688238312,0.18439773322103742
