area_i,area_j,diff_i_minus_j,se,t,p_unc,ci_low,ci_high,p_adj_holm,sig
answer_A,answer_B,-0.13549549860796978,0.003785731930309861,-35.79109696678378,1.519293383600269e-280,-0.1429153968465004,-0.12807560036943916,6.077173534401076e-280,★
answer_A,answer_C,0.010092654417127034,0.003785731930309861,2.665971759997532,0.0076766141111979675,0.0026727561785964086,0.01751255265565766,0.0076766141111979675,★
answer_A,answer_D,0.041921881651108606,0.003785731930309861,11.073652974598579,1.6839336389828165e-28,0.03450198341257798,0.04934177988963923,5.05180091694845e-28,★
answer_B,answer_C,0.1455881530250968,0.003785731930309861,38.457068726781316,0.0,0.1381682547865662,0.15300805126362743,0.0,★
answer_B,answer_D,0.17741738025907838,0.003785731930309861,46.864749941382364,0.0,0.16999748202054776,0.184837278497609,0.0,★
answer_C,answer_D,0.03182922723398157,0.003785731930309861,8.407681214601046,4.181959340456203e-17,0.024409328995450945,0.0392491254725122,8.363918680912406e-17,★
