area_i,area_j,diff_i_minus_j,se,t,p_unc,ci_low,ci_high,p_adj_holm,sig
answer_A,answer_B,0.12094641793817157,0.0012458000733771729,97.08332863579336,0.0,0.11850469466241495,0.12338814121392819,0.0,★
answer_A,answer_C,0.1419482261581301,0.0012458000733771729,113.94141740041019,0.0,0.13950650288237348,0.14438994943388672,0.0,★
answer_A,answer_D,0.16125324061998322,0.0012458000733771729,129.43749488057938,0.0,0.1588115173442266,0.16369496389573984,0.0,★
answer_B,answer_C,0.021001808219958534,0.0012458000733771729,16.858088764616824,9.15003161430691e-64,0.01856008494420192,0.02344353149571515,1.830006322861382e-63,★
answer_B,answer_D,0.040306822681811655,0.0012458000733771729,32.35416624478601,1.2122309440917057e-229,0.037865099406055036,0.042748545957568274,3.636692832275117e-229,★
answer_C,answer_D,0.01930501446185312,0.0012458000733771729,15.49607748016918,3.6872693111865943e-54,0.016863291186096505,0.021746737737609736,3.6872693111865943e-54,★
