area_i,area_j,diff_i_minus_j,se,t,p_unc,ci_low,ci_high,p_adj_holm,sig
answer_A,answer_B,-0.0022807521328133407,0.004707191805697978,-0.48452500491960576,0.6280133228731813,-0.011506678540303442,0.006945174274676761,0.6280133228731813,
answer_A,answer_C,-0.13843947380713467,0.004707191805697979,-29.410204538416288,4.066636777351993e-190,-0.14766540021462476,-0.12921354739964458,2.0333183886759963e-189,★
answer_A,answer_D,0.02786542472926859,0.004707191805697979,5.919755531427027,3.2242052254344614e-09,0.018639498321778487,0.037091351136758696,6.448410450868923e-09,★
answer_B,answer_C,-0.13615872167432133,0.004707191805697978,-28.92567953349669,5.677302038955221e-184,-0.14538464808181142,-0.12693279526683124,2.2709208155820886e-183,★
answer_B,answer_D,0.03014617686208193,0.004707191805697978,6.404280536346635,1.510800967943433e-10,0.02092025045459183,0.03937210326957203,4.5324029038302984e-10,★
answer_C,answer_D,0.16630489853640326,0.004707191805697978,35.329960069843324,2.036777462766856e-273,0.15707897212891317,0.17553082494389335,1.2220664776601134e-272,★
