area_i,area_j,diff_i_minus_j,se,t,p_unc,ci_low,ci_high,p_adj_holm,sig
answer_A,answer_B,0.003973043227071343,0.007181200793119714,0.5532561115514141,0.5800880492183116,-0.010101851693193768,0.018047938147336455,1.0,
answer_A,answer_C,0.0030357732797916537,0.007181200793119714,0.4227389495500834,0.6724857345495939,-0.011039121640473458,0.017110668200056765,1.0,
answer_A,answer_D,-0.07694692578493817,0.007181200793119714,-10.715050031557505,8.651047207522432e-27,-0.09102182070520329,-0.06287203086467305,3.460418883008973e-26,★
answer_B,answer_C,-0.0009372699472796897,0.007181200793119714,-0.13051716200133062,0.89615727696718,-0.015012164867544801,0.013137624972985422,1.0,
answer_B,answer_D,-0.08091996901200951,0.007181200793119714,-11.26830614310892,1.8815472220920922e-29,-0.09499486393227463,-0.0668450740917444,1.1289283332552554e-28,★
answer_C,answer_D,-0.07998269906472982,0.007181200793119714,-11.137788981107589,8.213310035236011e-29,-0.09405759398499494,-0.0659078041444647,4.106655017618005e-28,★
