area,term,estimate,ci_low,ci_high
answer_A,C(area_label)[answer_A],2.464780207494142,2.415520191076718,2.5140402239115662
answer_B,C(area_label)[answer_B],2.471552985928408,2.422301732018122,2.5208042398386943
answer_C,C(area_label)[answer_C],2.4680680253418013,2.4188080091949025,2.5173280414887
answer_D,C(area_label)[answer_D],2.4730844410286235,2.4238260906130145,2.5223427914442325
