area_i,area_j,diff_i_minus_j,se,t,p_unc,ci_low,ci_high,p_adj_holm,sig
answer_A,answer_B,-0.006772778434266158,0.0036776103410982933,-1.8416248068966203,0.06553004985787288,-0.013980762251990877,0.0004352053834585602,0.32765024928936437,
answer_A,answer_C,-0.0032878178476591913,0.0037027681231226687,-0.8879351172782768,0.37457565340505994,-0.010545110012082595,0.003969474316764212,1.0,
answer_A,answer_D,-0.008304233534481398,0.003694383324454305,-2.2477996475116755,0.024588968367623885,-0.01554509179549719,-0.001063375273465607,0.1475338102057433,
answer_B,answer_C,0.0034849605866069666,0.00367726972368232,0.9477032821832877,0.3432805295711201,-0.003722355633249937,0.01069227680646387,1.0,
answer_B,answer_D,-0.00153145510021524,0.003670008372001586,-0.4172892661223003,0.6764668387700818,-0.008724539332298826,0.005661629131868346,1.0,
answer_C,answer_D,-0.0050164156868222065,0.003694330439635178,-1.3578687041643158,0.17450534946550245,-0.01225717029549718,0.002224338921852767,0.6980213978620098,
