area,term,estimate,ci_low,ci_high
answer_A,C(area_label)[answer_A],2.450481323681283,2.4022004614212387,2.4987621859413274
answer_B,C(area_label)[answer_B],2.4454206411632105,2.397138218749644,2.4937030635767767
answer_C,C(area_label)[answer_C],2.442272142261252,2.393989625330799,2.490554659191705
answer_D,C(area_label)[answer_D],2.444500305698084,2.39621801547468,2.4927825959214878
