area,term,estimate,ci_low,ci_high
answer_A,C(area_label)[answer_A],2.4366905786289443,2.3868587977937437,2.486522359464145
answer_B,C(area_label)[answer_B],2.4379285325009783,2.388098932560106,2.4877581324418507
answer_C,C(area_label)[answer_C],2.4413137691668596,2.391489984024753,2.491137554308966
answer_D,C(area_label)[answer_D],2.430592539991813,2.380762079895427,2.480423000088199
