area,term,estimate,ci_low,ci_high
answer_A,C(area_label)[answer_A],2.4742362725565004,2.415828147770939,2.532644397342062
answer_B,C(area_label)[answer_B],2.4613098561475653,2.402905234259369,2.5197144780357617
answer_C,C(area_label)[answer_C],2.464847896588761,2.4064301823728123,2.5232656108047093
answer_D,C(area_label)[answer_D],2.474017279780589,2.415616263919712,2.532418295641466
