area_i,area_j,diff_i_minus_j,se,t,p_unc,ci_low,ci_high,p_adj_holm,sig
answer_A,answer_B,0.012926416408935104,0.0071761126363371775,1.8013118054307726,0.07165374814808603,-0.0011385059072885426,0.02699133872515875,0.4299224888885162,
answer_A,answer_C,0.00938837596773956,0.007194500173983268,1.304937902662061,0.1919139935558758,-0.004712585260034799,0.023489337195513917,0.7676559742235032,
answer_A,answer_D,0.00021899277591153066,0.0071736483439564,0.03052739211785116,0.9756464478068316,-0.013841099615998416,0.014279085167821478,1.0,
answer_B,answer_C,-0.0035380404411955446,0.007185929030387714,-0.4923567191150859,0.6224671901611121,-0.017622202536216297,0.010546121653825206,1.0,
answer_B,answer_D,-0.012707423633023573,0.007167509770041715,-1.7729203085480576,0.07624191294833252,-0.0267554846411443,0.0013406373750971534,0.4299224888885162,
answer_C,answer_D,-0.009169383191828029,0.007183544183494837,-1.276442791692703,0.20179903763026308,-0.0232488710728301,0.004910104689174043,0.7676559742235032,
