area_i,area_j,diff_i_minus_j,se,t,p_unc,ci_low,ci_high,p_adj_holm,sig
answer_A,answer_B,0.005060682518072568,0.001415988404595549,3.5739575985567895,0.0003516258955673076,0.0022853962425389614,0.007835968793606174,0.0014065035822692304,★
answer_A,answer_C,0.008209181420030909,0.0014169132820225443,5.793707719581031,6.884923688777913e-09,0.005432082418050278,0.01098628042201154,4.130954213266748e-08,★
answer_A,answer_D,0.005981017983199166,0.0014149473713548212,4.227025050035821,2.3680131391861428e-05,0.003207772095324095,0.008754263871074237,0.00011840065695930714,★
answer_B,answer_C,0.003148498901958341,0.0014274070670808002,2.2057470322024937,0.027401716836382886,0.00035083245920202333,0.0059461653447146585,0.08220515050914866,
answer_B,answer_D,0.0009203354651265983,0.0014256866276967071,0.6455384004081334,0.5185783416483545,-0.0018739589783993123,0.003714629908652509,0.5185783416483545,
answer_C,answer_D,-0.0022281634368317427,0.001426454824162074,-1.5620287436306348,0.11828121764497718,-0.005023963517762823,0.0005676366440993379,0.23656243528995435,
