area_i,area_j,diff_i_minus_j,se,t,p_unc,ci_low,ci_high,p_adj_holm,sig
answer_A,answer_B,-0.001237953872033959,0.004898030254739368,-0.25274524812012056,0.800465079811405,-0.010837916766510667,0.00836200902244275,1.0,
answer_A,answer_C,-0.004623190537915267,0.00488696140782153,-0.9460255877028003,0.3441355354142521,-0.014201458891082624,0.00495507781525209,1.0,
answer_A,answer_D,0.006098038637131431,0.004900695771354562,1.2443209947402878,0.2133814471033969,-0.00350714857391125,0.015703225848174112,0.8535257884135876,
answer_B,answer_C,-0.0033852366658813082,0.004878737034897771,-0.6938756161003546,0.4877602165435788,-0.01294738554432267,0.006176912212560054,1.0,
answer_B,answer_D,0.00733599250916539,0.004892333027096943,1.499487559112158,0.13374719378454403,-0.0022528040243204386,0.01692478904265122,0.6687359689227201,
answer_C,answer_D,0.010721229175046698,0.004881502639637674,2.1962969123463334,0.028070698596342595,0.0011536598109196522,0.020288798539173744,0.16842419157805558,
