area,term,estimate,ci_low,ci_high
answer_A,C(area_label)[answer_A],0.38787309644881324,0.36351155891101133,0.41223463398661514
answer_B,C(area_label)[answer_B],0.40672977103842267,0.38236823350062077,0.4310913085762246
answer_C,C(area_label)[answer_C],0.3019460837268179,0.277584546189016,0.3263076212646198
answer_D,C(area_label)[answer_D],0.42566009755368156,0.40129856001587966,0.45002163509148346
