area,term,estimate,ci_low,ci_high
answer_A,C(area_label)[answer_A],0.34970429786133084,0.33756199271989107,0.3618466030027706
answer_B,C(area_label)[answer_B],0.48577470662943084,0.4736324014879911,0.4979170117708706
answer_C,C(area_label)[answer_C],0.5241517435004593,0.5120094383590196,0.5362940486418991
answer_D,C(area_label)[answer_D],0.5109232447518328,0.49878093961039305,0.5230655498932726
