area,term,estimate,ci_low,ci_high
answer_A,C(area_label)[answer_A],0.4277418493219977,0.40792816081822186,0.44755553782577356
answer_B,C(area_label)[answer_B],0.3024202960948469,0.28260660759107104,0.32223398459862274
answer_C,C(area_label)[answer_C],0.4712989731358814,0.4514852846321056,0.4911126616396573
answer_D,C(area_label)[answer_D],0.4566457785372408,0.43683209003346496,0.47645946704101666
