area_i,area_j,diff_i_minus_j,se,t,p_unc,ci_low,ci_high,p_adj_holm,sig
answer_A,answer_B,0.016451961566125828,0.020294610774746483,0.8106566688432261,0.4175628637233474,-0.023324744632635806,0.05622866776488746,0.8351257274466948,
answer_A,answer_C,-0.009935652582711396,0.020294610774746483,-0.4895709847796039,0.6244375125210145,-0.04971235878147303,0.029841053616050238,0.8351257274466948,
answer_A,answer_D,0.10855325982067476,0.020294610774746483,5.348871236089562,8.850447949402825e-08,0.06877655362191312,0.1483299660194364,4.425223974701412e-07,★
answer_B,answer_C,-0.026387614148837224,0.020294610774746483,-1.30022765362283,0.19352295535490927,-0.06616432034759887,0.01338909204992441,0.5805688660647278,
answer_B,answer_D,0.09210129825454894,0.020294610774746483,4.538214567246336,5.6732519677864696e-06,0.0523245920557873,0.13187800445331058,2.2693007871145878e-05,★
answer_C,answer_D,0.11848891240338616,0.020294610774746483,5.838442220869166,5.269114923674847e-09,0.07871220620462452,0.1582656186021478,3.1614689542049085e-08,★
