area_i,area_j,diff_i_minus_j,se,t,p_unc,ci_low,ci_high,p_adj_holm,sig
answer_A,answer_B,0.12532155322715083,0.009709497490100695,12.907110110994132,4.1041679325014427e-38,0.10629128783857142,0.14435181861573024,1.641667173000577e-37,★
answer_A,answer_C,-0.043557123813883714,0.009709497490100695,-4.4860327589859645,7.2561589766718355e-06,-0.06258738920246312,-0.0245268584253043,2.1768476930015506e-05,★
answer_A,answer_D,-0.028903929215243096,0.009709497490100694,-2.976871794313976,0.002912057566116605,-0.047934194603822505,-0.009873663826663687,0.00582411513223321,★
answer_B,answer_C,-0.16887867704103454,0.009709497490100695,-17.393142869980096,9.29922267122955e-68,-0.18790894242961395,-0.14984841165245513,5.57953360273773e-67,★
answer_B,answer_D,-0.15422548244239392,0.009709497490100694,-15.88398190530811,8.181554711254592e-57,-0.17325574783097333,-0.13519521705381451,4.090777355627296e-56,★
answer_C,answer_D,0.014653194598640618,0.009709497490100694,1.509160964671989,0.13125765303752768,-0.004377070789938792,0.03368345998722003,0.13125765303752768,
