area,term,estimate,ci_low,ci_high
answer_A,C(area_label)[answer_A],0.3808034859045984,0.3457693518038845,0.41583762000531227
answer_B,C(area_label)[answer_B],0.36435152433847257,0.3293173902377587,0.39938565843918644
answer_C,C(area_label)[answer_C],0.3907391384873098,0.3557050043865959,0.42577327258802367
answer_D,C(area_label)[answer_D],0.27225022608392363,0.23721609198320975,0.3072843601846375
