area,term,estimate,ci_low,ci_high
answer_A,C(area_label)[answer_A],106.49718289125272,101.78605764163372,111.20830814087172
answer_B,C(area_label)[answer_B],136.30317741426867,131.59205216464966,141.0143026638877
answer_C,C(area_label)[answer_C],96.10135742481526,91.39023217519626,100.81248267443426
answer_D,C(area_label)[answer_D],98.28247476594802,93.57134951632902,102.99360001556703
