area_i,area_j,diff_i_minus_j,se,t,p_unc,ci_low,ci_high,p_adj_holm,sig
answer_A,answer_B,-1.467281045193161,4.903819322658257,-0.29921188947837885,0.7647783781318922,-11.078590304294947,8.144028213908625,0.9833466301438172,
answer_A,answer_C,3.3721105670216076,4.903819322658257,0.6876498388594092,0.4916733150719086,-6.239198692080178,12.983419826123393,0.9833466301438172,
answer_A,answer_D,-25.230399276935643,4.903819322658257,-5.145050748578309,2.6744850109249625e-07,-34.84170853603743,-15.619090017833857,1.3372425054624813e-06,★
answer_B,answer_C,4.839391612214769,4.903819322658257,0.9868617283377881,0.3237104284629805,-4.771917646887017,14.450700871316554,0.9711312853889414,
answer_B,answer_D,-23.76311823174248,4.903819322658257,-4.84583885909993,1.2607781923175985e-06,-33.37442749084427,-14.151808972640696,5.043112769270394e-06,★
answer_C,answer_D,-28.60250984395725,4.903819322658257,-5.832700587437718,5.453738092024564e-09,-38.21381910305904,-18.991200584855463,3.2722428552147384e-08,★
