{
  "contingency_table": [
    [
      251180,
      23019
    ],
    [
      392333,
      94096
    ]
  ],
  "odds_ratio": 2.6170675114151405,
  "p_value": 0.0,
  "counts": {
    "\u22645": {
      "correct": 251180,
      "incorrect": 23019,
      "n": 274199
    },
    ">5": {
      "correct": 392333,
      "incorrect": 94096,
      "n": 486429
    }
  },
  "accuracies": {
    "\u22645": 0.9160500220642672,
    ">5": 0.80655758599919
  },
  "delta_accuracy": -0.10949243606507719
}