group,n,k_correct,accuracy,ci_low,ci_high
≤ 3,714,656,0.9187675070028011,0.8964159263607618,0.9366369365549565
> 3,18722,15683,0.8376775985471637,0.832326299339403,0.842890348867212
