group,n,k_correct,accuracy,ci_low,ci_high
> 3,18742,15701,0.8377441041511045,0.8323965559080675,0.8429532240666016
≤ 3,694,638,0.9193083573487032,0.8966607071706735,0.9373394441530652
