group,n,k_correct,accuracy,ci_low,ci_high
> 2,18978,15922,0.8389714406154495,0.8336734692692781,0.8441322079206527
≤ 2,458,417,0.9104803493449781,0.8808052759089675,0.9333266688963509
