group,n,k_correct,accuracy,ci_low,ci_high
≤ 7,13246,11808,0.891438924958478,0.8860271730767425,0.8966236927268153
> 7,6190,4531,0.7319870759289177,0.7208114882923568,0.7428748933548589
