{
  "contingency_table": [
    [
      383375,
      39904
    ],
    [
      260138,
      77211
    ]
  ],
  "odds_ratio": 2.8515614670582625,
  "p_value": 0.0,
  "counts": {
    "\u22646": {
      "correct": 383375,
      "incorrect": 39904,
      "n": 423279
    },
    ">6": {
      "correct": 260138,
      "incorrect": 77211,
      "n": 337349
    }
  },
  "accuracies": {
    "\u22646": 0.9057264830052991,
    ">6": 0.7711242659678849
  },
  "delta_accuracy": -0.13460221703741426
}