group,n,k_correct,accuracy,ci_low,ci_high
> 7,4983,3533,0.709010636162954,0.6962416998730611,0.7214575508911901
≤ 7,14453,12806,0.886044419843631,0.8807609981700569,0.8911226752320228
