{
  "contingency_table": [
    [
      22273,
      2136
    ],
    [
      621240,
      114979
    ]
  ],
  "odds_ratio": 1.9299079042289953,
  "p_value": 1.8505867159863302e-215,
  "counts": {
    "\u22643": {
      "correct": 22273,
      "incorrect": 2136,
      "n": 24409
    },
    ">3": {
      "correct": 621240,
      "incorrect": 114979,
      "n": 736219
    }
  },
  "accuracies": {
    "\u22643": 0.9124912941947643,
    ">3": 0.8438250031580277
  },
  "delta_accuracy": -0.0686662910367366
}