{
  "contingency_table": [
    [
      9126,
      986
    ],
    [
      634387,
      116129
    ]
  ],
  "odds_ratio": 1.6942986353717304,
  "p_value": 4.650527173924364e-63,
  "counts": {
    "\u22642": {
      "correct": 9126,
      "incorrect": 986,
      "n": 10112
    },
    ">2": {
      "correct": 634387,
      "incorrect": 116129,
      "n": 750516
    }
  },
  "accuracies": {
    "\u22642": 0.9024920886075949,
    ">2": 0.8452677890944363
  },
  "delta_accuracy": -0.05722429951315855
}