{
  "contingency_table": [
    [
      21531,
      1982
    ],
    [
      621982,
      115133
    ]
  ],
  "odds_ratio": 2.0108633347720573,
  "p_value": 1.18934651495667e-229,
  "counts": {
    "\u22643": {
      "correct": 21531,
      "incorrect": 1982,
      "n": 23513
    },
    ">3": {
      "correct": 621982,
      "incorrect": 115133,
      "n": 737115
    }
  },
  "accuracies": {
    "\u22643": 0.9157062050780419,
    ">3": 0.8438059190221336
  },
  "delta_accuracy": -0.07190028605590826
}