{
  "contingency_table": [
    [
      123661,
      9671
    ],
    [
      519852,
      107444
    ]
  ],
  "odds_ratio": 2.6427970897562387,
  "p_value": 0.0,
  "counts": {
    "\u22644": {
      "correct": 123661,
      "incorrect": 9671,
      "n": 133332
    },
    ">4": {
      "correct": 519852,
      "incorrect": 107444,
      "n": 627296
    }
  },
  "accuracies": {
    "\u22644": 0.9274667746677466,
    ">4": 0.8287188185481814
  },
  "delta_accuracy": -0.09874795611956522
}