group,n,k_correct,accuracy,ci_low,ci_high
≤ 6,10928,9871,0.9032759882869692,0.8975914769145308,0.9086770661642491
> 6,8508,6468,0.7602256699576869,0.7510372624376005,0.7691791851993011
