group,n,k_correct,accuracy,ci_low,ci_high
> 4,14319,11634,0.8124869055101613,0.8060101200533016,0.8187960636581764
≤ 4,5117,4705,0.919484072698847,0.9117103004450058,0.9266284601212262
