{
  "contingency_table": [
    [
      460493,
      52849
    ],
    [
      183020,
      64266
    ]
  ],
  "odds_ratio": 3.059630471037313,
  "p_value": 0.0,
  "counts": {
    "\u22647": {
      "correct": 460493,
      "incorrect": 52849,
      "n": 513342
    },
    ">7": {
      "correct": 183020,
      "incorrect": 64266,
      "n": 247286
    }
  },
  "accuracies": {
    "\u22647": 0.8970491407287929,
    ">7": 0.7401146850205834
  },
  "delta_accuracy": -0.15693445570820952
}