group,n,k_correct,accuracy,ci_low,ci_high
≤ 2,299,265,0.8862876254180602,0.845298062177449,0.9174769330675902
> 2,19137,16074,0.8399435648220724,0.8346804680932856,0.8450702070285441
