group,n,k_correct,accuracy,ci_low,ci_high
> 5,9525,7349,0.7715485564304462,0.7630086212265228,0.7798695393255426
≤ 5,9911,8990,0.90707294924831,0.9011981918698905,0.9126322580285727
