{
  "contingency_table": [
    [
      438675,
      48622
    ],
    [
      204838,
      68493
    ]
  ],
  "odds_ratio": 3.0167945006644823,
  "p_value": 0.0,
  "counts": {
    "\u22646": {
      "correct": 438675,
      "incorrect": 48622,
      "n": 487297
    },
    ">6": {
      "correct": 204838,
      "incorrect": 68493,
      "n": 273331
    }
  },
  "accuracies": {
    "\u22646": 0.9002210151098816,
    ">6": 0.749413714507319
  },
  "delta_accuracy": -0.15080730060256264
}