group,n,k_correct,accuracy,ci_low,ci_high
> 4,16846,13961,0.8287427282440936,0.8229788528099348,0.834356703389003
≤ 4,2590,2378,0.9181467181467181,0.9069591175001652,0.9280957293339667
