{
  "contingency_table": [
    [
      467194,
      54566
    ],
    [
      176319,
      62549
    ]
  ],
  "odds_ratio": 3.037360877389333,
  "p_value": 0.0,
  "counts": {
    "\u22647": {
      "correct": 467194,
      "incorrect": 54566,
      "n": 521760
    },
    ">7": {
      "correct": 176319,
      "incorrect": 62549,
      "n": 238868
    }
  },
  "accuracies": {
    "\u22647": 0.8954193498926709,
    ">7": 0.7381440795753303
  },
  "delta_accuracy": -0.15727527031734057
}