{
  "contingency_table": [
    [
      354392,
      34735
    ],
    [
      289121,
      82380
    ]
  ],
  "odds_ratio": 2.9070918707612865,
  "p_value": 0.0,
  "counts": {
    "\u22645": {
      "correct": 354392,
      "incorrect": 34735,
      "n": 389127
    },
    ">5": {
      "correct": 289121,
      "incorrect": 82380,
      "n": 371501
    }
  },
  "accuracies": {
    "\u22645": 0.9107360835922462,
    ">5": 0.7782509333756841
  },
  "delta_accuracy": -0.13248515021656215
}