{
  "contingency_table": [
    [
      34294,
      3619
    ],
    [
      609219,
      113496
    ]
  ],
  "odds_ratio": 1.7653737991907967,
  "p_value": 4.090070835146461e-258,
  "counts": {
    "\u22643": {
      "correct": 34294,
      "incorrect": 3619,
      "n": 37913
    },
    ">3": {
      "correct": 609219,
      "incorrect": 113496,
      "n": 722715
    }
  },
  "accuracies": {
    "\u22643": 0.9045446153034579,
    ">3": 0.8429588426973288
  },
  "delta_accuracy": -0.061585772606129074
}