{
  "contingency_table": [
    [
      13640,
      1443
    ],
    [
      629873,
      115672
    ]
  ],
  "odds_ratio": 1.735894357803854,
  "p_value": 2.894349854479061e-100,
  "counts": {
    "\u22642": {
      "correct": 13640,
      "incorrect": 1443,
      "n": 15083
    },
    ">2": {
      "correct": 629873,
      "incorrect": 115672,
      "n": 745545
    }
  },
  "accuracies": {
    "\u22642": 0.9043293774448055,
    ">2": 0.844849070143318
  },
  "delta_accuracy": -0.059480307301487456
}