group,n,k_correct,accuracy,ci_low,ci_high
> 4,16054,13203,0.8224118599725925,0.8164231811015071,0.8282462743500899
≤ 4,3382,3136,0.9272619751626257,0.9180158603102708,0.935538541053337
