{
  "contingency_table": [
    [
      506071,
      62391
    ],
    [
      137442,
      54724
    ]
  ],
  "odds_ratio": 3.229593576372322,
  "p_value": 0.0,
  "counts": {
    "\u22647": {
      "correct": 506071,
      "incorrect": 62391,
      "n": 568462
    },
    ">7": {
      "correct": 137442,
      "incorrect": 54724,
      "n": 192166
    }
  },
  "accuracies": {
    "\u22647": 0.8902459619112624,
    ">7": 0.7152253780585536
  },
  "delta_accuracy": -0.1750205838527088
}