{
  "contingency_table": [
    [
      286613,
      26607
    ],
    [
      356900,
      90508
    ]
  ],
  "odds_ratio": 2.731746501485783,
  "p_value": 0.0,
  "counts": {
    "\u22645": {
      "correct": 286613,
      "incorrect": 26607,
      "n": 313220
    },
    ">5": {
      "correct": 356900,
      "incorrect": 90508,
      "n": 447408
    }
  },
  "accuracies": {
    "\u22645": 0.9150533171572697,
    ">5": 0.797705897078282
  },
  "delta_accuracy": -0.11734742007898769
}