group,n,k_correct,accuracy,ci_low,ci_high
> 2,19153,16080,0.8395551610713726,0.8342892768761708,0.8446848604889364
≤ 2,283,259,0.9151943462897526,0.8769170698217525,0.9423504283375101
