group,n,k_correct,accuracy,ci_low,ci_high
≤ 5,7032,6425,0.9136803185437997,0.9068883516607371,0.9200205429340473
> 5,12404,9914,0.7992583037729765,0.7921169693539845,0.8062143310713852
