group,n,k_correct,accuracy,ci_low,ci_high
> 6,7037,5226,0.7426460139263891,0.7323010143676374,0.7527262301026827
≤ 6,12399,11113,0.8962819582224373,0.8907918825947627,0.9015265486911774
