{
  "contingency_table": [
    [
      8661,
      1140
    ],
    [
      634852,
      115975
    ]
  ],
  "odds_ratio": 1.3878900950640132,
  "p_value": 5.1133589186050896e-27,
  "counts": {
    "\u22642": {
      "correct": 8661,
      "incorrect": 1140,
      "n": 9801
    },
    ">2": {
      "correct": 634852,
      "incorrect": 115975,
      "n": 750827
    }
  },
  "accuracies": {
    "\u22642": 0.8836853382307928,
    ">2": 0.8455369878813628
  },
  "delta_accuracy": -0.03814835034942998
}