{
  "contingency_table": [
    [
      88106,
      7739
    ],
    [
      555407,
      109376
    ]
  ],
  "odds_ratio": 2.2419778923803464,
  "p_value": 0.0,
  "counts": {
    "\u22644": {
      "correct": 88106,
      "incorrect": 7739,
      "n": 95845
    },
    ">4": {
      "correct": 555407,
      "incorrect": 109376,
      "n": 664783
    }
  },
  "accuracies": {
    "\u22644": 0.9192550472116437,
    ">4": 0.8354711236599011
  },
  "delta_accuracy": -0.08378392355174269
}