{
  "contingency_table": [
    [
      389514,
      39963
    ],
    [
      253999,
      77152
    ]
  ],
  "odds_ratio": 2.960602971387958,
  "p_value": 0.0,
  "counts": {
    "\u22646": {
      "correct": 389514,
      "incorrect": 39963,
      "n": 429477
    },
    ">6": {
      "correct": 253999,
      "incorrect": 77152,
      "n": 331151
    }
  },
  "accuracies": {
    "\u22646": 0.9069496154625277,
    ">6": 0.7670186712406123
  },
  "delta_accuracy": -0.13993094422191543
}