group,n,k_correct,accuracy,ci_low,ci_high
> 6,8749,6688,0.7644302205966396,0.7554232315921104,0.773205094093573
≤ 6,10687,9651,0.9030597922709834,0.8973044128500857,0.9085255042258534
