group,n,k_correct,accuracy,ci_low,ci_high
> 5,11550,9140,0.7913419913419913,0.7838349268475284,0.798655316051422
≤ 5,7886,7199,0.9128835911742328,0.9064565990117361,0.9189085135147308
