{
  "contingency_table": [
    [
      181072,
      15474
    ],
    [
      462441,
      101641
    ]
  ],
  "odds_ratio": 2.571942787842099,
  "p_value": 0.0,
  "counts": {
    "\u22644": {
      "correct": 181072,
      "incorrect": 15474,
      "n": 196546
    },
    ">4": {
      "correct": 462441,
      "incorrect": 101641,
      "n": 564082
    }
  },
  "accuracies": {
    "\u22644": 0.9212703387502162,
    ">4": 0.8198116585886449
  },
  "delta_accuracy": -0.10145868016157134
}