group,n,k_correct,accuracy,ci_low,ci_high
> 2,9601,7790,0.8113738152275805,0.8034244006016001,0.8190741526280544
≤ 2,116,100,0.8620689655172413,0.7876428823074824,0.9132823389846232
