group,n,k_correct,accuracy,ci_low,ci_high
≤ 2,127,107,0.84251968503937,0.7692434526599883,0.8956826870387007
> 2,9590,7783,0.8115745568300313,0.8036236304813891,0.8192759596056518
