{
  "contingency_table": [
    [
      41788,
      4171
    ],
    [
      270418,
      63901
    ]
  ],
  "odds_ratio": 2.3674643845332257,
  "p_value": 0.0,
  "counts": {
    "\u22644": {
      "correct": 41788,
      "incorrect": 4171,
      "n": 45959
    },
    ">4": {
      "correct": 270418,
      "incorrect": 63901,
      "n": 334319
    }
  },
  "accuracies": {
    "\u22644": 0.9092451968058487,
    ">4": 0.8088621944908905
  },
  "delta_accuracy": -0.10038300231495823
}