group,n,k_correct,accuracy,ci_low,ci_high
≤ 4,1207,1094,0.9063794531897266,0.8886316669761064,0.9215486241536334
> 4,8510,6796,0.7985898942420682,0.7899349584485488,0.8069753716661202
