group,n,k_correct,accuracy,ci_low,ci_high
> 7,3497,2443,0.6985987989705462,0.683178864095986,0.7135828745670828
≤ 7,6220,5447,0.8757234726688103,0.8672922261468705,0.8836908965598513
