group,n,k_correct,accuracy,ci_low,ci_high
> 3,9244,7466,0.8076590220683687,0.7994970535318284,0.8155653843888211
≤ 3,473,424,0.8964059196617337,0.8656745451976359,0.9207501291596351
