{
  "contingency_table": [
    [
      181077,
      22010
    ],
    [
      131129,
      46062
    ]
  ],
  "odds_ratio": 2.8899297769866923,
  "p_value": 0.0,
  "counts": {
    "\u22646": {
      "correct": 181077,
      "incorrect": 22010,
      "n": 203087
    },
    ">6": {
      "correct": 131129,
      "incorrect": 46062,
      "n": 177191
    }
  },
  "accuracies": {
    "\u22646": 0.8916228020503528,
    ">6": 0.7400432301866348
  },
  "delta_accuracy": -0.15157957186371807
}