{
  "contingency_table": [
    [
      134733,
      14794
    ],
    [
      177473,
      53278
    ]
  ],
  "odds_ratio": 2.7340344872464537,
  "p_value": 0.0,
  "counts": {
    "\u22645": {
      "correct": 134733,
      "incorrect": 14794,
      "n": 149527
    },
    ">5": {
      "correct": 177473,
      "incorrect": 53278,
      "n": 230751
    }
  },
  "accuracies": {
    "\u22645": 0.9010613467801801,
    ">5": 0.7691104263903515
  },
  "delta_accuracy": -0.13195092038982859
}