{
  "contingency_table": [
    [
      82999,
      8164
    ],
    [
      229207,
      59908
    ]
  ],
  "odds_ratio": 2.6572156895326513,
  "p_value": 0.0,
  "counts": {
    "\u22644": {
      "correct": 82999,
      "incorrect": 8164,
      "n": 91163
    },
    ">4": {
      "correct": 229207,
      "incorrect": 59908,
      "n": 289115
    }
  },
  "accuracies": {
    "\u22644": 0.9104461239757358,
    ">4": 0.7927883368209881
  },
  "delta_accuracy": -0.11765778715474762
}