{
  "contingency_table": [
    [
      167985,
      19486
    ],
    [
      144221,
      48586
    ]
  ],
  "odds_ratio": 2.904226265219652,
  "p_value": 0.0,
  "counts": {
    "\u22645": {
      "correct": 167985,
      "incorrect": 19486,
      "n": 187471
    },
    ">5": {
      "correct": 144221,
      "incorrect": 48586,
      "n": 192807
    }
  },
  "accuracies": {
    "\u22645": 0.8960585903953144,
    ">5": 0.7480070744319449
  },
  "delta_accuracy": -0.14805151596336952
}