group,n,k_correct,accuracy,ci_low,ci_high
> 4,7383,5778,0.782608695652174,0.773054246519073,0.7918691978932183
≤ 4,2334,2112,0.9048843187660668,0.8923079626549588,0.9161300427257306
