group,n,k_correct,accuracy,ci_low,ci_high
> 6,4468,3239,0.7249328558639212,0.7116499617389797,0.7378292863631891
≤ 6,5249,4651,0.886073537816727,0.8771943156173573,0.8943880599105857
