{
  "contingency_table": [
    [
      185810,
      22355
    ],
    [
      126396,
      45717
    ]
  ],
  "odds_ratio": 3.006344896846016,
  "p_value": 0.0,
  "counts": {
    "\u22646": {
      "correct": 185810,
      "incorrect": 22355,
      "n": 208165
    },
    ">6": {
      "correct": 126396,
      "incorrect": 45717,
      "n": 172113
    }
  },
  "accuracies": {
    "\u22646": 0.8926092282564312,
    ">6": 0.7343779958515626
  },
  "delta_accuracy": -0.15823123240486858
}