group,n,k_correct,accuracy,ci_low,ci_high
≤ 7,6424,5608,0.8729763387297634,0.864609579029184,0.8808972797583755
> 7,3293,2282,0.6929851199514121,0.6770134222028787,0.7085070711080526
