{
  "contingency_table": [
    [
      9436,
      1098
    ],
    [
      302770,
      66974
    ]
  ],
  "odds_ratio": 1.9009863089880545,
  "p_value": 7.679422687697466e-104,
  "counts": {
    "\u22643": {
      "correct": 9436,
      "incorrect": 1098,
      "n": 10534
    },
    ">3": {
      "correct": 302770,
      "incorrect": 66974,
      "n": 369744
    }
  },
  "accuracies": {
    "\u22643": 0.8957660907537498,
    ">3": 0.8188638625643688
  },
  "delta_accuracy": -0.07690222818938097
}