group,n,k_correct,accuracy,ci_low,ci_high
> 3,9456,7655,0.8095389170896785,0.8014993080851909,0.8173271213129505
≤ 3,261,235,0.9003831417624522,0.8580411690700346,0.931109780025576
