{
  "contingency_table": [
    [
      3752,
      683
    ],
    [
      308454,
      67389
    ]
  ],
  "odds_ratio": 1.2001643752267543,
  "p_value": 9.22499736730251e-06,
  "counts": {
    "\u22642": {
      "correct": 3752,
      "incorrect": 683,
      "n": 4435
    },
    ">2": {
      "correct": 308454,
      "incorrect": 67389,
      "n": 375843
    }
  },
  "accuracies": {
    "\u22642": 0.8459977452085682,
    ">2": 0.8206990684940254
  },
  "delta_accuracy": -0.025298676714542778
}