group,n,k_correct,accuracy,ci_low,ci_high
> 7,2723,1835,0.6738890929122292,0.6560468551660156,0.6912413774911362
≤ 7,6994,6055,0.865742064626823,0.8575507567828826,0.8735318101617593
