{
  "contingency_table": [
    [
      14189,
      1712
    ],
    [
      298017,
      66360
    ]
  ],
  "odds_ratio": 1.8454971003190905,
  "p_value": 8.504162932426926e-143,
  "counts": {
    "\u22643": {
      "correct": 14189,
      "incorrect": 1712,
      "n": 15901
    },
    ">3": {
      "correct": 298017,
      "incorrect": 66360,
      "n": 364377
    }
  },
  "accuracies": {
    "\u22643": 0.8923338154833029,
    ">3": 0.8178809310137577
  },
  "delta_accuracy": -0.07445288446954523
}