{
  "contingency_table": [
    [
      8559,
      997
    ],
    [
      303647,
      67075
    ]
  ],
  "odds_ratio": 1.8963546228895052,
  "p_value": 6.814342599696381e-94,
  "counts": {
    "\u22643": {
      "correct": 8559,
      "incorrect": 997,
      "n": 9556
    },
    ">3": {
      "correct": 303647,
      "incorrect": 67075,
      "n": 370722
    }
  },
  "accuracies": {
    "\u22643": 0.8956676433654248,
    ">3": 0.8190692756297171
  },
  "delta_accuracy": -0.07659836773570772
}