{
  "contingency_table": [
    [
      55531,
      4779
    ],
    [
      256675,
      63293
    ]
  ],
  "odds_ratio": 2.8653031300110445,
  "p_value": 0.0,
  "counts": {
    "\u22644": {
      "correct": 55531,
      "incorrect": 4779,
      "n": 60310
    },
    ">4": {
      "correct": 256675,
      "incorrect": 63293,
      "n": 319968
    }
  },
  "accuracies": {
    "\u22644": 0.920759409716465,
    ">4": 0.8021895939593959
  },
  "delta_accuracy": -0.11856981575706904
}