{
  "contingency_table": [
    [
      208671,
      26923
    ],
    [
      103535,
      41149
    ]
  ],
  "odds_ratio": 3.0804257403329176,
  "p_value": 0.0,
  "counts": {
    "\u22646": {
      "correct": 208671,
      "incorrect": 26923,
      "n": 235594
    },
    ">6": {
      "correct": 103535,
      "incorrect": 41149,
      "n": 144684
    }
  },
  "accuracies": {
    "\u22646": 0.8857228961688328,
    ">6": 0.7155939841309337
  },
  "delta_accuracy": -0.17012891203789915
}