group,n,k_correct,accuracy,ci_low,ci_high
> 2,9534,7731,0.8108873505349277,0.8029020580538754,0.8186222079813249
≤ 2,183,159,0.8688524590163934,0.8122750460159127,0.9102621191550129
