group,n,k_correct,accuracy,ci_low,ci_high
≤ 3,307,275,0.8957654723127035,0.8565544758711058,0.9251941703847363
> 3,9410,7615,0.8092454835281615,0.801181396664627,0.8170571766294042
