group,n,k_correct,accuracy,ci_low,ci_high
> 5,6368,4884,0.7669597989949749,0.7564169323614416,0.7771807641035806
≤ 5,3349,3006,0.8975813675724097,0.8868526857632871,0.9073989722929717
