{
  "contingency_table": [
    [
      241481,
      34962
    ],
    [
      70725,
      33110
    ]
  ],
  "odds_ratio": 3.2335004207668865,
  "p_value": 0.0,
  "counts": {
    "\u22647": {
      "correct": 241481,
      "incorrect": 34962,
      "n": 276443
    },
    ">7": {
      "correct": 70725,
      "incorrect": 33110,
      "n": 103835
    }
  },
  "accuracies": {
    "\u22647": 0.87352908194456,
    ">7": 0.6811287138248182
  },
  "delta_accuracy": -0.19240036811974182
}