{
  "contingency_table": [
    [
      224227,
      30535
    ],
    [
      87979,
      37537
    ]
  ],
  "odds_ratio": 3.1330730514529335,
  "p_value": 0.0,
  "counts": {
    "\u22647": {
      "correct": 224227,
      "incorrect": 30535,
      "n": 254762
    },
    ">7": {
      "correct": 87979,
      "incorrect": 37537,
      "n": 125516
    }
  },
  "accuracies": {
    "\u22647": 0.8801430354605475,
    ">7": 0.7009385257656394
  },
  "delta_accuracy": -0.1792045096949081
}