group,n,k_correct,accuracy,ci_low,ci_high
> 5,6003,4558,0.7592870231550891,0.7483084335353484,0.769933965265379
≤ 5,3714,3332,0.8971459343026387,0.8869623838936542,0.906508752692692
