group,n,k_correct,accuracy,ci_low,ci_high
> 6,3770,2665,0.7068965517241379,0.6921615372008751,0.7212103435903059
≤ 6,5947,5225,0.8785942492012779,0.8700481085068261,0.886651582508307
