{
  "contingency_table": [
    [
      5455,
      854
    ],
    [
      306751,
      67218
    ]
  ],
  "odds_ratio": 1.3997049014351721,
  "p_value": 4.4585332851974295e-21,
  "counts": {
    "\u22642": {
      "correct": 5455,
      "incorrect": 854,
      "n": 6309
    },
    ">2": {
      "correct": 306751,
      "incorrect": 67218,
      "n": 373969
    }
  },
  "accuracies": {
    "\u22642": 0.8646378189887463,
    ">2": 0.8202578288574721
  },
  "delta_accuracy": -0.04437999013127414
}