group,n,k_correct,accuracy,ci_low,ci_high
> 5,4991,3686,0.7385293528351032,0.7261576912705869,0.7505341021188172
≤ 5,4726,4204,0.8895471857807872,0.8802920212341128,0.8981695661475873
