{
  "contingency_table": [
    [
      3735,
      641
    ],
    [
      308471,
      67431
    ]
  ],
  "odds_ratio": 1.2737313425483714,
  "p_value": 7.684875207270417e-09,
  "counts": {
    "\u22642": {
      "correct": 3735,
      "incorrect": 641,
      "n": 4376
    },
    ">2": {
      "correct": 308471,
      "incorrect": 67431,
      "n": 375902
    }
  },
  "accuracies": {
    "\u22642": 0.8535191956124314,
    ">2": 0.8206154795664827
  },
  "delta_accuracy": -0.03290371604594866
}