{
  "contingency_table": [
    [
      218066,
      29226
    ],
    [
      94140,
      38846
    ]
  ],
  "odds_ratio": 3.0788653019447674,
  "p_value": 0.0,
  "counts": {
    "\u22647": {
      "correct": 218066,
      "incorrect": 29226,
      "n": 247292
    },
    ">7": {
      "correct": 94140,
      "incorrect": 38846,
      "n": 132986
    }
  },
  "accuracies": {
    "\u22647": 0.881815829060382,
    ">7": 0.7078940640368159
  },
  "delta_accuracy": -0.17392176502356615
}