{
  "contingency_table": [
    [
      119563,
      12830
    ],
    [
      192643,
      55242
    ]
  ],
  "odds_ratio": 2.67230674516412,
  "p_value": 0.0,
  "counts": {
    "\u22645": {
      "correct": 119563,
      "incorrect": 12830,
      "n": 132393
    },
    ">5": {
      "correct": 192643,
      "incorrect": 55242,
      "n": 247885
    }
  },
  "accuracies": {
    "\u22645": 0.9030915531787934,
    ">5": 0.7771466607499445
  },
  "delta_accuracy": -0.12594489242884888
}