{
  "contingency_table": [
    [
      264590,
      27429
    ],
    [
      66717,
      21614
    ]
  ],
  "odds_ratio": 3.1250868352788044,
  "p_value": 0.0,
  "counts": {
    "\u22647": {
      "correct": 264590,
      "incorrect": 27429,
      "n": 292019
    },
    ">7": {
      "correct": 66717,
      "incorrect": 21614,
      "n": 88331
    }
  },
  "accuracies": {
    "\u22647": 0.906071180299912,
    ">7": 0.755306743951727
  },
  "delta_accuracy": -0.15076443634818493
}