{
  "contingency_table": [
    [
      202298,
      17894
    ],
    [
      129009,
      31149
    ]
  ],
  "odds_ratio": 2.7296581165220886,
  "p_value": 0.0,
  "counts": {
    "\u22646": {
      "correct": 202298,
      "incorrect": 17894,
      "n": 220192
    },
    ">6": {
      "correct": 129009,
      "incorrect": 31149,
      "n": 160158
    }
  },
  "accuracies": {
    "\u22646": 0.918734558930388,
    ">6": 0.8055108080770239
  },
  "delta_accuracy": -0.11322375085336411
}