{
  "contingency_table": [
    [
      98073,
      7310
    ],
    [
      233234,
      41733
    ]
  ],
  "odds_ratio": 2.400600145856113,
  "p_value": 0.0,
  "counts": {
    "\u22644": {
      "correct": 98073,
      "incorrect": 7310,
      "n": 105383
    },
    ">4": {
      "correct": 233234,
      "incorrect": 41733,
      "n": 274967
    }
  },
  "accuracies": {
    "\u22644": 0.9306339732214873,
    ">4": 0.8482254234144461
  },
  "delta_accuracy": -0.08240854980704126
}