group,n,k_correct,accuracy,ci_low,ci_high
> 4,8336,7165,0.8595249520153551,0.8518997857777442,0.8668189006778835
≤ 4,1383,1284,0.928416485900217,0.9136098099013528,0.9408497044368385
