{
  "contingency_table": [
    [
      242967,
      24031
    ],
    [
      88340,
      25012
    ]
  ],
  "odds_ratio": 2.8626382700324435,
  "p_value": 0.0,
  "counts": {
    "\u22647": {
      "correct": 242967,
      "incorrect": 24031,
      "n": 266998
    },
    ">7": {
      "correct": 88340,
      "incorrect": 25012,
      "n": 113352
    }
  },
  "accuracies": {
    "\u22647": 0.9099955804912396,
    ">7": 0.7793422259863081
  },
  "delta_accuracy": -0.13065335450493154
}