group,n,k_correct,accuracy,ci_low,ci_high
> 2,9444,8191,0.8673231681490894,0.8603318383702386,0.8740157823604052
≤ 2,275,258,0.9381818181818182,0.903240600861924,0.9610493759564562
