{
  "contingency_table": [
    [
      242427,
      23623
    ],
    [
      88880,
      25420
    ]
  ],
  "odds_ratio": 2.9350630666927335,
  "p_value": 0.0,
  "counts": {
    "\u22647": {
      "correct": 242427,
      "incorrect": 23623,
      "n": 266050
    },
    ">7": {
      "correct": 88880,
      "incorrect": 25420,
      "n": 114300
    }
  },
  "accuracies": {
    "\u22647": 0.9112084194700244,
    ">7": 0.7776027996500438
  },
  "delta_accuracy": -0.13360561981998065
}