{
  "contingency_table": [
    [
      13714,
      1139
    ],
    [
      317593,
      47904
    ]
  ],
  "odds_ratio": 1.816106354661624,
  "p_value": 3.7013756975987055e-95,
  "counts": {
    "\u22643": {
      "correct": 13714,
      "incorrect": 1139,
      "n": 14853
    },
    ">3": {
      "correct": 317593,
      "incorrect": 47904,
      "n": 365497
    }
  },
  "accuracies": {
    "\u22643": 0.9233151551875042,
    ">3": 0.8689346287384028
  },
  "delta_accuracy": -0.05438052644910141
}