{
  "contingency_table": [
    [
      12095,
      884
    ],
    [
      319212,
      48159
    ]
  ],
  "odds_ratio": 2.0642004047240086,
  "p_value": 7.1632505845136355e-115,
  "counts": {
    "\u22643": {
      "correct": 12095,
      "incorrect": 884,
      "n": 12979
    },
    ">3": {
      "correct": 319212,
      "incorrect": 48159,
      "n": 367371
    }
  },
  "accuracies": {
    "\u22643": 0.9318899761152631,
    ">3": 0.8689090864548372
  },
  "delta_accuracy": -0.06298088966042592
}