{
  "contingency_table": [
    [
      68130,
      4892
    ],
    [
      263177,
      44151
    ]
  ],
  "odds_ratio": 2.3363857737321565,
  "p_value": 0.0,
  "counts": {
    "\u22644": {
      "correct": 68130,
      "incorrect": 4892,
      "n": 73022
    },
    ">4": {
      "correct": 263177,
      "incorrect": 44151,
      "n": 307328
    }
  },
  "accuracies": {
    "\u22644": 0.9330064911944346,
    ">4": 0.8563391555601833
  },
  "delta_accuracy": -0.07666733563425132
}