group,n,k_correct,accuracy,ci_low,ci_high
> 3,9031,7819,0.8657955929575906,0.8586094445632303,0.8726706699658392
≤ 3,688,630,0.9156976744186046,0.8925574188665777,0.9342214276208263
