{
  "contingency_table": [
    [
      8185,
      589
    ],
    [
      323122,
      48454
    ]
  ],
  "odds_ratio": 2.0838501983865414,
  "p_value": 3.71042719695479e-80,
  "counts": {
    "\u22642": {
      "correct": 8185,
      "incorrect": 589,
      "n": 8774
    },
    ">2": {
      "correct": 323122,
      "incorrect": 48454,
      "n": 371576
    }
  },
  "accuracies": {
    "\u22642": 0.9328698427171188,
    ">2": 0.8695986823691519
  },
  "delta_accuracy": -0.06327116034796687
}