group,n,k_correct,accuracy,ci_low,ci_high
> 6,3267,2561,0.7838996020814203,0.7694568569953835,0.797675467602665
≤ 6,6452,5888,0.9125852448853069,0.9054455262621526,0.9192339392315487
