group,n,k_correct,accuracy,ci_low,ci_high
> 7,2897,2249,0.7763203313772868,0.7607854947327516,0.7911233030451071
≤ 7,6822,6200,0.9088243916739959,0.901761426503221,0.915427182151278
