{
  "contingency_table": [
    [
      131617,
      10189
    ],
    [
      199690,
      38854
    ]
  ],
  "odds_ratio": 2.5133897761375064,
  "p_value": 0.0,
  "counts": {
    "\u22645": {
      "correct": 131617,
      "incorrect": 10189,
      "n": 141806
    },
    ">5": {
      "correct": 199690,
      "incorrect": 38854,
      "n": 238544
    }
  },
  "accuracies": {
    "\u22645": 0.9281483153040069,
    ">5": 0.8371201958548528
  },
  "delta_accuracy": -0.09102811944915412
}