group,n,k_correct,accuracy,ci_low,ci_high
> 7,2260,1698,0.7513274336283186,0.7330900344373587,0.7687118584159222
≤ 7,7459,6751,0.9050811100683738,0.8982192839915304,0.9115258940382431
