{
  "contingency_table": [
    [
      5391,
      345
    ],
    [
      325916,
      48698
    ]
  ],
  "odds_ratio": 2.334832234712919,
  "p_value": 2.2715696832519887e-66,
  "counts": {
    "\u22642": {
      "correct": 5391,
      "incorrect": 345,
      "n": 5736
    },
    ">2": {
      "correct": 325916,
      "incorrect": 48698,
      "n": 374614
    }
  },
  "accuracies": {
    "\u22642": 0.9398535564853556,
    ">2": 0.8700048583341786
  },
  "delta_accuracy": -0.069848698151177
}