{
  "contingency_table": [
    [
      46318,
      3568
    ],
    [
      284989,
      45475
    ]
  ],
  "odds_ratio": 2.0714266672113077,
  "p_value": 0.0,
  "counts": {
    "\u22644": {
      "correct": 46318,
      "incorrect": 3568,
      "n": 49886
    },
    ">4": {
      "correct": 284989,
      "incorrect": 45475,
      "n": 330464
    }
  },
  "accuracies": {
    "\u22644": 0.9284769273944594,
    ">4": 0.8623904570543236
  },
  "delta_accuracy": -0.06608647034013582
}