group,n,k_correct,accuracy,ci_low,ci_high
≤ 3,407,381,0.9361179361179361,0.9080440717920735,0.9560359045297011
> 3,9312,8068,0.8664089347079038,0.8593475037084932,0.8731681715258302
