{
  "contingency_table": [
    [
      230004,
      21699
    ],
    [
      101303,
      27344
    ]
  ],
  "odds_ratio": 2.8611156154182833,
  "p_value": 0.0,
  "counts": {
    "\u22646": {
      "correct": 230004,
      "incorrect": 21699,
      "n": 251703
    },
    ">6": {
      "correct": 101303,
      "incorrect": 27344,
      "n": 128647
    }
  },
  "accuracies": {
    "\u22646": 0.9137912539779025,
    ">6": 0.78744937697731
  },
  "delta_accuracy": -0.12634187700059252
}