group,n,k_correct,accuracy,ci_low,ci_high
> 6,4115,3305,0.8031591737545565,0.7907301027698338,0.8150227380288994
≤ 6,5604,5144,0.9179157744468237,0.910439400308601,0.9248195699162355
