{
  "contingency_table": [
    [
      203704,
      17608
    ],
    [
      127603,
      31435
    ]
  ],
  "odds_ratio": 2.849981935289037,
  "p_value": 0.0,
  "counts": {
    "\u22646": {
      "correct": 203704,
      "incorrect": 17608,
      "n": 221312
    },
    ">6": {
      "correct": 127603,
      "incorrect": 31435,
      "n": 159038
    }
  },
  "accuracies": {
    "\u22646": 0.9204381145170619,
    ">6": 0.8023428363032734
  },
  "delta_accuracy": -0.11809527821378851
}