group,n,k_correct,accuracy,ci_low,ci_high
> 5,4534,3663,0.8078958976621086,0.7961698297464357,0.819100654794056
≤ 5,5185,4786,0.9230472516875603,0.9154755000678433,0.9299925905364258
