group,n,k_correct,accuracy,ci_low,ci_high
≤ 2,172,158,0.9186046511627907,0.8680211103010416,0.9508977348414047
> 2,9547,8291,0.8684403477532209,0.8615115165156618,0.8750727861702919
