group,n,k_correct,accuracy,ci_low,ci_high
≤ 6,5679,5220,0.919175911251981,0.9118002022530928,0.925984894554814
> 6,4040,3229,0.7992574257425743,0.7866239810349164,0.8113222886706034
