{
  "contingency_table": [
    [
      4909,
      457
    ],
    [
      326398,
      48586
    ]
  ],
  "odds_ratio": 1.5989706382414843,
  "p_value": 2.9459246059534307e-24,
  "counts": {
    "\u22642": {
      "correct": 4909,
      "incorrect": 457,
      "n": 5366
    },
    ">2": {
      "correct": 326398,
      "incorrect": 48586,
      "n": 374984
    }
  },
  "accuracies": {
    "\u22642": 0.9148341408870667,
    ">2": 0.8704318050903506
  },
  "delta_accuracy": -0.04440233579671615
}