{
  "contingency_table": [
    [
      20105,
      1907
    ],
    [
      311202,
      47136
    ]
  ],
  "odds_ratio": 1.5968485568990245,
  "p_value": 1.8696473140223672e-91,
  "counts": {
    "\u22643": {
      "correct": 20105,
      "incorrect": 1907,
      "n": 22012
    },
    ">3": {
      "correct": 311202,
      "incorrect": 47136,
      "n": 358338
    }
  },
  "accuracies": {
    "\u22643": 0.9133654370343449,
    ">3": 0.8684593875056511
  },
  "delta_accuracy": -0.044906049528693814
}