{
  "contingency_table": [
    [
      151880,
      11813
    ],
    [
      179427,
      37230
    ]
  ],
  "odds_ratio": 2.6677530486920653,
  "p_value": 0.0,
  "counts": {
    "\u22645": {
      "correct": 151880,
      "incorrect": 11813,
      "n": 163693
    },
    ">5": {
      "correct": 179427,
      "incorrect": 37230,
      "n": 216657
    }
  },
  "accuracies": {
    "\u22645": 0.9278344217529155,
    ">5": 0.8281615641313228
  },
  "delta_accuracy": -0.09967285762159273
}