group,n,k_correct,accuracy,ci_low,ci_high
≤ 5,3683,3419,0.9283193049144719,0.9195342453548546,0.9362117677095526
> 5,6036,5030,0.8333333333333334,0.823720027578479,0.8425226103079188
