group,n,k_correct,accuracy,ci_low,ci_high
> 5,5547,4582,0.8260320894177032,0.8158312688164845,0.8357816325496793
≤ 5,4172,3867,0.9268935762224353,0.9185956429667881,0.9344060609292602
