group,n,k_correct,accuracy,ci_low,ci_high
> 4,6936,5856,0.8442906574394463,0.8355672451441276,0.8526329005191393
≤ 4,2783,2593,0.9317283507006827,0.9217502573935735,0.9405161878898615
