group,n,k_correct,accuracy,ci_low,ci_high
> 2,9552,8290,0.8678810720268006,0.8609421231129379,0.8745242328802378
≤ 2,167,159,0.9520958083832335,0.9083302148025331,0.9755294540369065
