group,n,k_correct,accuracy,ci_low,ci_high
> 3,9286,8046,0.8664656472108551,0.8593953433007653,0.873232864267381
≤ 3,433,403,0.930715935334873,0.9028155626928404,0.9510408465868619
