{
  "contingency_table": [
    [
      186407,
      15249
    ],
    [
      144900,
      33794
    ]
  ],
  "odds_ratio": 2.85096618945835,
  "p_value": 0.0,
  "counts": {
    "\u22645": {
      "correct": 186407,
      "incorrect": 15249,
      "n": 201656
    },
    ">5": {
      "correct": 144900,
      "incorrect": 33794,
      "n": 178694
    }
  },
  "accuracies": {
    "\u22645": 0.9243811242908716,
    ">5": 0.8108834096276316
  },
  "delta_accuracy": -0.11349771466323999
}