area_i,area_j,diff_i_minus_j,se,t,p_unc,ci_low,ci_high,p_adj_holm,sig
answer_A,answer_B,26.189335834014713,19.536236672728215,1.3405517281930737,0.1800660388143016,-12.100984437983207,64.47965610601264,0.3601320776286032,
answer_A,answer_C,34.96371725539686,19.536236672728222,1.7896853852208272,0.0735045031814482,-3.3266030166010765,73.25403752739479,0.22051350954434462,
answer_A,answer_D,-113.08230963438024,19.53623667272822,-5.788336388872606,7.108694208720632e-09,-151.37262990637817,-74.79198936238231,2.843477683488253e-08,★
answer_B,answer_C,8.774381421382145,19.536236672728222,0.44913365702775393,0.6533352422810719,-29.51593885061579,47.06470169338008,0.6533352422810719,
answer_B,answer_D,-139.27164546839495,19.53623667272822,-7.12888811706568,1.0118293612366153e-12,-177.56196574039288,-100.98132519639702,5.059146806183077e-12,★
answer_C,answer_D,-148.0460268897771,19.536236672728222,-7.578021774093433,3.508635252169512e-14,-186.33634716177502,-109.75570661777917,2.1051811513017072e-13,★
