area,term,estimate,ci_low,ci_high
answer_A,C(area_label)[answer_A],245.53801308405696,218.815356589601,272.26066957851293
answer_B,C(area_label)[answer_B],235.02800597602572,208.30534948156978,261.7506624704817
answer_C,C(area_label)[answer_C],347.29218143938107,320.5695249449251,374.01483793383704
answer_D,C(area_label)[answer_D],202.08920321042612,175.36654671597017,228.81185970488207
