area,term,estimate,ci_low,ci_high
answer_A,C(area_label)[answer_A],261.9989642387037,220.81939570811386,303.17853276929355
answer_B,C(area_label)[answer_B],235.809628404689,194.63005987409915,276.98919693527887
answer_C,C(area_label)[answer_C],227.03524698330685,185.855678452717,268.2148155138967
answer_D,C(area_label)[answer_D],375.08127387308394,333.9017053424941,416.2608424036738
