area_i,area_j,diff_i_minus_j,se,t,p_unc,ci_low,ci_high,p_adj_holm,sig
answer_A,answer_B,10.510007108031232,12.77879037919394,0.8224571180965081,0.4108167827697419,-14.53596180117583,35.555976017238294,0.4108167827697419,
answer_A,answer_C,-101.75416835532411,12.77879037919394,-7.962738673685213,1.6827260590691737e-15,-126.80013726453117,-76.70819944611705,6.730904236276695e-15,★
answer_A,answer_D,43.448809873630836,12.778790379193936,3.400072196533794,0.0006736806292837839,18.40284096442378,68.4947787828379,0.002021041887851352,★
answer_B,answer_C,-112.26417546335534,12.778790379193937,-8.785195791781723,1.5609241924227468e-18,-137.3101443725624,-87.21820655414828,7.804620962113735e-18,★
answer_B,answer_D,32.938802765599604,12.778790379193937,2.577615078437285,0.00994847493011654,7.892833856392546,57.984771674806666,0.01989694986023308,★
answer_C,answer_D,145.20297822895495,12.778790379193936,11.36281087021901,6.405004200770225e-30,120.15700931974789,170.248947138162,3.843002520462135e-29,★
