area_i,area_j,diff_i_minus_j,se,t,p_unc,ci_low,ci_high,p_adj_holm,sig
answer_A,answer_B,95.32378217293501,1.8453211504595224,51.657014904531636,0.0,91.70701917812433,98.9405451677457,0.0,★
answer_A,answer_C,115.13798343577552,1.8453211504595224,62.3945503508177,0.0,111.52122044096484,118.75474643058621,0.0,★
answer_A,answer_D,113.55072885557153,1.8453211504595224,61.53439948775046,0.0,109.93396586076085,117.16749185038222,0.0,★
answer_B,answer_C,19.814201262840513,1.845321150459522,10.737535446286072,6.783097784646976e-27,16.19743826802983,23.430964257651194,2.0349293353940927e-26,★
answer_B,answer_D,18.226946682636523,1.845321150459522,9.877384583218833,5.2176930842178415e-23,14.610183687825842,21.843709677447205,1.0435386168435683e-22,★
answer_C,answer_D,-1.5872545802039895,1.845321150459522,-0.8601508630672396,0.38970588667015504,-5.204017575014671,2.029508414606692,0.38970588667015504,
