area,term,estimate,ci_low,ci_high
answer_A,C(area_label)[answer_A],241.2398839618946,234.91144257540702,247.5683253483822
answer_B,C(area_label)[answer_B],145.9161017889596,139.587660402472,152.24454317544718
answer_C,C(area_label)[answer_C],126.10190052611908,119.77345913963151,132.43034191260665
answer_D,C(area_label)[answer_D],127.68915510632307,121.3607137198355,134.01759649281064
