area,term,estimate,ci_low,ci_high
answer_A,C(area_label)[answer_A],214.8128260762361,194.71459671602764,234.91105543644454
answer_B,C(area_label)[answer_B],334.8349777376281,314.73674837741964,354.93320709783654
answer_C,C(area_label)[answer_C],176.61529398144654,156.5170646212381,196.713523341655
answer_D,C(area_label)[answer_D],180.83693367336613,160.7387043131577,200.93516303357455
