area,term,estimate,ci_low,ci_high
answer_A,C(area_label)[answer_A],2.5304820326403887,2.493661183855153,2.5673028814256247
answer_B,C(area_label)[answer_B],2.548104103745449,2.51129312836311,2.584915079127788
answer_C,C(area_label)[answer_C],2.5257797760337968,2.488960450864492,2.5625991012031015
answer_D,C(area_label)[answer_D],2.5328633187845564,2.49604551723466,2.5696811203344527
