area_i,area_j,diff_i_minus_j,se,t,p_unc,ci_low,ci_high,p_adj_holm,sig
answer_A,answer_B,0.014646504066160748,0.0010316816672247629,14.196728052326485,9.599069620151558e-46,0.012624445154889976,0.01666856297743152,3.839627848060623e-45,★
answer_A,answer_C,0.01897315863586435,0.0010319641977099944,18.385481471127783,1.7170849741708518e-75,0.01695054597501799,0.02099577129671071,1.0302509845025112e-74,★
answer_A,answer_D,0.016514377989316653,0.0010309862205305073,16.018039485357008,9.56177918722172e-58,0.01449368212851979,0.018535073850113517,4.78088959361086e-57,★
answer_B,answer_C,0.004326654569703603,0.0010414420635381815,4.1544841726521815,3.260221821574438e-05,0.0022854656331836925,0.006367843506223513,9.780665464723314e-05,★
answer_B,answer_D,0.001867873923155905,0.0010406612567833424,1.7948913837048723,0.0726710070061581,-0.00017178466024563542,0.003907532506557445,0.0726710070061581,
answer_C,answer_D,-0.002458780646547698,0.0010407017419055695,-2.3626179793314894,0.01814636449153794,-0.004498518579330714,-0.0004190427137646829,0.03629272898307588,★
