area_i,area_j,diff_i_minus_j,se,t,p_unc,ci_low,ci_high,p_adj_holm,sig
answer_A,answer_B,-0.01762207110506031,0.0031477217151373855,-5.598357383473837,2.163923097305629e-08,-0.023791492300084233,-0.011452649910036389,1.0819615486528145e-07,★
answer_A,answer_C,0.004702256606591959,0.003167684645454345,1.4844459385626465,0.13769065522826585,-0.0015062912128790875,0.010910804426063006,0.2753813104565317,
answer_A,answer_D,-0.0023812861441676603,0.0031621484122353804,-0.7530595765061785,0.4514141141949186,-0.008578983145919521,0.0038164108575842017,0.4514141141949186,
answer_B,answer_C,0.02232432771165227,0.0031435345416699428,7.10166451671719,1.232631600600314e-12,0.016163113225821556,0.028485542197482984,7.395789603601885e-12,★
answer_B,answer_D,0.01524078496089265,0.003139010326859228,4.8552834727823235,1.202146479819494e-06,0.009088437773149261,0.02139313214863604,4.808585919277976e-06,★
answer_C,answer_D,-0.007083542750759619,0.0031580494896174204,-2.2430119521710696,0.024896043773613777,-0.013273206011804862,-0.000893879489714376,0.07468813132084133,
