area,term,estimate,ci_low,ci_high
answer_A,C(area_label)[answer_A],2.5160154060944606,2.4758130580706266,2.5562177541182947
answer_B,C(area_label)[answer_B],2.514783552813945,2.4745821436253728,2.554984962002517
answer_C,C(area_label)[answer_C],2.5339846746117596,2.4937881649647466,2.5741811842587725
answer_D,C(area_label)[answer_D],2.5065317302366563,2.4663262025966075,2.546737257876705
