area,term,estimate,ci_low,ci_high
answer_A,C(area_label)[answer_A],2.5141379872947662,2.4670180583883923,2.56125791620114
answer_B,C(area_label)[answer_B],2.5054236324838888,2.458312598612789,2.5525346663549886
answer_C,C(area_label)[answer_C],2.500609536289373,2.453490778589917,2.5477282939888295
answer_D,C(area_label)[answer_D],2.5299862529050317,2.482875590933111,2.5770969148769525
