area_i,area_j,diff_i_minus_j,se,t,p_unc,ci_low,ci_high,p_adj_holm,sig
answer_A,answer_B,0.008714354810877456,0.006390436103873129,1.3636557300988958,0.17267594326408364,-0.0038106697982183413,0.021239379419973253,0.3453518865281673,
answer_A,answer_C,0.013528451005393016,0.006400710567074764,2.113585806392079,0.03455065918358889,0.0009832888184615318,0.0260736131923245,0.10365197755076667,
answer_A,answer_D,-0.015848265610265422,0.006393911990861267,-2.478649320309247,0.013188089685673803,-0.0283801028326723,-0.0033164283878585436,0.05275235874269521,
answer_B,answer_C,0.00481409619451556,0.006381041809660918,0.7544373376815997,0.4505866586621273,-0.007692515936264129,0.01732070832529525,0.4505866586621273,
answer_B,answer_D,-0.024562620421142878,0.006375540611696229,-3.8526333556846293,0.00011685429810521188,-0.03705845040203995,-0.012066790440245802,0.0005842714905260594,★
answer_C,answer_D,-0.029376716615658438,0.0063845126849828415,-4.601246495250309,4.1997007045502544e-06,-0.041890131537063925,-0.01686330169425295,2.5198204227301525e-05,★
