area_i,area_j,diff_i_minus_j,se,t,p_unc,ci_low,ci_high,p_adj_holm,sig
answer_A,answer_B,0.0012318532805157822,0.00416684648380231,0.2956320289946698,0.7675111107793348,-0.0069350157568441075,0.009398722317875672,0.7675111107793348,
answer_A,answer_C,-0.017969268517298964,0.004157703117486189,-4.321921986619252,1.54675883059592e-05,-0.0261182168859818,-0.009820320148616129,6.18703532238368e-05,★
answer_A,answer_D,0.009483675857804297,0.0041756168929570035,2.2712035373265147,0.02313465939595573,0.0012996171343715272,0.017667734581237066,0.06940397818786719,
answer_B,answer_C,-0.019201121797814746,0.004146413610375289,-4.630778210299398,3.6429393165421318e-06,-0.02732794313915701,-0.011074300456472484,1.821469658271066e-05,★
answer_B,answer_D,0.008251822577288515,0.00416493324685906,1.981261664520443,0.04756193709533548,8.870341543128733e-05,0.01641494173914574,0.09512387419067096,
answer_C,answer_D,0.02745294437510326,0.004155224809996543,6.606849359644179,3.9258514667173215e-11,0.01930885339984275,0.03559703535036377,2.355510880030393e-10,★
