area,term,estimate,ci_low,ci_high
answer_A,C(area_label)[answer_A],2.519962405615612,2.484123609663175,2.5558012015680487
answer_B,C(area_label)[answer_B],2.505315901549451,2.4694757431275502,2.541156059971352
answer_C,C(area_label)[answer_C],2.5009892469797474,2.4651490663057203,2.5368294276537746
answer_D,C(area_label)[answer_D],2.503448027626295,2.4676079571869964,2.539288098065594
