area,term,estimate,ci_low,ci_high
answer_A,C(area_label)[answer_A],239.16650415000078,221.09320311899214,257.23980518100944
answer_B,C(area_label)[answer_B],358.6298602626789,340.55655923167024,376.7031612936876
answer_C,C(area_label)[answer_C],183.02136676124582,164.94806573023718,201.09466779225446
answer_D,C(area_label)[answer_D],177.11644983813625,159.0431488071276,195.1897508691449
