area_i,area_j,diff_i_minus_j,se,t,p_unc,ci_low,ci_high,p_adj_holm,sig
answer_A,answer_B,-119.46335611267813,9.30277432123039,-12.841691304930833,9.575930657569469e-38,-137.69645873859375,-101.23025348676252,3.8303722630277875e-37,★
answer_A,answer_C,56.14513738875496,9.30277432123039,6.035311128705224,1.586566998787302e-09,37.912034762839355,74.37824001467057,3.173133997574604e-09,★
answer_A,answer_D,62.05005431186453,9.30277432123039,6.670059077995322,2.557004720029697e-11,43.81695168594892,80.28315693778013,7.671014160089092e-11,★
answer_B,answer_C,175.6084935014331,9.30277432123039,18.877002433636058,1.76312763540387e-79,157.37539087551747,193.8415961273487,8.81563817701935e-79,★
answer_B,answer_D,181.51341042454266,9.30277432123039,19.511750382926156,8.724311276748509e-85,163.28030779862704,199.74651305045828,5.234586766049105e-84,★
answer_C,answer_D,5.9049169231095675,9.302774321230387,0.6347479492900975,0.525592815652244,-12.328185702806039,24.138019549025174,0.525592815652244,
