area,term,estimate,ci_low,ci_high
answer_A,C(area_label)[answer_A],253.27285956049934,245.30246444772763,261.24325467327105
answer_B,C(area_label)[answer_B],163.954079357564,155.9836842447923,171.92447447033572
answer_C,C(area_label)[answer_C],142.10256394638242,134.1321688336107,150.07295905915413
answer_D,C(area_label)[answer_D],141.95914147074512,133.9887463579734,149.92953658351684
