area_i,area_j,diff_i_minus_j,se,t,p_unc,ci_low,ci_high,p_adj_holm,sig
answer_A,answer_B,89.31878020293533,1.994534528706555,44.78176683201272,0.0,85.40956436074892,93.22799604512174,0.0,★
answer_A,answer_C,111.17029561411692,1.994534528706556,55.73746356058836,0.0,107.2610797719305,115.07951145630335,0.0,★
answer_A,answer_D,111.31371808975422,1.9945345287065555,55.809371303258686,0.0,107.4045022475678,115.22293393194063,0.0,★
answer_B,answer_C,21.851515411181595,1.994534528706555,10.955696728575658,6.239634663170289e-28,17.942299568995175,25.760731253368014,1.2479269326340578e-27,★
answer_B,answer_D,21.99493788681889,1.9945345287065546,11.027604471245978,2.8125705897354155e-28,18.085722044632472,25.904153729005305,8.437711769206246e-28,★
answer_C,answer_D,0.14342247563729416,1.9945345287065555,0.07190774267031759,0.9426753282435855,-3.765793366549125,4.052638317823714,0.9426753282435855,
