area,term,estimate,ci_low,ci_high
answer_A,C(area_label)[answer_A],2.4641159025590014,2.4130111716567315,2.5152206334612712
answer_B,C(area_label)[answer_B],2.462534840187097,2.4114325651202067,2.5136371152539874
answer_C,C(area_label)[answer_C],2.477054772746714,2.425959057145397,2.528150488348031
answer_D,C(area_label)[answer_D],2.4502139132430214,2.3991106736960797,2.501317152789963
