area_i,area_j,diff_i_minus_j,se,t,p_unc,ci_low,ci_high,p_adj_holm,sig
answer_A,answer_B,-0.01810744128592745,0.003990628423681179,-4.53749118271055,5.692740982098453e-06,-0.02592892927202441,-0.01028595329983049,2.8463704910492263e-05,★
answer_A,answer_C,0.0024609355460447624,0.004017900631567801,0.612492884146937,0.5402117045650219,-0.005414004985288864,0.01033587607737839,1.0,
answer_A,answer_D,-0.0022803332786982544,0.004008859800933562,-0.5688234041427996,0.5694759900936643,-0.010137554107598446,0.005576887550201937,1.0,
answer_B,answer_C,0.020568376831972213,0.003990217451195416,5.1547007358734795,2.5403630101587974e-07,0.012747694337145987,0.028389059326798437,1.5242178060952785e-06,★
answer_B,answer_D,0.015827108007229196,0.0039823989150139525,3.9742648451313536,7.059697268358926e-05,0.008021749561730462,0.02363246645272793,0.00028238789073435703,★
answer_C,answer_D,-0.004741268824743017,0.004008781318796762,-1.182720744210141,0.23691984007089195,-0.012598335831481651,0.0031157981819956177,0.7107595202126759,
