area,term,estimate,ci_low,ci_high
answer_A,C(area_label)[answer_A],2.5066427274928964,2.446575019398262,2.566710435587531
answer_B,C(area_label)[answer_B],2.485345638725587,2.425281982530068,2.5454092949211056
answer_C,C(area_label)[answer_C],2.487444919254881,2.4273663040277893,2.547523534481973
answer_D,C(area_label)[answer_D],2.5135448644939533,2.453485293050742,2.5736044359371646
