area_i,area_j,diff_i_minus_j,se,t,p_unc,ci_low,ci_high,p_adj_holm,sig
answer_A,answer_B,0.0015810623719043626,0.005278815961755546,0.2995107962389652,0.7645503356981773,-0.008765226794151674,0.0119273515379604,0.7645503356981773,
answer_A,answer_C,-0.01293887018771267,0.005266856051599022,-2.456659164585373,0.014023566519417075,-0.023261718360603586,-0.002616022014821754,0.042070699558251226,★
answer_A,answer_D,0.013901989315979968,0.005281657807910227,2.6321260902512944,0.00848523652031119,0.0035501302338111513,0.024253848398148786,0.03394094608124476,★
answer_B,answer_C,-0.014519932559617033,0.005258035163686832,-2.7614749821178335,0.005754092485027985,-0.02482549210988839,-0.004214373009345674,0.028770462425139927,★
answer_B,answer_D,0.012320926944075605,0.005272687114587627,2.336745320993548,0.019452430479951502,0.001986650097735441,0.02265520379041577,0.042070699558251226,★
answer_C,answer_D,0.026840859503692638,0.005260996470897953,5.101858488627993,3.363342049872978e-07,0.016529495897940324,0.03715222310944495,2.0180052299237866e-06,★
