area,term,estimate,ci_low,ci_high
answer_A,C(area_label)[answer_A],2.4770180738903615,2.428243701670296,2.5257924461104273
answer_B,C(area_label)[answer_B],2.460466759110308,2.411690705840105,2.5092428123805113
answer_C,C(area_label)[answer_C],2.4552538923631317,2.406477737669836,2.5040300470564274
answer_D,C(area_label)[answer_D],2.456590179902398,2.4078142688665714,2.505366090938225
