area_i,area_j,diff_i_minus_j,se,t,p_unc,ci_low,ci_high,p_adj_holm,sig
answer_A,answer_B,0.021297088767309624,0.007772618076657419,2.7400148260556683,0.006143641295368757,0.006063037271476097,0.03653114026314315,0.02457456518147503,★
answer_A,answer_C,0.019197808238015313,0.00779255911391655,2.4636076489596843,0.013754658479894166,0.003924673027339518,0.03447094344869111,0.04126397543968249,★
answer_A,answer_D,-0.006902137001056907,0.007769944536054171,-0.8883122613075994,0.37437280600804634,-0.02213094845359686,0.008326674451483046,0.7487456120160927,
answer_B,answer_C,-0.0020992805292943117,0.007783282785150877,-0.2697165948151552,0.7873782927282639,-0.017354234469680634,0.01315567341109201,0.7873782927282639,
answer_B,answer_D,-0.02819922576836653,0.007763263073233754,-3.6323934281696655,0.00028080455956806637,-0.04341494179441443,-0.012983509742318636,0.0016848273574083983,★
answer_C,answer_D,-0.02609994523907222,0.007780668062122743,-3.3544607006344336,0.0007951984767982498,-0.04134977441649385,-0.010850116061650587,0.003975992383991249,★
