area_i,area_j,diff_i_minus_j,se,t,p_unc,ci_low,ci_high,p_adj_holm,sig
answer_A,answer_B,0.01655131478005334,0.0014791853436199175,11.189479973853949,4.591183553982648e-29,0.013652164780098796,0.019450464780007882,1.8364734215930592e-28,★
answer_A,answer_C,0.02176418152722981,0.0014801462100998543,14.704075434386676,6.069422617564265e-49,0.01886314826358064,0.024665214790878978,3.641653570538559e-48,★
answer_A,answer_D,0.020427893987963408,0.001478101505767484,13.820359365209159,1.9210840102255382e-43,0.017530868271164717,0.0233249197047621,9.605420051127691e-43,★
answer_B,answer_C,0.00521286674717647,0.0014911212483005706,3.4959375390281435,0.00047239926529017663,0.0022903228039249444,0.008135410690427995,0.0014171977958705299,★
answer_B,answer_D,0.003876579207910069,0.001489324385725351,2.602911256315759,0.009243587710136359,0.0009575570505911419,0.006795601365228996,0.018487175420272717,★
answer_C,answer_D,-0.0013362875392664009,0.0014901255341434247,-0.8967617215112986,0.36984607765838395,-0.0042568799186310236,0.0015843048400982222,0.36984607765838395,
