area,term,estimate,ci_low,ci_high
answer_A,C(area_label)[answer_A],2.4902292198719844,2.4400038726369475,2.5404545671070213
answer_B,C(area_label)[answer_B],2.508336661157912,2.458121396984369,2.5585519253314546
answer_C,C(area_label)[answer_C],2.4877682843259397,2.4375429438611214,2.537993624790758
answer_D,C(area_label)[answer_D],2.4925095531506827,2.4422861321703992,2.542732974130966
