area_i,area_j,diff_i_minus_j,se,t,p_unc,ci_low,ci_high,p_adj_holm,sig
answer_A,answer_B,-0.004499326024961725,0.004739795040587043,-0.9492659464035528,0.3424853685929472,-0.013789153598613893,0.004790501548690443,1.0,
answer_A,answer_C,0.001760235470757987,0.004766800018949593,0.3692698379962394,0.7119266051009558,-0.007582520887888062,0.011102991829404036,1.0,
answer_A,answer_D,-0.007747798827069552,0.004761530762958272,-1.627165550906985,0.10370194203965552,-0.01708022763374729,0.0015846299796081868,0.5185097101982776,
answer_B,answer_C,0.006259561495719712,0.00472584427516646,1.3245382478243488,0.18532434918592333,-0.0030029230801513467,0.015522046071590771,0.7412973967436933,
answer_B,answer_D,-0.003248472802107827,0.004722168779110934,-0.6879196729430397,0.49150336716237764,-0.012503753538084736,0.006006807933869082,1.0,
answer_C,answer_D,-0.009508034297827539,0.004747285497555532,-2.0028360002202117,0.045194894367176226,-0.01881254289736569,-0.00020352569828938592,0.27116936620305737,
