area,term,estimate,ci_low,ci_high
answer_A,C(area_label)[answer_A],2.5468633980235342,2.4854285648457237,2.6082982312013447
answer_B,C(area_label)[answer_B],2.5476177877543695,2.486182923313885,2.6090526521948543
answer_C,C(area_label)[answer_C],2.5624760648591063,2.5010479737572267,2.623904155960986
answer_D,C(area_label)[answer_D],2.5500346696359038,2.4885870504562884,2.611482288815519
