area_i,area_j,diff_i_minus_j,se,t,p_unc,ci_low,ci_high,p_adj_holm,sig
answer_A,answer_B,-0.01672888062951472,0.010581904856060644,-1.5808950143729066,0.11390204447471979,-0.03746903303522309,0.004011271776193648,0.45560817789887914,
answer_A,answer_C,-0.0023716020437074548,0.010581904856060633,-0.22411863232253065,0.8226649947234628,-0.0231117544494158,0.018368550362000892,1.0,
answer_A,answer_D,-0.02097577333075984,0.010603283376631951,-1.978233777754851,0.04790233984042955,-0.041757826866830716,-0.0001937197946889624,0.2874140390425773,
answer_B,answer_C,0.014357278585807265,0.010516004145742584,1.3652789012659172,0.17216540773108846,-0.006253710801122095,0.034968267972736625,0.5164962231932654,
answer_B,answer_D,-0.00424689270124512,0.010537387161766597,-0.40303090662307284,0.6869254880627993,-0.02489979202946239,0.016406006626972152,1.0,
answer_C,answer_D,-0.018604171287052385,0.010537387161766597,-1.7655393126822712,0.07747316920129214,-0.03925707061526966,0.002048728041164887,0.38736584600646073,
