area_i,area_j,diff_i_minus_j,se,t,p_unc,ci_low,ci_high,p_adj_holm,sig
answer_A,answer_B,0.0016784081139458173,0.0013794554470435438,1.2167178849762712,0.22371157188729784,-0.001025274880537128,0.004382091108428763,0.6711347156618935,
answer_A,answer_C,0.0031600524154886678,0.0013793405719772576,2.2909877949568282,0.021964119570692824,0.00045659457199836474,0.005863510258978971,0.10982059785346412,
answer_A,answer_D,-0.00047419589962682807,0.001378611984688599,-0.343966181125242,0.7308717195493437,-0.0031762257382717666,0.0022278339390181105,0.7308717195493437,
answer_B,answer_C,0.0014816443015428504,0.001394296152526899,1.0626467690222405,0.2879421691222206,-0.0012511259411926378,0.004214414544278339,0.6711347156618935,
answer_B,answer_D,-0.0021526040135726454,0.0013938617241934614,-1.5443454513525865,0.12250466719852092,-0.004884522792420732,0.0005793147652754412,0.4900186687940837,
answer_C,answer_D,-0.003634248315115496,0.0013932439296172046,-2.608479561876871,0.0090945442528337,-0.006364956238844275,-0.0009035403913867169,0.054567265517002195,
