area,term,estimate,ci_low,ci_high
answer_A,C(area_label)[answer_A],2.5381592021368666,2.486730002151532,2.5895884021222013
answer_B,C(area_label)[answer_B],2.536480794022921,2.4850495835319486,2.587912004513893
answer_C,C(area_label)[answer_C],2.534999149721378,2.4835679664800967,2.5864303329626592
answer_D,C(area_label)[answer_D],2.5386333980364935,2.4872022886471314,2.5900645074258555
