area_i,area_j,diff_i_minus_j,se,t,p_unc,ci_low,ci_high,p_adj_holm,sig
answer_A,answer_B,-0.0007543897308353031,0.006268860237817034,-0.12033921673423678,0.9042144393611691,-0.013041130021071887,0.01153235055940128,1.0,
answer_A,answer_C,-0.015612666835572053,0.006255866257881549,-2.4956842413154527,0.012571445146950237,-0.027873939393119253,-0.0033513942780248555,0.07542867088170142,
answer_A,answer_D,-0.0031712716123695195,0.006297295353489298,-0.5035926432468082,0.6145476633579805,-0.015513743705219973,0.009171200480480934,1.0,
answer_B,answer_C,-0.01485827710473675,0.0062286828810211685,-2.3854605200739956,0.01705775316184664,-0.02706627122265942,-0.002650282986814077,0.0852887658092332,
answer_B,answer_D,-0.0024168818815342163,0.006272681358173647,-0.38530283040519614,0.7000130647598302,-0.014711111430050357,0.009877347666981924,1.0,
answer_C,answer_D,0.012441395223202534,0.0062569714412949555,1.988405307572834,0.04676688227335075,0.0001779565459687476,0.024704833900436318,0.187067529093403,
