area,term,estimate,ci_low,ci_high
answer_A,C(area_label)[answer_A],2.4950031487966284,2.4199026935733237,2.570103604019933
answer_B,C(area_label)[answer_B],2.511732029426143,2.436660977027124,2.5868030818251624
answer_C,C(area_label)[answer_C],2.497374750840336,2.4223036984413167,2.572445803239355
answer_D,C(area_label)[answer_D],2.5159789221273883,2.4409006882395325,2.591057156015244
