area,term,estimate,ci_low,ci_high
answer_A,C(area_label)[answer_A],2.5465264191831025,2.4937941335200464,2.5992587048461586
answer_B,C(area_label)[answer_B],2.5510257452080642,2.4983112719705236,2.603740218445605
answer_C,C(area_label)[answer_C],2.5447661837123445,2.492039041737058,2.597493325687631
answer_D,C(area_label)[answer_D],2.554274218010172,2.501549136401605,2.606999299618739
