area,term,estimate,ci_low,ci_high
answer_A,C(area_label)[answer_A],1.408698648225344,1.2621282919753247,1.5552690044753634
answer_B,C(area_label)[answer_B],1.2091230994901314,1.062552743240112,1.3556934557401508
answer_C,C(area_label)[answer_C],1.2427931157231729,1.0962227594731535,1.3893634719731922
answer_D,C(area_label)[answer_D],1.8112403686242078,1.6646700123741884,1.9578107248742271
