area,term,estimate,ci_low,ci_high
answer_A,C(area_label)[answer_A],1.1990277174265804,1.1069587531558855,1.2910966816972753
answer_B,C(area_label)[answer_B],1.1950239945201027,1.1029550302494078,1.2870929587907975
answer_C,C(area_label)[answer_C],1.7084357539265804,1.6163667896558855,1.8005047181972753
answer_D,C(area_label)[answer_D],1.0828294077734237,0.990760443502729,1.1748983720441186
