area,term,estimate,ci_low,ci_high
answer_A,C(area_label)[answer_A],1.2634166936959654,1.2275943354008318,1.299239051991099
answer_B,C(area_label)[answer_B],0.869646281939924,0.8338239236447903,0.9054686402350577
answer_C,C(area_label)[answer_C],0.765327314398523,0.7295049561033893,0.8011496726936567
answer_D,C(area_label)[answer_D],0.7706421169365418,0.7348197586414081,0.8064644752316755
