area,term,estimate,ci_low,ci_high
answer_A,C(area_label)[answer_A],1.198076822775762,1.1246946965185567,1.2714589490329675
answer_B,C(area_label)[answer_B],1.685201458189368,1.6118193319321625,1.7585835844465734
answer_C,C(area_label)[answer_C],0.9532869297439576,0.8799048034867522,1.0266690560011629
answer_D,C(area_label)[answer_D],0.9334745605771765,0.8600924343199711,1.0068566868343818
