area,term,estimate,ci_low,ci_high
answer_A,C(area_label)[answer_A],280.8724702556756,254.02261168776988,307.7223288235813
answer_B,C(area_label)[answer_B],236.16560420317285,209.31574563526712,263.01546277107855
answer_C,C(area_label)[answer_C],241.47192405315414,214.6220654852484,268.32178262105987
answer_D,C(area_label)[answer_D],380.976282273453,354.1264237055473,407.8261408413587
