area_i,area_j,diff_i_minus_j,se,t,p_unc,ci_low,ci_high,p_adj_holm,sig
answer_A,answer_B,92.42400461351892,1.3558362399498431,68.16752782543855,0.0,89.76661441428301,95.08139481275482,0.0,★
answer_A,answer_C,113.22201202302762,1.3558362399498434,83.50714392116858,0.0,110.56462182379171,115.87940222226352,0.0,★
answer_A,answer_D,112.47049047242078,1.3558362399498438,82.9528575490661,0.0,109.81310027318487,115.12788067165668,0.0,★
answer_B,answer_C,20.7980074095087,1.3558362399498431,15.339616095730031,4.1564578509731922e-53,18.1406172102728,23.455397608744597,1.2469373552919578e-52,★
answer_B,answer_D,20.04648585890186,1.3558362399498438,14.785329723627566,1.8216304678113454e-49,17.38909565966596,22.703876058137762,3.643260935622691e-49,★
answer_C,answer_D,-0.7515215506068387,1.3558362399498434,-0.5542863721024597,0.5793828753924206,-3.4089117498427384,1.905868648629061,0.5793828753924206,
