area,term,estimate,ci_low,ci_high
answer_A,C(area_label)[answer_A],228.37681636462753,214.85229363960016,241.9013390896549
answer_B,C(area_label)[answer_B],348.078557734326,334.5540350092987,361.60308045935335
answer_C,C(area_label)[answer_C],179.8882261884357,166.36370346340834,193.41274891346308
answer_D,C(area_label)[answer_D],178.30335405981108,164.77883133478372,191.82787678483845
