area_i,area_j,diff_i_minus_j,se,t,p_unc,ci_low,ci_high,p_adj_holm,sig
answer_A,answer_B,44.70686605250273,12.94924996311712,3.452467608536377,0.0005554841650148341,19.326802497986552,70.08692960701892,0.0016664524950445025,★
answer_A,answer_C,39.40054620252144,12.949249963117122,3.0426894464733154,0.002344741747893386,14.020482648005256,64.78060975703762,0.004689483495786772,★
answer_A,answer_D,-100.10381201777744,12.94924996311712,-7.730471826777574,1.0714870242063237e-14,-125.48387557229363,-74.72374846326126,4.285948096825295e-14,★
answer_B,answer_C,-5.306319849981293,12.949249963117122,-0.40977816206306084,0.6819686871186741,-30.686383404497477,20.07374370453489,0.6819686871186741,
answer_B,answer_D,-144.81067807028018,12.949249963117122,-11.18293943531395,4.9425301963112746e-29,-170.19074162479637,-119.43061451576399,2.9655181177867645e-28,★
answer_C,answer_D,-139.50435822029888,12.949249963117122,-10.773161273250889,4.608987831327387e-27,-164.88442177481505,-114.1242946657827,2.3044939156636935e-26,★
