area,term,estimate,ci_low,ci_high
answer_A,C(area_label)[answer_A],242.09084616106702,224.26827988398318,259.91341243815083
answer_B,C(area_label)[answer_B],234.47776780163937,216.65520152455554,252.3003340787232
answer_C,C(area_label)[answer_C],354.19858159731734,336.37601532023353,372.02114787440115
answer_D,C(area_label)[answer_D],207.12719216566194,189.3046258885781,224.94975844274578
