area,term,estimate,ci_low,ci_high
answer_A,C(area_label)[answer_A],247.27476592384562,242.13975895296736,252.4097728947239
answer_B,C(area_label)[answer_B],154.8507613103267,149.71575433944844,159.98576828120497
answer_C,C(area_label)[answer_C],134.052753900818,128.91774692993974,139.18776087169627
answer_D,C(area_label)[answer_D],134.80427545142484,129.66926848054658,139.9392824223031
