area_i,area_j,diff_i_minus_j,se,t,p_unc,ci_low,ci_high,p_adj_holm,sig
answer_A,answer_B,7.6130783594276465,8.249260972468187,0.922880047659567,0.35606971944661925,-8.555176045681861,23.781332764537154,0.35606971944661925,
answer_A,answer_C,-112.10773543625032,8.24926097246819,-13.59003379944077,4.58868459569767e-42,-128.27598984135983,-95.93948103114082,1.835473838279068e-41,★
answer_A,answer_D,34.96365399540508,8.249260972468187,4.238398337996078,2.2512008146863816e-05,18.795399590295574,51.13190840051459,6.753602444059145e-05,★
answer_B,answer_C,-119.72081379567797,8.24926097246819,-14.512913847100336,1.0036489240189011e-47,-135.88906820078748,-103.55255939056846,5.018244620094505e-47,★
answer_B,answer_D,27.350575635977435,8.249260972468187,3.3155182903365117,0.0009147335490998105,11.182321230867927,43.51883004108694,0.001829467098199621,★
answer_C,answer_D,147.0713894316554,8.249260972468187,17.828432137436852,4.251780248089257e-71,130.9031350265459,163.2396438367649,2.551068148853554e-70,★
