area_i,area_j,diff_i_minus_j,se,t,p_unc,ci_low,ci_high,p_adj_holm,sig
answer_A,answer_B,-119.70174136969848,6.403340465113141,-18.693639987106863,5.577458048816889e-78,-132.2520580620682,-107.15142467732876,2.2309832195267557e-77,★
answer_A,answer_C,48.48859017619182,6.40334046511314,7.572389823775375,3.6641994999402684e-14,35.93827348382211,61.03890686856153,7.328398999880537e-14,★
answer_A,answer_D,50.073462304816445,6.40334046511314,7.819896908126015,5.2866614691868e-15,37.52314561244673,62.62377899718616,1.58599844075604e-14,★
answer_B,answer_C,168.1903315458903,6.40334046511314,26.26602981088224,4.689195563839025e-152,155.6400148535206,180.74064823826,2.3445977819195127e-151,★
answer_B,answer_D,169.77520367451493,6.403340465113142,26.513536895232875,6.766647524684733e-155,157.22488698214522,182.32552036688463,4.05998851481084e-154,★
answer_C,answer_D,1.5848721286246246,6.40334046511314,0.24750708435064003,0.8045158095098586,-10.965444563745088,14.135188820994337,0.8045158095098586,
