area,term,estimate,ci_low,ci_high
answer_A,C(area_label)[answer_A],2.5487273699718216,2.4970142953589636,2.6004404445846796
answer_B,C(area_label)[answer_B],2.54855655762722,2.496840890659321,2.600272224595119
answer_C,C(area_label)[answer_C],2.547867162683941,2.49615153247552,2.5995827928923623
answer_D,C(area_label)[answer_D],2.5520958160324336,2.5003802819377796,2.6038113501270876
