area_i,area_j,diff_i_minus_j,se,t,p_unc,ci_low,ci_high,p_adj_holm,sig
answer_A,answer_B,-0.003885679004396181,0.007310001907635049,-0.5315564966320626,0.5950332019501985,-0.018213019470279965,0.010441661461487605,1.0,
answer_A,answer_C,-0.023029982597032816,0.007294524151846299,-3.1571603736761573,0.00159313700169778,-0.03732698721900915,-0.008732977975056486,0.00955882201018668,★
answer_A,answer_D,-0.00013884869296765245,0.007343017929939123,-0.018908941022945804,0.9849137469120802,-0.014530899373480196,0.014253201987544891,1.0,
answer_B,answer_C,-0.019144303592636636,0.0072634474994266295,-2.635704821181384,0.008396273566866046,-0.03338039909511034,-0.0049082080901629264,0.033585094267464186,★
answer_B,answer_D,0.0037468303114285284,0.007314615241566213,0.5122388789688757,0.6084838360152074,-0.010589552122808998,0.018083212745666054,1.0,
answer_C,answer_D,0.022891133904065164,0.007296308581314917,3.1373582475235438,0.0017047768608173467,0.00859063186459739,0.03719163594353294,0.00955882201018668,★
