area_i,area_j,diff_i_minus_j,se,t,p_unc,ci_low,ci_high,p_adj_holm,sig
answer_A,answer_B,-0.015835825857963393,0.01131892372400912,-1.399057564490275,0.16179572164832567,-0.03802050870077725,0.0063488569848504685,0.485387164944977,
answer_A,answer_C,0.003096944399557433,0.01131892372400912,0.273607674640333,0.7843861354815074,-0.019087738443256428,0.025281627242371294,0.7843861354815074,
answer_A,answer_D,-0.028967359268221582,0.011341663505029386,-2.5540661875020536,0.010647301487781733,-0.051196611262851494,-0.00673810727359167,0.05323650743890866,
answer_B,answer_C,0.018932770257520826,0.011248869115302419,1.683082100383371,0.09235919907542554,-0.0031146080752768555,0.04098014859031851,0.3694367963017022,
answer_B,answer_D,-0.01313153341025819,0.011271509266671212,-1.1650199720002796,0.24401090860369168,-0.03522328562434324,0.008960218803826862,0.48802181720738336,
answer_C,answer_D,-0.032064303667779015,0.011271509266671212,-2.844721404132642,0.0044450282065152166,-0.05415605588186406,-0.009972551453693964,0.0266701692390913,★
