area_i,area_j,diff_i_minus_j,se,t,p_unc,ci_low,ci_high,p_adj_holm,sig
answer_A,answer_B,0.00017081234460158967,0.0015952959162256304,0.10707251417387248,0.9147314523007708,-0.002955910195884473,0.0032975348850876524,1.0,
answer_A,answer_C,0.0008602072878804989,0.0015951465363498363,0.5392653704711705,0.5897037598604071,-0.0022662224734289922,0.00398663704918999,1.0,
answer_A,answer_D,-0.0033684460606120403,0.0015943152436674558,-2.1127854569485853,0.03461913498505349,-0.006493246518203454,-0.0002436456030206263,0.1406145183341544,
answer_B,answer_C,0.0006893949432789093,0.0016125234539437277,0.42752552937624877,0.6689965945501146,-0.00247109295067693,0.0038498828372347483,1.0,
answer_B,answer_D,-0.00353925840521363,0.0016120015255621717,-2.195567652443346,0.028122903666830876,-0.00669872333833911,-0.00037979347208815005,0.1406145183341544,
answer_C,answer_D,-0.004228653348492539,0.0016113421780684129,-2.624305008611897,0.008682599260782523,-0.007386825984276955,-0.0010704807127081234,0.05209559556469514,
