area_i,area_j,diff_i_minus_j,se,t,p_unc,ci_low,ci_high,p_adj_holm,sig
answer_A,answer_B,-0.006162199424128545,0.005355965865414244,-1.1505300031728163,0.249925644044782,-0.016659699622766366,0.004335300774509275,0.999702576179128,
answer_A,answer_C,0.002360197438951772,0.005386398951870102,0.43817724235453,0.6612578043787825,-0.008196950513077925,0.01291734539098147,1.0,
answer_A,answer_D,-0.00589293178643624,0.005380606420996166,-1.0952170304523448,0.2734215663361079,-0.016438726586573686,0.004652863013701205,0.999702576179128,
answer_B,answer_C,0.008522396863080317,0.005340337784313844,1.5958535222459382,0.1105215004044659,-0.0019444728594532473,0.01898926658561388,0.6631290024267954,
answer_B,answer_D,0.00026926763769230533,0.005336297955374843,0.05045963324088617,0.959756116409843,-0.010189684165617115,0.010728219441001725,1.0,
answer_C,answer_D,-0.008253129225388012,0.005364605825373237,-1.538440939379513,0.12394083878762319,-0.01876756343437333,0.0022613049835973047,0.6631290024267954,
