area,term,estimate,ci_low,ci_high
answer_A,C(area_label)[answer_A],2.5567993820206225,2.494942124312406,2.618656639728839
answer_B,C(area_label)[answer_B],2.5606850610250187,2.498827788828914,2.6225423332211233
answer_C,C(area_label)[answer_C],2.5798293646176553,2.5179811190758534,2.6416776101594572
answer_D,C(area_label)[answer_D],2.55693823071359,2.4950639226262123,2.618812538800968
