area,term,estimate,ci_low,ci_high
answer_A,C(area_label)[answer_A],2.5063902319170275,2.4306692957420153,2.5821111680920397
answer_B,C(area_label)[answer_B],2.522226057774991,2.4465383862814942,2.5979137292684875
answer_C,C(area_label)[answer_C],2.50329328751747,2.427605616023973,2.578980959010967
answer_D,C(area_label)[answer_D],2.535357591185249,2.459661782489981,2.611053399880517
