area,term,estimate,ci_low,ci_high
answer_A,C(area_label)[answer_A],2.5567600071106265,2.5038036927282015,2.6097163214930514
answer_B,C(area_label)[answer_B],2.562922206534755,2.5099879052392384,2.6158565078302716
answer_C,C(area_label)[answer_C],2.5543998096716747,2.5014499197685804,2.607349699574769
answer_D,C(area_label)[answer_D],2.5626529388970627,2.5097055302420266,2.615600347552099
