area,term,estimate,ci_low,ci_high
answer_A,C(area_label)[answer_A],0.3857386108667,0.36943637210411673,0.4020408496292833
answer_B,C(area_label)[answer_B],0.3992132514863387,0.3829110127237554,0.415515490248922
answer_C,C(area_label)[answer_C],0.29284588813836476,0.27654364937578146,0.30914812690094806
answer_D,C(area_label)[answer_D],0.41025197962885096,0.39394974086626766,0.42655421839143426
