area_i,area_j,diff_i_minus_j,se,t,p_unc,ci_low,ci_high,p_adj_holm,sig
answer_A,answer_B,0.003315367146410564,0.011914871096049922,0.2782545543031255,0.7808169593978835,-0.020037351082284563,0.02666808537510569,0.7808169593978835,
answer_A,answer_C,-0.013996265649335593,0.01191487109604992,-1.1746888016250303,0.2401192411762504,-0.03734898387803072,0.00935645257935953,0.4802384823525008,
answer_A,answer_D,0.09417301684369095,0.011914871096049922,7.903821710241721,2.7047982514273547e-15,0.07082029861499582,0.11752573507238608,1.3523991257136774e-14,★
answer_B,answer_C,-0.017311632795746157,0.01191487109604992,-1.452943355928156,0.14623948184865318,-0.040664351024441284,0.0060410854329489665,0.4387184455459595,
answer_B,answer_D,0.09085764969728038,0.011914871096049922,7.625567155938596,2.4296378574572145e-14,0.06750493146858526,0.11421036792597551,9.718551429828858e-14,★
answer_C,answer_D,0.10816928249302654,0.01191487109604992,9.078510511866753,1.1007077355695342e-19,0.08481656426433141,0.13152200072172165,6.604246413417206e-19,★
