area_i,area_j,diff_i_minus_j,se,t,p_unc,ci_low,ci_high,p_adj_holm,sig
answer_A,answer_B,0.11834919438172592,0.006295998442047056,18.797525995455352,7.912182211094398e-79,0.1060092641885934,0.13068912457485843,3.164872884437759e-78,★
answer_A,answer_C,-0.038856766462760206,0.006295998442047056,-6.171660749351531,6.757637744070857e-10,-0.05119669665589273,-0.026516836269627687,2.0272913232212572e-09,★
answer_A,answer_D,-0.03433862470053778,0.006295998442047056,-5.454039580316836,4.923823472482453e-08,-0.0466785548936703,-0.02199869450740526,9.847646944964906e-08,★
answer_B,answer_C,-0.15720596084448613,0.006295998442047055,-24.969186744806887,1.3217847867348427e-137,-0.16954589103761863,-0.14486603065135362,7.930708720409056e-137,★
answer_B,answer_D,-0.1526878190822637,0.006295998442047056,-24.251565575772187,6.365418696880683e-130,-0.1650277492753962,-0.1403478888891312,3.1827093484403414e-129,★
answer_C,answer_D,0.004518141762222427,0.006295998442047055,0.7176211690346953,0.47299090141161504,-0.00782178843091009,0.016858071955354943,0.47299090141161504,
