area_i,area_j,diff_i_minus_j,se,t,p_unc,ci_low,ci_high,p_adj_holm,sig
answer_A,answer_B,-0.12601787101387468,0.0020386173594812477,-61.815362469954415,0.0,-0.13001348761671608,-0.12202225441103329,0.0,★
answer_A,answer_C,-0.16288134212056748,0.0020386173594812477,-79.89794718613342,0.0,-0.16687695872340888,-0.1588857255177261,0.0,★
answer_A,answer_D,-0.14955806510544706,0.0020386173594812477,-73.3624995440557,0.0,-0.15355368170828845,-0.14556244850260566,0.0,★
answer_B,answer_C,-0.0368634711066928,0.0020386173594812477,-18.082584716179003,4.3710395655371877e-73,-0.04085908770953419,-0.032867854503851414,1.3113118696611562e-72,★
answer_B,answer_D,-0.023540194091572375,0.0020386173594812494,-11.547137074101272,7.6320580516834815e-31,-0.02753581069441377,-0.01954457748873098,1.5264116103366963e-30,★
answer_C,answer_D,0.013323277015120427,0.0020386173594812477,6.535447642077719,6.341956610618881e-11,0.009327660412279037,0.017318893617961816,6.341956610618881e-11,★
