area_i,area_j,diff_i_minus_j,se,t,p_unc,ci_low,ci_high,p_adj_holm,sig
answer_A,answer_B,-0.013474640619638656,0.008195658694998682,-1.644119297923109,0.10015156249054938,-0.029537836491418612,0.0025885552521413002,0.20030312498109876,
answer_A,answer_C,0.09289272272833526,0.008195658694998682,11.334381553129111,8.8656127359633e-30,0.07682952685655531,0.10895591860011522,3.54624509438532e-29,★
answer_A,answer_D,-0.024513368762150933,0.008195658694998682,-2.9910187422897403,0.0027804842723181704,-0.04057656463393089,-0.008450172890370977,0.00834145281695451,★
answer_B,answer_C,0.10636736334797392,0.008195658694998682,12.97850085105222,1.62020820061016e-38,0.09030416747619396,0.12243055921975388,8.1010410030508e-38,★
answer_B,answer_D,-0.011038728142512277,0.008195658694998682,-1.3468994443666316,0.1780126205207322,-0.027101924014292234,0.005024467729267679,0.20030312498109876,
answer_C,answer_D,-0.1174060914904862,0.008195658694998682,-14.325400295418852,1.5185060683916786e-46,-0.13346928736226615,-0.10134289561870624,9.111036410350071e-46,★
