area,term,estimate,ci_low,ci_high
answer_A,C(area_label)[answer_A],0.34658481377328765,0.3375784404941642,0.3555911870524111
answer_B,C(area_label)[answer_B],0.47260268478716233,0.4635963115080389,0.48160905806628573
answer_C,C(area_label)[answer_C],0.5094661558938551,0.5004597826147317,0.5184725291729786
answer_D,C(area_label)[answer_D],0.4961428788787347,0.4871365055996113,0.5051492521578581
