area,term,estimate,ci_low,ci_high
answer_A,C(area_label)[answer_A],0.41698344439595625,0.4033747117025707,0.4305921770893418
answer_B,C(area_label)[answer_B],0.29863425001423033,0.2850255173208448,0.31224298270761586
answer_C,C(area_label)[answer_C],0.45584021085871645,0.4422314781653309,0.469448943552102
answer_D,C(area_label)[answer_D],0.451322069096494,0.4377133364031085,0.46493080178987956
