area,term,estimate,ci_low,ci_high
answer_A,C(area_label)[answer_A],0.3710180904383643,0.3482594511323806,0.393776729744348
answer_B,C(area_label)[answer_B],0.36770272329195375,0.34494408398597004,0.39046136259793746
answer_C,C(area_label)[answer_C],0.3850143560876999,0.3622557167817162,0.4077729953936836
answer_D,C(area_label)[answer_D],0.27684507359467336,0.25408643428868966,0.29960371290065707
