area_i,area_j,diff_i_minus_j,se,t,p_unc,ci_low,ci_high,p_adj_holm,sig
answer_A,answer_B,0.0013715640539495588,0.0016760321060980189,0.8183399643475243,0.4131630921571219,-0.0019133985109353728,0.00465652661883449,1.0,
answer_A,answer_C,0.0019123412428845299,0.001677080327128492,1.1402800521540033,0.25416964565919586,-0.0013746757974679663,0.005199358283237026,1.0,
answer_A,answer_D,0.0009065224063138366,0.0016748261944771517,0.5412635706935759,0.5883259260447785,-0.0023760766152256573,0.0041891214278533305,1.0,
answer_B,answer_C,0.0005407771889349711,0.0016895934652345795,0.3200634945992116,0.7489201982596825,-0.0027707651514390324,0.0038523195293089746,1.0,
answer_B,answer_D,-0.0004650416476357222,0.0016875736297038415,-0.2755682119288236,0.7828797278077744,-0.003772625183114785,0.0028425418878433406,1.0,
answer_C,answer_D,-0.0010058188365706933,0.0016884820321343707,-0.5956941308396757,0.5513795797842738,-0.004315182808097062,0.0023035451349556757,1.0,
