area,term,estimate,ci_low,ci_high
answer_A,C(area_label)[answer_A],2.47889469319985,2.4289168534097474,2.5288725329899524
answer_B,C(area_label)[answer_B],2.4831236492443014,2.4331578675778003,2.5330894309108025
answer_C,C(area_label)[answer_C],2.4779625435344803,2.427984727208248,2.5279403598607124
answer_D,C(area_label)[answer_D],2.4841546281927567,2.4341791222081794,2.534130134177334
