area_i,area_j,diff_i_minus_j,se,t,p_unc,ci_low,ci_high,p_adj_holm,sig
answer_A,answer_B,-0.004228956044451504,0.004405828288844631,-0.9598549392310726,0.337128227460335,-0.012864220812654715,0.004406308723751707,1.0,
answer_A,answer_C,0.000932149665369586,0.004435748556520224,0.21014483880052098,0.8335546304237591,-0.007761757749885585,0.009626057080624757,1.0,
answer_A,answer_D,-0.0052599349929067785,0.004426145339917228,-1.1883782815421833,0.23468440904631316,-0.013935020449484341,0.0034151504636707845,1.0,
answer_B,answer_C,0.00516110570982109,0.004405177992162777,1.1715998125395113,0.2413577633765318,-0.003472884500306422,0.013795095919948602,1.0,
answer_B,answer_D,-0.0010309789484552745,0.004396952419743604,-0.2344758027914692,0.8146156162151228,-0.00964884733288898,0.007586889435978432,1.0,
answer_C,answer_D,-0.0061920846582763645,0.004425929386523932,-1.399047322609805,0.16179879269985264,-0.014866746853980728,0.0024825775374279994,0.9707927561991159,
