area,term,estimate,ci_low,ci_high
answer_A,C(area_label)[answer_A],2.4599944075681153,2.4110857447442307,2.508903070392
answer_B,C(area_label)[answer_B],2.4586228435141657,2.4097121106243873,2.507533576403944
answer_C,C(area_label)[answer_C],2.4580820663252307,2.4091712083428605,2.506992924307601
answer_D,C(area_label)[answer_D],2.4590878851618014,2.410177329274913,2.5079984410486897
