area_i,area_j,diff_i_minus_j,se,t,p_unc,ci_low,ci_high,p_adj_holm,sig
answer_A,answer_B,0.002221707102814996,0.005712950883667492,0.38888958579471394,0.6973578263237522,-0.008975470874619565,0.013418885080249557,1.0,
answer_A,answer_C,-0.0035194939055571695,0.005699905452474024,-0.6174653132236686,0.5369278535310646,-0.014691103307689737,0.007652115496575398,1.0,
answer_A,answer_D,0.011977685554807938,0.005715967374747352,2.0954782925676434,0.036128496148984654,0.0007745953634971658,0.02318077574611871,0.18064248074492328,
answer_B,answer_C,-0.005741201008372165,0.005690478905928705,-1.0089135032889085,0.3130161186160997,-0.01689433471877732,0.005411932702032987,0.939048355848299,
answer_B,answer_D,0.009755978451992942,0.005706322819486116,1.7096786776026665,0.08732530775487825,-0.001428208758358902,0.020940165662344787,0.349301231019513,
answer_C,answer_D,0.015497179460365107,0.005693650213819496,2.7218355322830887,0.006492044319667433,0.004337830100710118,0.026656528820020096,0.038952265918004596,★
