area,term,estimate,ci_low,ci_high
answer_A,C(area_label)[answer_A],2.4865898819764176,2.4269699538224954,2.54620981013034
answer_B,C(area_label)[answer_B],2.4656710091960465,2.4060558513332624,2.5252861670588307
answer_C,C(area_label)[answer_C],2.4838745945013567,2.4242419123607313,2.543507276641982
answer_D,C(area_label)[answer_D],2.492691548102912,2.433080923512691,2.552302172693133
