area,term,estimate,ci_low,ci_high
answer_A,C(area_label)[answer_A],2.4505685642430097,2.3999170241992207,2.5012201042867988
answer_B,C(area_label)[answer_B],2.4483468571401947,2.3976981594960147,2.4989955547843747
answer_C,C(area_label)[answer_C],2.454088058148567,2.4034470298942257,2.504729086402908
answer_D,C(area_label)[answer_D],2.438590878688202,2.387941058429541,2.4892406989468627
