area_i,area_j,diff_i_minus_j,se,t,p_unc,ci_low,ci_high,p_adj_holm,sig
answer_A,answer_B,0.02091887278037108,0.008326702780996665,2.512263657123978,0.011995942730516287,0.004598835219648104,0.037238910341094056,0.05997971365258144,
answer_A,answer_C,0.00271528747506089,0.008347524936538118,0.3252805467134038,0.7449687524954787,-0.01364556076060382,0.0190761357107256,0.9268739510937785,
answer_A,answer_D,-0.006101666126494543,0.008321976575617472,-0.733199146987723,0.46343697554688923,-0.02241244049489076,0.010209108241901674,0.9268739510937785,
answer_B,answer_C,-0.018203585305310188,0.008338302000254252,-2.1831285679932346,0.029026343301454725,-0.034546356918026815,-0.0018608136925935617,0.1161053732058189,
answer_B,answer_D,-0.02702053890686562,0.008314082767877736,-3.2499723254214032,0.0011541623959320862,-0.04331584169639107,-0.010725236117340171,0.0069249743755925176,★
answer_C,answer_D,-0.008816953601555433,0.008333655840123666,-1.0579934869766108,0.29005841172591273,-0.025150618907749705,0.007516711704638839,0.8701752351777382,
