area_i,area_j,diff_i_minus_j,se,t,p_unc,ci_low,ci_high,p_adj_holm,sig
answer_A,answer_B,-0.1360704087681,0.002861300484054831,-47.55544184414728,0.0,-0.14167845466579448,-0.13046236287040552,0.0,★
answer_A,answer_C,-0.1744474456391285,0.00286130048405483,-60.96788736844377,0.0,-0.180055491536823,-0.16883939974143403,0.0,★
answer_A,answer_D,-0.16121894689050198,0.00286130048405483,-56.344640414009945,0.0,-0.16682699278819646,-0.1556109009928075,0.0,★
answer_B,answer_C,-0.0383770368710285,0.002861300484054831,-13.412445524296455,5.112473395188445e-41,-0.043985082768723,-0.03276899097333401,1.5337420185565335e-40,★
answer_B,answer_D,-0.025148538122401976,0.0028613004840548333,-8.789198569862625,1.5063062363693068e-18,-0.030756584020096473,-0.019540492224707478,3.0126124727386135e-18,★
answer_C,answer_D,0.013228498748626527,0.0028613004840548325,4.623246954433823,3.7777951799009094e-06,0.007620452850932032,0.01883654464632102,3.7777951799009094e-06,★
