area_i,area_j,diff_i_minus_j,se,t,p_unc,ci_low,ci_high,p_adj_holm,sig
answer_A,answer_B,-0.018856674589609435,0.013301139852647456,-1.4176735827536018,0.1562860861897613,-0.04492642965412885,0.00721308047490998,0.30935008424324556,
answer_A,answer_C,0.08592701272199532,0.013301139852647458,6.4601239949290825,1.0461722447600096e-10,0.059857257657475904,0.11199676778651474,4.1846889790400386e-10,★
answer_A,answer_D,-0.03778700110486832,0.013301139852647458,-2.8408844297165405,0.004498861289400075,-0.06385675616938774,-0.011717246040348905,0.013496583868200225,★
answer_B,answer_C,0.10478368731160476,0.013301139852647456,7.877797577682685,3.332019334085764e-15,0.07871393224708534,0.13085344237612417,1.666009667042882e-14,★
answer_B,answer_D,-0.01893032651525889,0.013301139852647456,-1.4232108469629392,0.15467504212162278,-0.045000081579778306,0.007139428549260526,0.30935008424324556,
answer_C,answer_D,-0.12371401382686364,0.013301139852647458,-9.301008424645623,1.3911986751921854e-20,-0.14978376889138306,-0.09764425876234423,8.347192051153112e-20,★
