area,term,estimate,ci_low,ci_high
answer_A,C(area_label)[answer_A],0.3840116945469386,0.3620805288910798,0.40594286020279746
answer_B,C(area_label)[answer_B],0.39394253110888533,0.3720113654530265,0.41587369676474417
answer_C,C(area_label)[answer_C],0.2865323951594992,0.26460122950364034,0.30846356081535803
answer_D,C(area_label)[answer_D],0.39978503074539906,0.3778538650895402,0.4217161964012579
