area_i,area_j,diff_i_minus_j,se,t,p_unc,ci_low,ci_high,p_adj_holm,sig
answer_A,answer_B,0.11316175940072998,0.008269060047891309,13.684960412107218,1.2487514122493098e-42,0.09695469952086395,0.129368819280596,4.995005648997239e-42,★
answer_A,answer_C,-0.035359700593524,0.008269060047891309,-4.276145098564265,1.901573113328462e-05,-0.051566760473390025,-0.019152640713657982,3.803146226656924e-05,★
answer_A,answer_D,-0.03838203814159674,0.008269060047891307,-4.641644626995368,3.456469595664183e-06,-0.05458909802146276,-0.022174978261730725,1.036940878699255e-05,★
answer_B,answer_C,-0.14852145999425398,0.008269060047891309,-17.961105510671484,3.929039548206804e-72,-0.16472851987412,-0.13231440011438797,1.964519774103402e-71,★
answer_B,answer_D,-0.15154379754232672,0.008269060047891309,-18.326605039102585,5.076160215607519e-75,-0.16775085742219273,-0.1353367376624607,3.0456961293645116e-74,★
answer_C,answer_D,-0.00302233754807274,0.008269060047891309,-0.3654995284311021,0.7147385587572626,-0.01922939742793876,0.01318472233179328,0.7147385587572626,
