area_i,area_j,diff_i_minus_j,se,t,p_unc,ci_low,ci_high,p_adj_holm,sig
answer_A,answer_B,-0.0043941400033837286,0.014703062802780933,-0.2988588202556424,0.7650477685530152,-0.0332116135592649,0.024423333552497446,0.8299739596151701,
answer_A,answer_C,-0.0163793281440342,0.014703062802780935,-1.1140079018730857,0.2652757967332745,-0.04519680169991538,0.012438145411846978,0.7958273901998235,
answer_A,answer_D,0.08573364644793213,0.014703062802780933,5.831005933792006,5.509422522813941e-09,0.05691617289205096,0.1145511200038133,2.2037690091255765e-08,★
answer_B,answer_C,-0.011985188140650471,0.014703062802780935,-0.8151490816174433,0.41498697980758503,-0.04080266169653165,0.016832285415230706,0.8299739596151701,
answer_B,answer_D,0.09012778645131586,0.014703062802780933,6.129864754047648,8.795380797377094e-10,0.06131031289543469,0.11894526000719703,4.397690398688547e-09,★
answer_C,answer_D,0.10211297459196633,0.014703062802780935,6.94501383566509,3.784232349339398e-12,0.07329550103608515,0.13093044814784752,2.270539409603639e-11,★
