area_i,area_j,diff_i_minus_j,se,t,p_unc,ci_low,ci_high,p_adj_holm,sig
answer_A,answer_B,-0.11525311924132092,0.002901339915990016,-39.72410078740926,0.0,-0.12093964098356982,-0.10956659749907202,0.0,★
answer_A,answer_C,-0.1504957896961922,0.002901339915990016,-51.87113335696102,0.0,-0.1561823114384411,-0.1448092679539433,0.0,★
answer_A,answer_D,-0.13707101945247757,0.002901339915990016,-47.2440401405725,0.0,-0.14275754119472647,-0.13138449771022867,0.0,★
answer_B,answer_C,-0.03524267045487128,0.002901339915990015,-12.147032569551763,5.948568492117955e-34,-0.04092919219712018,-0.02955614871262239,1.7845705476353865e-33,★
answer_B,answer_D,-0.02181790021115665,0.002901339915990015,-7.519939353163243,5.4801656839955214e-14,-0.027504421953405543,-0.016131378468907755,1.0960331367991043e-13,★
answer_C,answer_D,0.013424770243714634,0.002901339915990015,4.62709321638852,3.7083363381974205e-06,0.007738248501465739,0.01911129198596353,3.7083363381974205e-06,★
