area,term,estimate,ci_low,ci_high
answer_A,C(area_label)[answer_A],0.34400190235475714,0.33087320608124343,0.35713059862827085
answer_B,C(area_label)[answer_B],0.45925502159607806,0.44612632532256435,0.47238371786959177
answer_C,C(area_label)[answer_C],0.49449769205094934,0.48136899577743564,0.507626388324463
answer_D,C(area_label)[answer_D],0.4810729218072347,0.467944225533721,0.4942016180807484
