area_i,area_j,diff_i_minus_j,se,t,p_unc,ci_low,ci_high,p_adj_holm,sig
answer_A,answer_B,-0.00993083656194671,0.010398293273529449,-0.9550448617589268,0.33955501067775784,-0.03031111687874953,0.010449443754856111,0.6791100213555157,
answer_A,answer_C,0.09747929938743943,0.010398293273529449,9.374547997755448,6.947279570233089e-21,0.07709901907063661,0.11785957970424225,2.7789118280932354e-20,★
answer_A,answer_D,-0.01577333619846044,0.010398293273529449,-1.5169158806680363,0.1292879235681994,-0.03615361651526326,0.004606944118342379,0.3878637707045982,
answer_B,answer_C,0.10741013594938614,0.01039829327352945,10.329592859514374,5.177989301930522e-25,0.08702985563258332,0.12779041626618898,2.588994650965261e-24,★
answer_B,answer_D,-0.005842499636513732,0.01039829327352945,-0.5618710189091095,0.5742039005555091,-0.026222779953316556,0.014537780680289093,0.6791100213555157,
answer_C,answer_D,-0.11325263558589987,0.010398293273529449,-10.891463878423485,1.2658891843980448e-27,-0.1336329159027027,-0.09287235526909705,7.595335106388269e-27,★
