area,term,estimate,ci_low,ci_high
answer_A,C(area_label)[answer_A],2.5757133323179735,2.513516639600478,2.637910025035469
answer_B,C(area_label)[answer_B],2.5750776001148887,2.5128808600728094,2.637274340156968
answer_C,C(area_label)[answer_C],2.601421864325017,2.539232946853917,2.663610781796117
answer_D,C(area_label)[answer_D],2.5731090202488818,2.5108975819827575,2.635320458515006
