area,term,estimate,ci_low,ci_high
answer_A,C(area_label)[answer_A],2.522987406167704,2.447002658686776,2.598972153648632
answer_B,C(area_label)[answer_B],2.5356728192287563,2.459719962838636,2.6116256756188765
answer_C,C(area_label)[answer_C],2.5192368932858007,2.4432840368956805,2.595189749675921
answer_D,C(area_label)[answer_D],2.554159881829705,2.4781992329539473,2.630120530705463
