area_i,area_j,diff_i_minus_j,se,t,p_unc,ci_low,ci_high,p_adj_holm,sig
answer_A,answer_B,-0.016990142050473,0.005070250332269786,-3.350947376767306,0.0008053560501236916,-0.02692765009432402,-0.007052634006621979,0.004026780250618458,★
answer_A,answer_C,0.007699167497876136,0.005099144453512043,1.5098939769343707,0.1310704798145417,-0.002294971982974644,0.017693306978726918,0.2621409596290834,
answer_A,answer_D,-0.0025218664056114726,0.0050935245949558445,-0.495112246657039,0.6205208895507504,-0.012504991166093894,0.007461258354870949,0.6205208895507504,
answer_B,answer_C,0.024689309548349136,0.005055342188968116,4.883805808878124,1.040575599533179e-06,0.014781020928445748,0.03459759816825252,6.243453597199074e-06,★
answer_B,answer_D,0.014468275644861528,0.00505141109784364,2.8642047468751426,0.004180576900516748,0.004567691821982059,0.024368859467741,0.016722307602066992,★
answer_C,answer_D,-0.010221033903487609,0.005078300515275039,-2.0126878810625173,0.04414747511273753,-0.020174320016097883,-0.0002677477908773346,0.1324424253382126,
