area_i,area_j,diff_i_minus_j,se,t,p_unc,ci_low,ci_high,p_adj_holm,sig
answer_A,answer_B,0.012863471451836972,0.0014392626198637857,8.937542929485929,3.9791913394874636e-19,0.01004256855260919,0.015684374351064755,1.989595669743732e-18,★
answer_A,answer_C,0.01635023518689227,0.0014391404556905536,11.361111503912808,6.530836651083342e-30,0.013529571725044223,0.019170898648740317,3.9185019906500055e-29,★
answer_A,answer_D,0.012814880153329433,0.0014383786195865298,8.909253779796272,5.137718711851415e-19,0.009995709862807395,0.01563405044385147,2.055087484740566e-18,★
answer_B,answer_C,0.0034867637350552982,0.0014547634617849724,2.3967908368946063,0.01653936195005217,0.0006354797439319412,0.006338047726178655,0.04504430858011027,★
answer_B,answer_D,-4.859129850753874e-05,0.0014543081082065777,-0.033411969742409335,0.9733460645187645,-0.002898982813017011,0.0028018002160019335,0.9733460645187645,
answer_C,answer_D,-0.003535355033562837,0.001453668646977156,-2.432022621464982,0.015014769526703425,-0.006384493227093133,-0.0006862168400325408,0.04504430858011027,★
