area_i,area_j,diff_i_minus_j,se,t,p_unc,ci_low,ci_high,p_adj_holm,sig
answer_A,answer_B,0.0006357322030847712,0.006774732638915194,0.09383871467237237,0.9252372774954092,-0.012642499774077007,0.01391396418024655,1.0,
answer_A,answer_C,-0.025708532007043594,0.006760535098588969,-3.8027362674900353,0.00014310667759294505,-0.03895893731649692,-0.01245812669759027,0.0005724267103717802,★
answer_A,answer_D,0.00260431206909173,0.006805461051068967,0.3826797405126075,0.701957237811619,-0.010734146489193547,0.015942770627377006,1.0,
answer_B,answer_C,-0.026344264210128365,0.006731425026915859,-3.913623653949917,9.092130668280462e-05,-0.039537614827515014,-0.013150913592741717,0.0004546065334140231,★
answer_B,answer_D,0.0019685798660069587,0.006778920499551165,0.2903972492577983,0.7715123478563851,-0.011317860167173597,0.015255019899187514,1.0,
answer_C,answer_D,0.028312844076135324,0.006761988314623975,4.187059006727929,2.8259237658759993e-05,0.015059590515591633,0.04156609763667901,0.00016955542595255995,★
