area,term,estimate,ci_low,ci_high
answer_A,C(area_label)[answer_A],2.5721258195301195,2.5186536236809474,2.6255980153792917
answer_B,C(area_label)[answer_B],2.5891159615805925,2.5356637976022736,2.6425681255589115
answer_C,C(area_label)[answer_C],2.5644266520322434,2.5109602451461854,2.6178930589183014
answer_D,C(area_label)[answer_D],2.574647685935731,2.5211835854128744,2.6281117864585877
