area,term,estimate,ci_low,ci_high
answer_A,C(area_label)[answer_A],2.5630393785861023,2.511255803374379,2.614822953797826
answer_B,C(area_label)[answer_B],2.5501759071342653,2.498390166302545,2.6019616479659855
answer_C,C(area_label)[answer_C],2.54668914339921,2.494903432177413,2.5984748546210072
answer_D,C(area_label)[answer_D],2.550224498432773,2.4984388671921884,2.6020101296733573
