area_i,area_j,diff_i_minus_j,se,t,p_unc,ci_low,ci_high,p_adj_holm,sig
answer_A,answer_B,-0.012685413061052309,0.011049543479938959,-1.148048612513572,0.2509484961694193,-0.034342120327342046,0.008971294205237429,0.5018969923388386,
answer_A,answer_C,0.0037505128819033118,0.01104954347993894,0.3394269535852387,0.7342881164886318,-0.017906194384386388,0.02540722014819301,0.7342881164886318,
answer_A,answer_D,-0.031172475662001098,0.011072053059368286,-2.81541964212549,0.004871357793701906,-0.05287330089327946,-0.009471650430722737,0.02435678896850953,★
answer_B,answer_C,0.01643592594295562,0.010980135362008028,1.4968782625235184,0.1344249373138437,-0.005084743911954782,0.03795659579786602,0.4032748119415311,
answer_B,answer_D,-0.01848706260094879,0.011002674609230488,-1.6802335120807277,0.09291189146815168,-0.04005190856865386,0.0030777833667562787,0.3716475658726067,
answer_C,answer_D,-0.03492298854390441,0.011002674609230477,-3.1740453829841027,0.0015033018359271273,-0.05648783451160946,-0.013358142576199362,0.009019811015562764,★
