area_i,area_j,diff_i_minus_j,se,t,p_unc,ci_low,ci_high,p_adj_holm,sig
answer_A,answer_B,-0.005796335441177192,0.0029205062559369195,-1.984702285569214,0.047177604385819506,-0.011520422519437471,-7.224836291691225e-05,0.18871041754327803,
answer_A,answer_C,-0.0011303762710821452,0.0029390370023213335,-0.38460770319983806,0.7005280860343692,-0.006890782944862522,0.004630030402698232,0.8708505705462992,
answer_A,answer_D,-0.0080678461851873,0.002933874740542751,-2.749894558789102,0.005961444420642869,-0.013818135011802887,-0.002317557358571712,0.03576866652385721,★
answer_B,answer_C,0.0046659591700950465,0.0029166323983042786,1.5997762257622252,0.10964823473719094,-0.0010505352867240213,0.010382453626914114,0.32894470421157285,
answer_B,answer_D,-0.002271510744010108,0.0029124115378169574,-0.7799415414048091,0.4354252852731496,-0.007979732466290258,0.003436710978270042,0.8708505705462992,
answer_C,answer_D,-0.006937469914105154,0.0029300749731358835,-2.367676587701917,0.017900175522465332,-0.012680311333453653,-0.0011946284947566563,0.08950087761232667,
