area,term,estimate,ci_low,ci_high
answer_A,C(area_label)[answer_A],2.494261410045737,2.458749867283314,2.5297729528081603
answer_B,C(area_label)[answer_B],2.4909461676853955,2.455433359300366,2.526458976070425
answer_C,C(area_label)[answer_C],2.4886541982921813,2.4531413690222736,2.524167027562089
answer_D,C(area_label)[answer_D],2.491596320309993,2.456083593544234,2.5271090470757525
