area_i,area_j,diff_i_minus_j,se,t,p_unc,ci_low,ci_high,p_adj_holm,sig
answer_A,answer_B,0.0033152423603417525,0.0009882188852934042,3.354765234381703,0.000794323644862439,0.0013783689363243612,0.0052521157843591435,0.003971618224312195,★
answer_A,answer_C,0.005607211753555941,0.0009884922486396658,5.672489350596751,1.4073727205994786e-08,0.0036698025472251834,0.007544620959886698,8.444236323596872e-08,★
answer_A,answer_D,0.002665089735744086,0.000987552202912863,2.6986823864937914,0.006961458032979614,0.0007295229851816832,0.004600656486306489,0.02088437409893884,★
answer_B,answer_C,0.0022919693932141882,0.0009975598769916562,2.297575760691264,0.021585946552931036,0.0003367879618883353,0.004247150824540041,0.04317189310586207,★
answer_B,answer_D,-0.0006501526245976663,0.0009968121540178388,-0.6522318392458438,0.5142516232203223,-0.0026038685458244235,0.0013035632966290909,0.5142516232203223,
answer_C,answer_D,-0.0029421220178118546,0.000996849555961406,-2.951420302308648,0.003163161650786487,-0.004895911245500956,-0.0009883327901227539,0.012652646603145948,★
