area,term,estimate,ci_low,ci_high
answer_A,C(area_label)[answer_A],2.483412028695709,2.4372592806623303,2.5295647767290874
answer_B,C(area_label)[answer_B],2.481451361963281,2.4353065667905387,2.5275961571360233
answer_C,C(area_label)[answer_C],2.4783190750729553,2.4321673352065787,2.524470814939332
answer_D,C(area_label)[answer_D],2.491007216954502,2.4448627585055442,2.53715167540346
