area,term,estimate,ci_low,ci_high
answer_A,C(area_label)[answer_A],2.504938923298302,2.4687245520260643,2.5411532945705395
answer_B,C(area_label)[answer_B],2.510735258739479,2.474529558544642,2.546940958934316
answer_C,C(area_label)[answer_C],2.506069299569384,2.4698562624276623,2.542282336711106
answer_D,C(area_label)[answer_D],2.5130067694834892,2.4767950728008405,2.549218466166138
