area,term,estimate,ci_low,ci_high
answer_A,C(area_label)[answer_A],2.4878582386042107,2.4483936137360027,2.5273228634724187
answer_B,C(area_label)[answer_B],2.488886443173278,2.449422646717797,2.528350239628759
answer_C,C(area_label)[answer_C],2.49681231962559,2.457352819902651,2.5362718193485287
answer_D,C(area_label)[answer_D],2.4853881369163533,2.4459207266103493,2.5248555472223573
