area_i,area_j,diff_i_minus_j,se,t,p_unc,ci_low,ci_high,p_adj_holm,sig
answer_A,answer_B,0.001960666732427896,0.005989715197998952,0.3273388913521158,0.7434115801778569,-0.009778959333302249,0.01370029279815804,1.0,
answer_A,answer_C,0.005092953622753527,0.005999305374751457,0.8489238844529599,0.39592364755524945,-0.006665468844016902,0.016851376089523955,1.0,
answer_A,answer_D,-0.0075951882587932396,0.005992841412316233,-1.2673768144746715,0.20502058607994955,-0.01934094159199321,0.004150565074406729,0.8200823443197982,
answer_B,answer_C,0.0031322868903256307,0.005980951542057649,0.5237104611698657,0.6004799384392322,-0.008590162725386659,0.01485473650603792,1.0,
answer_B,answer_D,-0.009555854991221135,0.0059756118447707625,-1.5991425212103478,0.10978893845241114,-0.021267838992562783,0.0021561290101205118,0.5489446922620557,
answer_C,answer_D,-0.012688141881546766,0.005984078239785237,-2.120316842983345,0.03397933419748261,-0.024416719712195674,-0.0009595640508978601,0.20387600518489563,
