area_i,area_j,diff_i_minus_j,se,t,p_unc,ci_low,ci_high,p_adj_holm,sig
answer_A,answer_B,-0.0010282045690672703,0.003861799181896794,-0.2662501390251599,0.7900465707428133,-0.008597191881111231,0.006540782742976691,1.0,
answer_A,answer_C,-0.008954081021379068,0.0038533687431072487,-2.3237020950553378,0.02014146610622504,-0.01650654497702165,-0.0014016170657364848,0.1007073305311252,
answer_A,answer_D,0.00247010168785744,0.0038699493184049033,0.6382775288839065,0.5232930370148683,-0.0051148595982115005,0.01005506297392638,1.0,
answer_B,answer_C,-0.007925876452311797,0.0038428392652038105,-2.0625053262256174,0.039159650994029585,-0.015457703010487631,-0.00039404989413596367,0.15663860397611834,
answer_B,answer_D,0.0034983062569247103,0.0038600155000642054,0.906293318476706,0.36478062106732734,-0.004067185102967499,0.01106379761681692,1.0,
answer_C,answer_D,0.011424182709236508,0.0038510217347262296,2.9665329089732224,0.0030117812732407593,0.003876318805492136,0.01897204661298088,0.018070687639444555,★
